id,lexeme,de,ru,source,license
ab:t11572465,ab,Wie stelle ich das ab?,Как мне это выключить?,tatoeba,CC BY 2.0 FR
ab:t13506211,ab,Sie nimmt noch immer nicht ab.,Она так и не снимает трубку.,tatoeba,CC BY 2.0 FR
ab:t13453296,ab,Das Leben ist ein Auf und Ab.,Жизнь - это взлёты и падения.,tatoeba,CC BY 2.0 FR
ab-adj:t11572465,ab-adj,Wie stelle ich das ab?,Как мне это выключить?,tatoeba,CC BY 2.0 FR
ab-adj:t13506211,ab-adj,Sie nimmt noch immer nicht ab.,Она так и не снимает трубку.,tatoeba,CC BY 2.0 FR
ab-adj:t13453296,ab-adj,Das Leben ist ein Auf und Ab.,Жизнь - это взлёты и падения.,tatoeba,CC BY 2.0 FR
ab-adv:t11572465,ab-adv,Wie stelle ich das ab?,Как мне это выключить?,tatoeba,CC BY 2.0 FR
ab-adv:t13506211,ab-adv,Sie nimmt noch immer nicht ab.,Она так и не снимает трубку.,tatoeba,CC BY 2.0 FR
ab-adv:t13453296,ab-adv,Das Leben ist ein Auf und Ab.,Жизнь - это взлёты и падения.,tatoeba,CC BY 2.0 FR
aber:t3540502,aber,„Das kann nicht sein!“ – „Aber so ist es!“,«Быть не может!» — «Но это так!»,tatoeba,CC BY 2.0 FR
aber:t7432347,aber,„Das kann nicht sein!“ – „Es ist aber so!“,«Этого не может быть!» — «Но это так!»,tatoeba,CC BY 2.0 FR
aber:t2937081,aber,Aber ich will nicht!,Но я не хочу.,tatoeba,CC BY 2.0 FR
aber-adv:t3540502,aber-adv,„Das kann nicht sein!“ – „Aber so ist es!“,«Быть не может!» — «Но это так!»,tatoeba,CC BY 2.0 FR
aber-adv:t7432347,aber-adv,„Das kann nicht sein!“ – „Es ist aber so!“,«Этого не может быть!» — «Но это так!»,tatoeba,CC BY 2.0 FR
aber-adv:t2937081,aber-adv,Aber ich will nicht!,Но я не хочу.,tatoeba,CC BY 2.0 FR
abfahren:t10086496,abfahren,Sie kann morgen abfahren.,Она может завтра уехать.,tatoeba,CC BY 2.0 FR
abfahren:t1070879,abfahren,Der Zug ist abgefahren.,Поезд ушёл.,tatoeba,CC BY 2.0 FR
abfahren:t8841332,abfahren,Er kann morgen abfahren.,Он может уехать завтра.,tatoeba,CC BY 2.0 FR
abfahrt:t3058729,abfahrt,Wechsle das Geld vor der Abfahrt!,Обменяй деньги ещё до поездки.,tatoeba,CC BY 2.0 FR
abfahrt:t3061015,abfahrt,Ich bin drei Minuten vor Abfahrt des Zuges am Bahnhof angekommen.,Я попал на вокзал за три минуты до отхода поезда.,tatoeba,CC BY 2.0 FR
abfliegen:t1826003,abfliegen,"Ich sehe gerne zu, wie Flugzeuge abfliegen.",Мне нравится смотреть на взлетающие самолёты.,tatoeba,CC BY 2.0 FR
abfliegen:t2858658,abfliegen,"Als ich am Flughafen ankam, war die Maschine bereits abgeflogen.","Когда я добрался до аэропорта, самолёт уже улетел.",tatoeba,CC BY 2.0 FR
abfliegen:t5277715,abfliegen,Das Flugzeug ist um zehn Uhr morgens in Narita abgeflogen.,Самолёт вылетел из Нариты в десять утра.,tatoeba,CC BY 2.0 FR
abflug:t6592343,abflug,Wir kamen zwei Stunden vor Abflug am Flughafen an.,Мы приехали в аэропорт за два часа до вылета.,tatoeba,CC BY 2.0 FR
abgeben:t11148638,abgeben,Sie können eine Bewertung abgeben.,Вы можете оставить отзыв.,tatoeba,CC BY 2.0 FR
abgeben:t2420160,abgeben,Möchten Sie eine Erklärung abgeben?,Вы хотите сделать заявление?,tatoeba,CC BY 2.0 FR
abgeben:t2420161,abgeben,Ich möchte eine Erklärung abgeben.,Я хочу сделать заявление.,tatoeba,CC BY 2.0 FR
abholen:t13710947,abholen,Ich werde die Kinder abholen.,Я пойду за детьми.,tatoeba,CC BY 2.0 FR
abholen:t13710949,abholen,Ich gehe die Kinder abholen.,Я пойду за детьми.,tatoeba,CC BY 2.0 FR
abholen:t2601707,abholen,Wann soll ich dich abholen?,Во сколько мне тебя забрать?,tatoeba,CC BY 2.0 FR
achtung:t541952,achtung,Achtung vor dem Hund!,Берегись собаки!,tatoeba,CC BY 2.0 FR
achtung:t601775,achtung,"Achtung, da kommt ein Auto!","Осторожно, там машина!",tatoeba,CC BY 2.0 FR
achtung:t7480009,achtung,Achtung! Die Türen schließen!,"Осторожно, двери закрываются!",tatoeba,CC BY 2.0 FR
adresse:t10874233,adresse,Wessen Adresse ist das?,Чей это адрес?,tatoeba,CC BY 2.0 FR
adresse:t3103888,adresse,Hier ist die Adresse.,Вот адрес.,tatoeba,CC BY 2.0 FR
adresse:t7463829,adresse,Ich habe die Adresse falsch geschrieben.,Я неправильно написала адрес.,tatoeba,CC BY 2.0 FR
allein:t10125006,allein,Ich lebe nicht allein.,Я живу не один.,tatoeba,CC BY 2.0 FR
allein:t10246442,allein,Ich bin so allein.,Я так одинок.,tatoeba,CC BY 2.0 FR
allein:t10458648,allein,Ich möchte allein leben.,Я хотела бы жить одна.,tatoeba,CC BY 2.0 FR
allein-adv:t10125006,allein-adv,Ich lebe nicht allein.,Я живу не один.,tatoeba,CC BY 2.0 FR
allein-adv:t10246442,allein-adv,Ich bin so allein.,Я так одинок.,tatoeba,CC BY 2.0 FR
allein-adv:t10458648,allein-adv,Ich möchte allein leben.,Я хотела бы жить одна.,tatoeba,CC BY 2.0 FR
allein-conj:t10125006,allein-conj,Ich lebe nicht allein.,Я живу не один.,tatoeba,CC BY 2.0 FR
allein-conj:t10246442,allein-conj,Ich bin so allein.,Я так одинок.,tatoeba,CC BY 2.0 FR
allein-conj:t10458648,allein-conj,Ich möchte allein leben.,Я хотела бы жить одна.,tatoeba,CC BY 2.0 FR
also:t12670020,also,Also machen wir weiter.,"Итак, мы продолжаем.",tatoeba,CC BY 2.0 FR
also:t12670021,also,"Also, machen wir weiter.","Что ж, продолжим.",tatoeba,CC BY 2.0 FR
also:t10477432,also,"Ich will, also kann ich!",Хочу - значит могу!,tatoeba,CC BY 2.0 FR
also-adv:t12670020,also-adv,Also machen wir weiter.,"Итак, мы продолжаем.",tatoeba,CC BY 2.0 FR
also-adv:t12670021,also-adv,"Also, machen wir weiter.","Что ж, продолжим.",tatoeba,CC BY 2.0 FR
also-adv:t10477432,also-adv,"Ich will, also kann ich!",Хочу - значит могу!,tatoeba,CC BY 2.0 FR
alt:t10116792,alt,Wie alt war sie?,Сколько ей было?,tatoeba,CC BY 2.0 FR
alt:t1037330,alt,Wie alt er ist!,Какой он старый!,tatoeba,CC BY 2.0 FR
alt:t1169,alt,Wie alt sind Sie?,Сколько Вам лет?,tatoeba,CC BY 2.0 FR
alter:t1306714,alter,Ich bin ein alter Mann.,Я старый человек.,tatoeba,CC BY 2.0 FR
alter:t5296881,alter,Ich bin eine alte Frau.,Я пожилая женщина.,tatoeba,CC BY 2.0 FR
alter:t1284425,alter,Er sieht alt aus für sein Alter.,Он выглядит старым для своего возраста.,tatoeba,CC BY 2.0 FR
an:t1935366,an,Sieh sie nicht an!,Не смотри на неё!,tatoeba,CC BY 2.0 FR
an:t2668014,an,Sie sieht Sie an.,Она смотрит на вас.,tatoeba,CC BY 2.0 FR
an:t1935367,an,Sehen Sie sie nicht an!,Не смотрите на неё!,tatoeba,CC BY 2.0 FR
an-adj:t1935366,an-adj,Sieh sie nicht an!,Не смотри на неё!,tatoeba,CC BY 2.0 FR
an-adj:t2668014,an-adj,Sie sieht Sie an.,Она смотрит на вас.,tatoeba,CC BY 2.0 FR
an-adj:t1935367,an-adj,Sehen Sie sie nicht an!,Не смотрите на неё!,tatoeba,CC BY 2.0 FR
an-adv:t1935366,an-adv,Sieh sie nicht an!,Не смотри на неё!,tatoeba,CC BY 2.0 FR
an-adv:t2668014,an-adv,Sie sieht Sie an.,Она смотрит на вас.,tatoeba,CC BY 2.0 FR
an-adv:t1935367,an-adv,Sehen Sie sie nicht an!,Не смотрите на неё!,tatoeba,CC BY 2.0 FR
anbieten:t9398816,anbieten,Können Sie eine Lösung anbieten?,Вы можете предложить какое-то решение?,tatoeba,CC BY 2.0 FR
anbieten:t1976920,anbieten,Ich möchte dir Arbeit anbieten.,Я хочу предложить тебе работу.,tatoeba,CC BY 2.0 FR
anbieten:t13672430,anbieten,Aber ich habe es dir angeboten!,А я тебе предлагал!,tatoeba,CC BY 2.0 FR
ander:t13200441,ander,Wie geht es den anderen?,Как дела у остальных?,tatoeba,CC BY 2.0 FR
ander:t12267692,ander,Sie sagt das eine und macht das andere.,"Она говорит одно, а делает другое.",tatoeba,CC BY 2.0 FR
ander:t12267699,ander,Er sagt das eine und macht das andere.,"Он говорит одно, а делает другое.",tatoeba,CC BY 2.0 FR
anfang:t1948702,anfang,Das ist ein guter Anfang.,Это хорошее начало.,tatoeba,CC BY 2.0 FR
anfang:t2106576,anfang,Das ist nur ein Anfang.,Это только начало.,tatoeba,CC BY 2.0 FR
anfang:t3400303,anfang,Das ist nur der Anfang.,Это лишь начало.,tatoeba,CC BY 2.0 FR
anfangen:t12003322,anfangen,Ich muss neu anfangen.,Мне надо начать сначала.,tatoeba,CC BY 2.0 FR
anfangen:t13311906,anfangen,Wir müssen schon anfangen.,Нам уже надо начинать.,tatoeba,CC BY 2.0 FR
anfangen:t13622671,anfangen,Sie können schon anfangen.,Можете уже начинать.,tatoeba,CC BY 2.0 FR
angebot:t2510431,angebot,Ich nehme das Angebot an.,Я принимаю предложение.,tatoeba,CC BY 2.0 FR
angebot:t11327350,angebot,Er nahm das Angebot dankend an.,Он с благодарностью принял предложение.,tatoeba,CC BY 2.0 FR
angebot:t355170,angebot,Er nahm unser Angebot dankend an.,Он с благодарностью принял наше предложение.,tatoeba,CC BY 2.0 FR
anklicken:t6794248,anklicken,Das Foto vom gefrorenen Hasen wurde aus unerfindlichen Gründen millionenfach angeklickt.,По неясной причине на ту фотографию с замёрзшим зайцем кликали миллионы раз.,tatoeba,CC BY 2.0 FR
ankommen:t10659367,ankommen,Die sind schon angekommen.,Они уже приехали.,tatoeba,CC BY 2.0 FR
ankommen:t13762113,ankommen,Wir sind schon angekommen.,Мы уже пришли.,tatoeba,CC BY 2.0 FR
ankommen:t13762114,ankommen,Sie sind schon angekommen.,Они уже пришли.,tatoeba,CC BY 2.0 FR
ankunft:t13425131,ankunft,Ich bleibe bis zu ihrer Ankunft.,Я останусь до её приезда.,tatoeba,CC BY 2.0 FR
ankunft:t13425125,ankunft,Ich werde bis zu ihrer Ankunft bleiben.,Я останусь до её приезда.,tatoeba,CC BY 2.0 FR
ankunft:t13650550,ankunft,Er wird bis zu meiner Ankunft bleiben.,Он останется до моего приезда.,tatoeba,CC BY 2.0 FR
anmachen:t8077363,anmachen,Soll ich das Licht anmachen?,"Хотите, чтобы я включил свет?",tatoeba,CC BY 2.0 FR
anmachen:t6910415,anmachen,Könnten Sie bitte das Licht anmachen?,Не могли бы Вы включить свет?,tatoeba,CC BY 2.0 FR
anmachen:t3427893,anmachen,"Hör auf, mich anzumachen!",Прекрати со мной флиртовать!,tatoeba,CC BY 2.0 FR
anmeldung:t13925449,anmeldung,Holen Sie sich einen Stempel an der Anmeldung.,Поставьте печать в регистратуре.,tatoeba,CC BY 2.0 FR
anrede:t12226877,anrede,Kann ich dich mit Vornamen anreden?,Можно мне обращаться к тебе просто по имени?,tatoeba,CC BY 2.0 FR
anrede:t12226878,anrede,Darf ich dich mit Vornamen anreden?,Можно мне обращаться к тебе просто по имени?,tatoeba,CC BY 2.0 FR
anrede:t10656874,anrede,Wie sollte man einen Nichtbinären anreden?,Как обращаться к небинарной личности?,tatoeba,CC BY 2.0 FR
anruf:t12159925,anruf,Soll ich sie anrufen?,"Хотите, я ей позвоню?",tatoeba,CC BY 2.0 FR
anruf:t12221258,anruf,Ich muss Kunden anrufen.,Мне надо позвонить клиентам.,tatoeba,CC BY 2.0 FR
anruf:t12339975,anruf,Ich werde sie anrufen.,Я ей позвоню.,tatoeba,CC BY 2.0 FR
anrufen:t12159925,anrufen,Soll ich sie anrufen?,"Хотите, я ей позвоню?",tatoeba,CC BY 2.0 FR
anrufen:t12221258,anrufen,Ich muss Kunden anrufen.,Мне надо позвонить клиентам.,tatoeba,CC BY 2.0 FR
anrufen:t12339975,anrufen,Ich werde sie anrufen.,Я ей позвоню.,tatoeba,CC BY 2.0 FR
ansage:t7446175,ansage,Der Brückeneinsturz kam mit Ansage.,Обрушение моста не было неожиданным.,tatoeba,CC BY 2.0 FR
antwort:t1104165,antwort,Die Antwort war leicht.,Ответ был лёгкий.,tatoeba,CC BY 2.0 FR
antwort:t1246622,antwort,Die Antwort ist richtig.,Ответ правильный.,tatoeba,CC BY 2.0 FR
antwort:t12822733,antwort,Er bekam keine Antwort.,Он не получил ответа.,tatoeba,CC BY 2.0 FR
antworten:t10350213,antworten,Ich habe nicht geantwortet.,Я не ответил.,tatoeba,CC BY 2.0 FR
antworten:t1104165,antworten,Die Antwort war leicht.,Ответ был лёгкий.,tatoeba,CC BY 2.0 FR
antworten:t11965135,antworten,Was antwortete der Junge?,Что ответил мальчик?,tatoeba,CC BY 2.0 FR
anzeige:t13646015,anzeige,Hast du die Anzeige gelesen?,Ты прочёл объявление?,tatoeba,CC BY 2.0 FR
anzeige:t2495930,anzeige,Die Anzeigen sind der wahrhaftigste Teil einer Zeitung.,Объявления — самая правдивая часть газеты.,tatoeba,CC BY 2.0 FR
anzeige:t2475015,anzeige,"Bitte unterlassen Sie das Rauchen, solange diese Anzeige leuchtet.","Пожалуйста, воздержитесь от курения, пока это объявление не погаснет.",tatoeba,CC BY 2.0 FR
apartment:t5840974,apartment,Wir warten auf dich in Brendas Apartment.,Мы ждём тебя в квартире Бренды.,tatoeba,CC BY 2.0 FR
apartment:t7361527,apartment,Jedes Apartment ist mit einer eigenen Freitreppe erreichbar.,В каждую квартиру можно попасть по отдельной лестнице.,tatoeba,CC BY 2.0 FR
apfel:t10253251,apfel,Ist das ein Apfel?,Это яблоко?,tatoeba,CC BY 2.0 FR
apfel:t1063532,apfel,Wo sind die Äpfel?,Где яблоки?,tatoeba,CC BY 2.0 FR
apfel:t12072290,apfel,Die mögen keine Äpfel.,Они не любят яблоки.,tatoeba,CC BY 2.0 FR
appetit:t1010124,appetit,Ich hatte großen Appetit.,У меня был зверский аппетит.,tatoeba,CC BY 2.0 FR
appetit:t13631673,appetit,Ich habe Appetit bekommen.,У меня разыгрался аппетит.,tatoeba,CC BY 2.0 FR
appetit:t3400118,appetit,Essen Sie mit Appetit!,Ешьте с аппетитом.,tatoeba,CC BY 2.0 FR
arbeit:t11296430,arbeit,Keine Arbeit ist einfach.,Лёгкой работы не бывает.,tatoeba,CC BY 2.0 FR
arbeit:t12407478,arbeit,Arbeiten Sie dort noch?,Вы до сих пор там работаете?,tatoeba,CC BY 2.0 FR
arbeit:t13421088,arbeit,Sie will nicht arbeiten.,Она не хочет работать.,tatoeba,CC BY 2.0 FR
arbeiten:t11296430,arbeiten,Keine Arbeit ist einfach.,Лёгкой работы не бывает.,tatoeba,CC BY 2.0 FR
arbeiten:t12407478,arbeiten,Arbeiten Sie dort noch?,Вы до сих пор там работаете?,tatoeba,CC BY 2.0 FR
arbeiten:t13421088,arbeiten,Sie will nicht arbeiten.,Она не хочет работать.,tatoeba,CC BY 2.0 FR
arbeitslos:t1371903,arbeitslos,Ich bin auch arbeitslos.,Я тоже безработный.,tatoeba,CC BY 2.0 FR
arbeitslos:t5680833,arbeitslos,Ich bin nicht arbeitslos,Я не безработный.,tatoeba,CC BY 2.0 FR
arbeitslos:t4822197,arbeitslos,Ich bin immer noch arbeitslos.,Я по-прежнему безработный.,tatoeba,CC BY 2.0 FR
arbeitsplatz:t13668832,arbeitsplatz,Er ist an den Arbeitsplatz zurückgekehrt.,Он вернулся на рабочее место.,tatoeba,CC BY 2.0 FR
arbeitsplatz:t13813367,arbeitsplatz,Warum waren Sie nicht am Arbeitsplatz?,Почему Вас не было на рабочем месте?,tatoeba,CC BY 2.0 FR
arbeitsplatz:t13813365,arbeitsplatz,Warum waren Sie nicht an Ihrem Arbeitsplatz?,Почему Вас не было на рабочем месте?,tatoeba,CC BY 2.0 FR
arm:t13548274,arm,Arm sein ist teuer.,Быть бедным дорого.,tatoeba,CC BY 2.0 FR
arm:t2260946,arm,Sie hilft den Armen.,Она помогает бедным.,tatoeba,CC BY 2.0 FR
arm:t2730852,arm,Ich bin nicht arm.,Я не беден.,tatoeba,CC BY 2.0 FR
arzt:t10060344,arzt,Ich wollte Arzt werden.,Я хотел стать врачом.,tatoeba,CC BY 2.0 FR
arzt:t1070206,arzt,Ich will Arzt werden.,Я хочу стать врачом.,tatoeba,CC BY 2.0 FR
arzt:t1195798,arzt,Ich bin kein Arzt.,Я не доктор.,tatoeba,CC BY 2.0 FR
auch:t2980725,auch,Er hat auch einen.,У него тоже такой есть.,tatoeba,CC BY 2.0 FR
auch:t2980726,auch,Er hat auch eine.,У него тоже такая есть.,tatoeba,CC BY 2.0 FR
auch:t916845,auch,Er kommt auch nicht.,Он тоже не придёт.,tatoeba,CC BY 2.0 FR
auf:t8456921,auf,Wir haben noch nicht auf.,Мы ещё не открылись.,tatoeba,CC BY 2.0 FR
auf:t2478957,auf,Er stand auf und ging.,Он встал и вышел.,tatoeba,CC BY 2.0 FR
auf:t519199,auf,Ich stehe um 7 Uhr auf.,Я встаю в семь часов.,tatoeba,CC BY 2.0 FR
auf-adj:t8456921,auf-adj,Wir haben noch nicht auf.,Мы ещё не открылись.,tatoeba,CC BY 2.0 FR
auf-adj:t2478957,auf-adj,Er stand auf und ging.,Он встал и вышел.,tatoeba,CC BY 2.0 FR
auf-adj:t519199,auf-adj,Ich stehe um 7 Uhr auf.,Я встаю в семь часов.,tatoeba,CC BY 2.0 FR
auf-adv:t8456921,auf-adv,Wir haben noch nicht auf.,Мы ещё не открылись.,tatoeba,CC BY 2.0 FR
auf-adv:t2478957,auf-adv,Er stand auf und ging.,Он встал и вышел.,tatoeba,CC BY 2.0 FR
auf-adv:t519199,auf-adv,Ich stehe um 7 Uhr auf.,Я встаю в семь часов.,tatoeba,CC BY 2.0 FR
aufgabe:t5319050,aufgabe,Die Aufgabe war leicht.,Задание было лёгким.,tatoeba,CC BY 2.0 FR
aufgabe:t9942384,aufgabe,Die Aufgabe ist einfach.,Задача проста.,tatoeba,CC BY 2.0 FR
aufgabe:t2902038,aufgabe,Das ist Aufgabe der Polizei.,Это обязанность полиции.,tatoeba,CC BY 2.0 FR
aufhoeren:t11837202,aufhoeren,Wann hat es aufgehört?,Когда это закончилось?,tatoeba,CC BY 2.0 FR
aufhoeren:t1206734,aufhoeren,Hat der Regen aufgehört?,Дождь перестал?,tatoeba,CC BY 2.0 FR
aufhoeren:t2869869,aufhoeren,Sie wollen nicht aufhören.,Они не хотят останавливаться.,tatoeba,CC BY 2.0 FR
aufstehen:t1107725,aufstehen,Sind Sie spät aufgestanden?,Вы поздно встали?,tatoeba,CC BY 2.0 FR
aufstehen:t3799501,aufstehen,Er will nicht aufstehen.,Он не хочет вставать.,tatoeba,CC BY 2.0 FR
aufstehen:t3926899,aufstehen,Ich will nicht aufstehen.,Я не хочу вставать.,tatoeba,CC BY 2.0 FR
aufzug:t13941257,aufzug,Nehmen wir den Aufzug!,Давай поедем на лифте.,tatoeba,CC BY 2.0 FR
aufzug:t363317,aufzug,Wo ist der Aufzug?,Где лифт?,tatoeba,CC BY 2.0 FR
aufzug:t3766448,aufzug,Es gibt keinen Aufzug.,Лифта нет.,tatoeba,CC BY 2.0 FR
auge:t1135595,auge,Schöne Augen hat er.,У него красивые глаза.,tatoeba,CC BY 2.0 FR
auge:t12003902,auge,Sie hatte große Augen.,У неё были большие глаза.,tatoeba,CC BY 2.0 FR
auge:t13606669,auge,Ich schließe die Augen.,Я закрываю глаза.,tatoeba,CC BY 2.0 FR
aus:t7560453,aus,Mach sie noch nicht aus.,Не выключай пока.,tatoeba,CC BY 2.0 FR
aus:t2263443,aus,Wie sah sie aus?,Как она выглядела?,tatoeba,CC BY 2.0 FR
aus:t2509939,aus,Wie sieht er aus?,Как он выглядит?,tatoeba,CC BY 2.0 FR
aus-adj:t7560453,aus-adj,Mach sie noch nicht aus.,Не выключай пока.,tatoeba,CC BY 2.0 FR
aus-adj:t2263443,aus-adj,Wie sah sie aus?,Как она выглядела?,tatoeba,CC BY 2.0 FR
aus-adj:t2509939,aus-adj,Wie sieht er aus?,Как он выглядит?,tatoeba,CC BY 2.0 FR
aus-prep:t7560453,aus-prep,Mach sie noch nicht aus.,Не выключай пока.,tatoeba,CC BY 2.0 FR
aus-prep:t2263443,aus-prep,Wie sah sie aus?,Как она выглядела?,tatoeba,CC BY 2.0 FR
aus-prep:t2509939,aus-prep,Wie sieht er aus?,Как он выглядит?,tatoeba,CC BY 2.0 FR
ausflug:t9513904,ausflug,Wir reden über den Ausflug.,Мы говорим об экскурсии.,tatoeba,CC BY 2.0 FR
ausflug:t2289400,ausflug,Der Ausflug hat uns sehr gut gefallen.,Экскурсия нам очень понравилась.,tatoeba,CC BY 2.0 FR
ausflug:t2687028,ausflug,Die Ausflüge zu den Inseln sind nicht billig.,Поездки на острова стоят недёшево.,tatoeba,CC BY 2.0 FR
ausfuellen:t13656428,ausfuellen,Hat sie schon das Formular ausgefüllt?,Она уже заполнила бланк?,tatoeba,CC BY 2.0 FR
ausfuellen:t11527464,ausfuellen,Ich habe das Formular sorgsam ausgefüllt.,Я тщательно заполнил формуляр.,tatoeba,CC BY 2.0 FR
ausfuellen:t345353,ausfuellen,Muss ich dieses Formular jetzt ausfüllen?,Мне нужно заполнить эту форму сейчас?,tatoeba,CC BY 2.0 FR
ausgang:t11481614,ausgang,Hier ist der Ausgang!,Выход здесь!,tatoeba,CC BY 2.0 FR
ausgang:t8320733,ausgang,Ich suche den Ausgang.,Я ищу выход.,tatoeba,CC BY 2.0 FR
ausgang:t8877915,ausgang,Gibt es noch einen Ausgang?,Есть другой выход?,tatoeba,CC BY 2.0 FR
auskunft:t1102236,auskunft,Ich hätte gerne eine Auskunft.,Я бы хотел получить справку.,tatoeba,CC BY 2.0 FR
auslaender:t782050,auslaender,Ich bin ein Ausländer.,Я иностранец.,tatoeba,CC BY 2.0 FR
auslaender:t8302349,auslaender,Ich bin kein Ausländer.,Я не иностранец.,tatoeba,CC BY 2.0 FR
auslaender:t341581,auslaender,Sie ist mit einem Ausländer verheiratet.,Она замужем за иностранцем.,tatoeba,CC BY 2.0 FR
auslaendisch:t362648,auslaendisch,Er hat ein ausländisches Auto.,У него иномарка.,tatoeba,CC BY 2.0 FR
auslaendisch:t6573968,auslaendisch,Er hat einen ausländischen Namen.,У него иностранное имя.,tatoeba,CC BY 2.0 FR
auslaendisch:t12591917,auslaendisch,"Das ist das Kino, wo wir ausländische Filme sahen.","Это кинотеатр, где мы смотрели иностранные фильмы.",tatoeba,CC BY 2.0 FR
ausland:t10101402,ausland,Er war im Ausland.,Он был за границей.,tatoeba,CC BY 2.0 FR
ausland:t12094663,ausland,Waren Sie im Ausland?,Вы были за границей?,tatoeba,CC BY 2.0 FR
ausland:t5358038,ausland,Wir gehen ins Ausland.,Мы едем за границу.,tatoeba,CC BY 2.0 FR
ausmachen:t11966663,ausmachen,Soll ich das Licht ausmachen?,"Хотите, я свет выключу?",tatoeba,CC BY 2.0 FR
ausmachen:t13972960,ausmachen,Ich habe das Licht ausgemacht.,Я выключил свет.,tatoeba,CC BY 2.0 FR
ausmachen:t1500183,ausmachen,Wer hat das Licht ausgemacht?,Кто свет выключил?,tatoeba,CC BY 2.0 FR
aussage:t13745345,aussage,Beide Aussagen könnten stimmen.,Оба утверждения могут быть верными.,tatoeba,CC BY 2.0 FR
aussage:t2784871,aussage,Die Polizei zweifelt an seiner Aussage.,Полиция сомневается в его показаниях.,tatoeba,CC BY 2.0 FR
aussage:t3253533,aussage,Nach den Aussagen von Einheimischen ist dort alles ruhig.,"По словам местных жителей, там всё спокойно.",tatoeba,CC BY 2.0 FR
aussehen:t12860358,aussehen,Ich will nicht jünger aussehen.,Я не хочу выглядеть моложе.,tatoeba,CC BY 2.0 FR
aussehen:t8883092,aussehen,"Ich weiß, wie sie aussehen.","Я знаю, как они выглядят.",tatoeba,CC BY 2.0 FR
aussehen:t12406572,aussehen,"Ich bin nicht so jung, wie ich aussehe.","Я не так молод, как выгляжу.",tatoeba,CC BY 2.0 FR
aussteigen:t13222937,aussteigen,Wann muss ich aussteigen?,Когда мне выходить?,tatoeba,CC BY 2.0 FR
aussteigen:t6326868,aussteigen,Sie müssen hier aussteigen.,Вам здесь выходить.,tatoeba,CC BY 2.0 FR
aussteigen:t6640986,aussteigen,Wo muss ich aussteigen?,Где мне выходить?,tatoeba,CC BY 2.0 FR
ausweis:t13621982,ausweis,Und haben Sie einen Ausweis?,А удостоверение у Вас есть?,tatoeba,CC BY 2.0 FR
ausweis:t8320742,ausweis,Er sucht seinen Ausweis.,Он ищет своё удостоверение.,tatoeba,CC BY 2.0 FR
ausweis:t5229137,ausweis,Gestern verlor Maria ihren Ausweis.,Вчера Мэри потеряла свой паспорт.,tatoeba,CC BY 2.0 FR
auto:t12928317,auto,Er mag Autos sehr.,Он очень любит машины.,tatoeba,CC BY 2.0 FR
auto:t13081976,auto,Es ist das Auto.,Это та машина.,tatoeba,CC BY 2.0 FR
auto:t13681477,auto,Sie braucht kein Auto.,Ей не нужна машина.,tatoeba,CC BY 2.0 FR
autobahn:t12125057,autobahn,In Frankreich gibt es sehr gute Autobahnen.,Во Франции очень хорошие автодороги.,tatoeba,CC BY 2.0 FR
autobahn:t10101530,autobahn,Der Unfall geschah auf der Autobahn.,Авария произошла на автомагистрали.,tatoeba,CC BY 2.0 FR
autobahn:t450655,autobahn,Die Autobahn war aufgrund eines schweren Unfalls gesperrt.,Автострада была перекрыта из-за серьезной аварии.,tatoeba,CC BY 2.0 FR
automat:t13981316,automat,Ich trinke keinen Kaffee aus dem Automaten.,Я не пью кофе из автомата.,tatoeba,CC BY 2.0 FR
automat:t3571648,automat,"Das ist der Automat, von dem ich sprach.","Это тот автомат, о котором я говорил.",tatoeba,CC BY 2.0 FR
automat:t2157143,automat,In Berlin kann man Bücher an Automaten kaufen.,В Берлине можно купить книги в автоматах.,tatoeba,CC BY 2.0 FR
automatisch:t363282,automatisch,Die Tür schließt automatisch.,Дверь закрывается автоматически.,tatoeba,CC BY 2.0 FR
automatisch:t2436338,automatisch,Ich tat alles automatisch.,Я делала всё на автомате.,tatoeba,CC BY 2.0 FR
automatisch:t5384059,automatisch,Die Türen schließen automatisch.,Двери закрываются автоматически.,tatoeba,CC BY 2.0 FR
baby:t2457551,baby,Wessen Baby ist das?,Чей это ребёнок?,tatoeba,CC BY 2.0 FR
baby:t5256659,baby,Ich bin kein Baby.,Я не маленький ребёнок.,tatoeba,CC BY 2.0 FR
baby:t5305791,baby,Sie bekamen ein Baby.,У них родился ребёнок.,tatoeba,CC BY 2.0 FR
bad:t1863086,bad,Ich nehme ein Bad.,Я принимаю ванну.,tatoeba,CC BY 2.0 FR
bad:t1888538,bad,Ich nahm ein Bad.,Я принял ванну.,tatoeba,CC BY 2.0 FR
bad:t8320750,bad,Sie nimmt ein Bad.,Она моется.,tatoeba,CC BY 2.0 FR
baden:t1863086,baden,Ich nehme ein Bad.,Я принимаю ванну.,tatoeba,CC BY 2.0 FR
baden:t1888538,baden,Ich nahm ein Bad.,Я принял ванну.,tatoeba,CC BY 2.0 FR
baden:t8320750,baden,Sie nimmt ein Bad.,Она моется.,tatoeba,CC BY 2.0 FR
baeckerei:t1104473,baeckerei,Wo ist die Bäckerei?,Где находится булочная?,tatoeba,CC BY 2.0 FR
baeckerei:t6379891,baeckerei,Die Bäckerei ist geschlossen.,Булочная закрыта.,tatoeba,CC BY 2.0 FR
baeckerei:t6599646,baeckerei,Hier ist die Bäckerei.,Вот булочная.,tatoeba,CC BY 2.0 FR
bahn:t12864463,bahn,Ich reise oft mit der Bahn.,Я часто путешествую поездом.,tatoeba,CC BY 2.0 FR
bahn:t4807729,bahn,Die Bahn wird bald ankommen.,Поезд скоро приедет.,tatoeba,CC BY 2.0 FR
bahn:t12558217,bahn,Sind Sie mit dem Bus oder mit der Bahn angekommen?,Вы приехали на автобусе или на поезде?,tatoeba,CC BY 2.0 FR
bahnhof:t403069,bahnhof,Ist das der Bahnhof?,Это вокзал?,tatoeba,CC BY 2.0 FR
bahnhof:t426704,bahnhof,Ich verstehe nur Bahnhof.,Это для меня китайская грамота.,tatoeba,CC BY 2.0 FR
bahnhof:t544538,bahnhof,Wo ist der Bahnhof?,Где вокзал?,tatoeba,CC BY 2.0 FR
bahnsteig:t1038864,bahnsteig,Er ging auf dem Bahnsteig auf und ab.,Он взад-вперёд ходил по перрону.,tatoeba,CC BY 2.0 FR
bahnsteig:t3160393,bahnsteig,Von welchem Bahnsteig fährt der Zug ab?,От какой платформы отходит поезд?,tatoeba,CC BY 2.0 FR
bahnsteig:t13856261,bahnsteig,Wir sind uns zum ersten Mal auf einem Bahnsteig begegnet.,Мы познакомились друг с другом на железнодорожной платформе.,tatoeba,CC BY 2.0 FR
bald:t10550646,bald,Wir müssen bald gehen.,Нам скоро нужно уходить.,tatoeba,CC BY 2.0 FR
bald:t10659369,bald,Er kommt bald an.,Он скоро приедет.,tatoeba,CC BY 2.0 FR
bald:t11839278,bald,Bald wissen wir es.,Скоро узнаем.,tatoeba,CC BY 2.0 FR
balkon:t6275693,balkon,Der Balkon ist klein.,Балкон маленький.,tatoeba,CC BY 2.0 FR
balkon:t3352957,balkon,Gehen wir auf den Balkon!,Пойдём на балкон.,tatoeba,CC BY 2.0 FR
balkon:t3518117,balkon,Hat die Wohnung einen Balkon?,В квартире есть балкон?,tatoeba,CC BY 2.0 FR
banane:t1107624,banane,Hier esse ich Bananen.,Здесь я ем бананы.,tatoeba,CC BY 2.0 FR
banane:t12021553,banane,Sie werden Bananen essen.,Они поедят бананов.,tatoeba,CC BY 2.0 FR
banane:t13662218,banane,Ich esse oft Bananen.,Я часто ем бананы.,tatoeba,CC BY 2.0 FR
bank:t12449615,bank,Ist es eine Bank?,Это банк?,tatoeba,CC BY 2.0 FR
bank:t3856668,bank,War die Bank geschlossen?,Банк был закрыт?,tatoeba,CC BY 2.0 FR
bank:t396639,bank,Banken öffnen um 9 Uhr.,Банки открываются в девять.,tatoeba,CC BY 2.0 FR
bar:t10123683,bar,Wann schließt die Bar?,Когда бар закрывается?,tatoeba,CC BY 2.0 FR
bar:t12514718,bar,Haben Sie bar bezahlt?,Вы заплатили наличными?,tatoeba,CC BY 2.0 FR
bar:t2272199,bar,Zahlen Sie in bar?,Вы заплатите наличными?,tatoeba,CC BY 2.0 FR
bar-adv:t10123683,bar-adv,Wann schließt die Bar?,Когда бар закрывается?,tatoeba,CC BY 2.0 FR
bar-adv:t12514718,bar-adv,Haben Sie bar bezahlt?,Вы заплатили наличными?,tatoeba,CC BY 2.0 FR
bar-adv:t2272199,bar-adv,Zahlen Sie in bar?,Вы заплатите наличными?,tatoeba,CC BY 2.0 FR
bar-prep:t10123683,bar-prep,Wann schließt die Bar?,Когда бар закрывается?,tatoeba,CC BY 2.0 FR
bar-prep:t12514718,bar-prep,Haben Sie bar bezahlt?,Вы заплатили наличными?,tatoeba,CC BY 2.0 FR
bar-prep:t2272199,bar-prep,Zahlen Sie in bar?,Вы заплатите наличными?,tatoeba,CC BY 2.0 FR
bauch:t12278914,bauch,Er schläft auf dem Bauch.,Он спит на животе.,tatoeba,CC BY 2.0 FR
bauch:t368807,bauch,Ich lag auf dem Bauch.,Я лежал на животе.,tatoeba,CC BY 2.0 FR
bauch:t8556483,bauch,Ich schlafe auf dem Bauch.,Я сплю на животе.,tatoeba,CC BY 2.0 FR
baum:t10790372,baum,Dort steht ein Baum.,Там стоит дерево.,tatoeba,CC BY 2.0 FR
baum:t1098435,baum,Das ist ein Baum.,Это дерево.,tatoeba,CC BY 2.0 FR
baum:t4170278,baum,Dies ist ein Baum.,Это дерево.,tatoeba,CC BY 2.0 FR
beamte:t3212340,beamte,Bestechungen am Arbeitsplatz können Beamten Kopf und Kragen kosten.,Взятки на рабочем месте могут стоить чиновникам головы.,tatoeba,CC BY 2.0 FR
bedeuten:t12443786,bedeuten,"Erklär, was das bedeutet!","Объясни, что это значит.",tatoeba,CC BY 2.0 FR
bedeuten:t12443787,bedeuten,"Erklärt, was das bedeutet!","Объясните, что это значит.",tatoeba,CC BY 2.0 FR
bedeuten:t1745611,bedeuten,Was soll das bedeuten?,Что это должно значить?,tatoeba,CC BY 2.0 FR
beginnen:t1698715,beginnen,Sie hat schon begonnen.,Она уже начала.,tatoeba,CC BY 2.0 FR
beginnen:t1698726,beginnen,Er hat schon begonnen.,Он уже начал.,tatoeba,CC BY 2.0 FR
beginnen:t3074447,beginnen,Wir begannen zu sprechen.,Мы начали говорить.,tatoeba,CC BY 2.0 FR
bei:t12990146,bei,Das ist bei weitem nicht so.,Это далеко не так.,tatoeba,CC BY 2.0 FR
bei:t2469258,bei,Es ist bei Weitem nicht so.,Это не так далеко.,tatoeba,CC BY 2.0 FR
bei:t13685558,bei,Bei einer guten Frau kann auch ein Mann Mensch werden.,При хорошей женщине и мужчина может стать человеком.,tatoeba,CC BY 2.0 FR
beide:t1343475,beide,Sie sind beide gut.,Они оба хорошие.,tatoeba,CC BY 2.0 FR
beide:t1976952,beide,Ich will sie beide sehen.,Я бы хотел посмотреть оба.,tatoeba,CC BY 2.0 FR
beide:t7233417,beide,Die beiden sahen sich an.,Обе посмотрели друг на друга.,tatoeba,CC BY 2.0 FR
bein:t10084311,bein,Ich habe lange Beine.,У меня длинные ноги.,tatoeba,CC BY 2.0 FR
bein:t2051620,bein,Sie hat lange Beine.,У неё длинные ноги.,tatoeba,CC BY 2.0 FR
bein:t5291915,bein,Was für schöne Beine!,Какие красивые ноги!,tatoeba,CC BY 2.0 FR
beispiel:t11387688,beispiel,Ich gebe ein Beispiel.,Я приведу один пример.,tatoeba,CC BY 2.0 FR
beispiel:t12401152,beispiel,Hier ist ein einfaches Beispiel.,Вот простой пример.,tatoeba,CC BY 2.0 FR
beispiel:t13975159,beispiel,Ich könnte weitere Beispiele sagen.,Я мог бы привести и другие примеры.,tatoeba,CC BY 2.0 FR
bekannt:t6134729,bekannt,Ich bin hier sehr bekannt.,Меня тут хорошо знают.,tatoeba,CC BY 2.0 FR
bekannt:t7154424,bekannt,Es ist noch nicht bekannt.,Это ещё неизвестно.,tatoeba,CC BY 2.0 FR
bekannt:t11580273,bekannt,Ist ihm das bekannt?,Ему это известно?,tatoeba,CC BY 2.0 FR
bekannt-adj:t6134729,bekannt-adj,Ich bin hier sehr bekannt.,Меня тут хорошо знают.,tatoeba,CC BY 2.0 FR
bekannt-adj:t7154424,bekannt-adj,Es ist noch nicht bekannt.,Это ещё неизвестно.,tatoeba,CC BY 2.0 FR
bekannt-adj:t10040718,bekannt-adj,Sie ist ein sehr bekannter Mensch.,Она очень известный человек.,tatoeba,CC BY 2.0 FR
bekommen:t13736966,bekommen,Wie bekomme ich es?,Как мне это получить?,tatoeba,CC BY 2.0 FR
bekommen:t6148858,bekommen,Wir bekommen ein Kind!,У нас будет ребёнок!,tatoeba,CC BY 2.0 FR
bekommen:t787480,bekommen,Wir bekommen ein Kind.,Мы ждём ребёнка.,tatoeba,CC BY 2.0 FR
benutzen:t13551637,benutzen,Benutzen Sie sie oft?,Часто Вы ими пользуетесь?,tatoeba,CC BY 2.0 FR
benutzen:t11645634,benutzen,Ich kann es nicht benutzen.,Я не умею этим пользоваться.,tatoeba,CC BY 2.0 FR
benutzen:t1445512,benutzen,Wir benutzen es nicht mehr.,Мы им больше не пользуемся.,tatoeba,CC BY 2.0 FR
beruf:t1291715,beruf,Er ist Arzt von Beruf.,По профессии он врач.,tatoeba,CC BY 2.0 FR
beruf:t13963275,beruf,Er hat einen guten Beruf.,У него хорошая профессия.,tatoeba,CC BY 2.0 FR
beruf:t353087,beruf,Er ist von Beruf Arzt.,Он врач по профессии.,tatoeba,CC BY 2.0 FR
besetzt:t616943,besetzt,Die Nummer ist besetzt.,Номер занят.,tatoeba,CC BY 2.0 FR
besetzt:t3576817,besetzt,Das Telefon ist besetzt.,Телефон занят.,tatoeba,CC BY 2.0 FR
besetzt:t6930605,besetzt,Seit einer Stunde ist sein Telefon besetzt.,У него уже час занято.,tatoeba,CC BY 2.0 FR
besetzt-adj:t616943,besetzt-adj,Die Nummer ist besetzt.,Номер занят.,tatoeba,CC BY 2.0 FR
besetzt-adj:t3576817,besetzt-adj,Das Telefon ist besetzt.,Телефон занят.,tatoeba,CC BY 2.0 FR
besetzt-adj:t6930605,besetzt-adj,Seit einer Stunde ist sein Telefon besetzt.,У него уже час занято.,tatoeba,CC BY 2.0 FR
besichtigen:t12925439,besichtigen,Sie besichtigten die Ausstellung.,Они осмотрели экспозицию.,tatoeba,CC BY 2.0 FR
besichtigen:t9462773,besichtigen,Maria besichtigt die Stadt.,Мария осматривает город.,tatoeba,CC BY 2.0 FR
besichtigen:t5988781,besichtigen,Wir wollen auch Berlin besichtigen.,Мы также хотим посетить Берлин.,tatoeba,CC BY 2.0 FR
besser:t12418487,besser,Besser wird es nicht.,Лучше не будет.,tatoeba,CC BY 2.0 FR
besser:t2357467,besser,"Das ist besser, oder?","Так лучше, правда?",tatoeba,CC BY 2.0 FR
besser:t2482193,besser,Sie sind besser geworden.,Вы стали лучше.,tatoeba,CC BY 2.0 FR
besser-adv:t12418487,besser-adv,Besser wird es nicht.,Лучше не будет.,tatoeba,CC BY 2.0 FR
besser-adv:t2357467,besser-adv,"Das ist besser, oder?","Так лучше, правда?",tatoeba,CC BY 2.0 FR
besser-adv:t2482193,besser-adv,Sie sind besser geworden.,Вы стали лучше.,tatoeba,CC BY 2.0 FR
besser-verb:t12418487,besser-verb,Besser wird es nicht.,Лучше не будет.,tatoeba,CC BY 2.0 FR
besser-verb:t2357467,besser-verb,"Das ist besser, oder?","Так лучше, правда?",tatoeba,CC BY 2.0 FR
besser-verb:t2482193,besser-verb,Sie sind besser geworden.,Вы стали лучше.,tatoeba,CC BY 2.0 FR
bestellen:t1109592,bestellen,Was wollen sie bestellen?,Что они хотят заказать?,tatoeba,CC BY 2.0 FR
bestellen:t2435350,bestellen,Ich habe schon bestellt.,Я уже заказала.,tatoeba,CC BY 2.0 FR
bestellen:t6565500,bestellen,Was wollen Sie bestellen?,Что Вы хотите заказать?,tatoeba,CC BY 2.0 FR
besuchen:t11528483,besuchen,Wir haben gerade Besuch.,У нас сейчас гости.,tatoeba,CC BY 2.0 FR
besuchen:t13934023,besuchen,Ich werde sie besuchen.,Я их навещу.,tatoeba,CC BY 2.0 FR
besuchen:t2805922,besuchen,Er besuchte einen Freund.,Он навестил друга.,tatoeba,CC BY 2.0 FR
bett:t1800675,bett,Ich gehe zu Bett.,Я пошёл спать.,tatoeba,CC BY 2.0 FR
bett:t4770380,bett,Wir machen die Betten.,Мы стелим постели.,tatoeba,CC BY 2.0 FR
bett:t5318870,bett,Das ist ein Bett.,Это кровать.,tatoeba,CC BY 2.0 FR
bezahlen:t10301816,bezahlen,Ich will bezahlt werden.,"Я хочу, чтобы мне заплатили.",tatoeba,CC BY 2.0 FR
bezahlen:t1078212,bezahlen,Wer soll das bezahlen?,Кто заплатит за это?,tatoeba,CC BY 2.0 FR
bezahlen:t11200793,bezahlen,Wo kann man bezahlen?,Где можно оплатить?,tatoeba,CC BY 2.0 FR
bier:t1067063,bier,Sie trinken nie Bier.,Они никогда не пьют пива.,tatoeba,CC BY 2.0 FR
bier:t1358329,bier,Er trank ein Bier.,Он выпил кружку пива.,tatoeba,CC BY 2.0 FR
bier:t13650161,bier,Das ist kein Bier.,Это не пиво.,tatoeba,CC BY 2.0 FR
bild:t1341925,bild,Sie hat ein Bild.,У нее есть фотография.,tatoeba,CC BY 2.0 FR
bild:t1787407,bild,Das ist ein Bild.,Это картина.,tatoeba,CC BY 2.0 FR
bild:t12670278,bild,Ich bin auf keinem der Bilder.,Меня ни на одной из фотографий нет.,tatoeba,CC BY 2.0 FR
billig:t383800,billig,Haben Sie ein billigeres?,У вас есть дешевле?,tatoeba,CC BY 2.0 FR
billig:t452585,billig,Fisch ist heute billig.,Рыба сегодня дешёвая.,tatoeba,CC BY 2.0 FR
billig:t645086,billig,"Das ist billig, oder?",Это же дёшево?,tatoeba,CC BY 2.0 FR
birne:t10117711,birne,Ich aß eine Birne.,Я съел грушу.,tatoeba,CC BY 2.0 FR
birne:t1265798,birne,Die Birne riecht gut.,Груша вкусно пахнет.,tatoeba,CC BY 2.0 FR
birne:t13609114,birne,Sie hat Birnen gegessen.,Она поела груш.,tatoeba,CC BY 2.0 FR
bis:t662282,bis,Bis um wie viel Uhr?,До скольки?,tatoeba,CC BY 2.0 FR
bis:t718449,bis,Was soll ich bis 8.00 Uhr machen?,Что мне делать до восьми часов?!,tatoeba,CC BY 2.0 FR
bis:t13425129,bis,"Ich bleibe, bis sie kommt.",Я останусь до её приезда.,tatoeba,CC BY 2.0 FR
bis-prep:t662282,bis-prep,Bis um wie viel Uhr?,До скольки?,tatoeba,CC BY 2.0 FR
bis-prep:t718449,bis-prep,Was soll ich bis 8.00 Uhr machen?,Что мне делать до восьми часов?!,tatoeba,CC BY 2.0 FR
bis-prep:t13425129,bis-prep,"Ich bleibe, bis sie kommt.",Я останусь до её приезда.,tatoeba,CC BY 2.0 FR
bisschen:t1892362,bisschen,Sprich ein bisschen lauter!,Говори чуть громче.,tatoeba,CC BY 2.0 FR
bisschen:t6694588,bisschen,Warten wir ein bisschen!,Подождём немного!,tatoeba,CC BY 2.0 FR
bisschen:t974904,bisschen,Noch ein kleines bisschen.,Ещё немножко.,tatoeba,CC BY 2.0 FR
bitte:t1012401,bitte,Hören Sie bitte auf!,"Прекратите, пожалуйста!",tatoeba,CC BY 2.0 FR
bitte:t11928686,bitte,Sprechen Sie bitte lauter.,"Говорите громче, пожалуйста.",tatoeba,CC BY 2.0 FR
bitte:t13054384,bitte,Sprich bitte nicht so.,"Пожалуйста, не говори так.",tatoeba,CC BY 2.0 FR
bitte-noun:t1012401,bitte-noun,Hören Sie bitte auf!,"Прекратите, пожалуйста!",tatoeba,CC BY 2.0 FR
bitte-noun:t11928686,bitte-noun,Sprechen Sie bitte lauter.,"Говорите громче, пожалуйста.",tatoeba,CC BY 2.0 FR
bitte-noun:t13054384,bitte-noun,Sprich bitte nicht so.,"Пожалуйста, не говори так.",tatoeba,CC BY 2.0 FR
bitte-part:t1012401,bitte-part,Hören Sie bitte auf!,"Прекратите, пожалуйста!",tatoeba,CC BY 2.0 FR
bitte-part:t11928686,bitte-part,Sprechen Sie bitte lauter.,"Говорите громче, пожалуйста.",tatoeba,CC BY 2.0 FR
bitte-part:t13054384,bitte-part,Sprich bitte nicht so.,"Пожалуйста, не говори так.",tatoeba,CC BY 2.0 FR
bitte-verb:t1012401,bitte-verb,Hören Sie bitte auf!,"Прекратите, пожалуйста!",tatoeba,CC BY 2.0 FR
bitte-verb:t11928686,bitte-verb,Sprechen Sie bitte lauter.,"Говорите громче, пожалуйста.",tatoeba,CC BY 2.0 FR
bitte-verb:t13054384,bitte-verb,Sprich bitte nicht so.,"Пожалуйста, не говори так.",tatoeba,CC BY 2.0 FR
bitten:t1012401,bitten,Hören Sie bitte auf!,"Прекратите, пожалуйста!",tatoeba,CC BY 2.0 FR
bitten:t11928686,bitten,Sprechen Sie bitte lauter.,"Говорите громче, пожалуйста.",tatoeba,CC BY 2.0 FR
bitten:t13054384,bitten,Sprich bitte nicht so.,"Пожалуйста, не говори так.",tatoeba,CC BY 2.0 FR
bitter:t12693967,bitter,Das Leben ist bitter.,Жизнь горька.,tatoeba,CC BY 2.0 FR
bitter:t3561383,bitter,Ein Leben ohne Liebe ist bitter.,Жизнь без любви горька.,tatoeba,CC BY 2.0 FR
bitter:t12693968,bitter,"Das Leben ist nicht so bitter, wie es scheint.","Жизнь не так горька, как кажется.",tatoeba,CC BY 2.0 FR
bitter-adv:t12693967,bitter-adv,Das Leben ist bitter.,Жизнь горька.,tatoeba,CC BY 2.0 FR
bitter-adv:t3561383,bitter-adv,Ein Leben ohne Liebe ist bitter.,Жизнь без любви горька.,tatoeba,CC BY 2.0 FR
bitter-adv:t12693968,bitter-adv,"Das Leben ist nicht so bitter, wie es scheint.","Жизнь не так горька, как кажется.",tatoeba,CC BY 2.0 FR
bleiben:t11277924,bleiben,So bleibt es nicht.,Так больше не будет.,tatoeba,CC BY 2.0 FR
bleiben:t3460104,bleiben,Ich hätte bleiben sollen.,Надо было мне остаться.,tatoeba,CC BY 2.0 FR
bleiben:t353332,bleiben,Wie lange bleiben Sie?,Вы надолго?,tatoeba,CC BY 2.0 FR
bleistift:t1317702,bleistift,Wessen Bleistift ist das?,Чей это карандаш?,tatoeba,CC BY 2.0 FR
bleistift:t1457521,bleistift,Ich habe keinen Bleistift.,У меня нет карандаша.,tatoeba,CC BY 2.0 FR
bleistift:t2260995,bleistift,Das ist mein Bleistift.,Это мой карандаш.,tatoeba,CC BY 2.0 FR
blick:t13604763,blick,Sein Blick verfinsterte sich.,Его взгляд помрачнел.,tatoeba,CC BY 2.0 FR
blick:t13769321,blick,Sein Blick ist leer.,Его взгляд пуст.,tatoeba,CC BY 2.0 FR
blick:t6976555,blick,Sie senkte den Blick.,Она опустила взгляд.,tatoeba,CC BY 2.0 FR
blume:t10048772,blume,Die Blume ist weiß.,Цветок белый.,tatoeba,CC BY 2.0 FR
blume:t1019276,blume,Sie mag Blumen sehr.,Она очень любит цветы.,tatoeba,CC BY 2.0 FR
blume:t1187308,blume,Ist das eine Blume?,Это цветок?,tatoeba,CC BY 2.0 FR
boese:t1599658,boese,Ich bin dir böse.,Я на тебя зол.,tatoeba,CC BY 2.0 FR
boese:t2769168,boese,Sei bitte nicht böse!,"Пожалуйста, не злись.",tatoeba,CC BY 2.0 FR
boese:t7678374,boese,Sei nicht so böse.,Не будь таким вредным.,tatoeba,CC BY 2.0 FR
boese-adv:t1599658,boese-adv,Ich bin dir böse.,Я на тебя зол.,tatoeba,CC BY 2.0 FR
boese-adv:t2769168,boese-adv,Sei bitte nicht böse!,"Пожалуйста, не злись.",tatoeba,CC BY 2.0 FR
boese-adv:t7678374,boese-adv,Sei nicht so böse.,Не будь таким вредным.,tatoeba,CC BY 2.0 FR
bogen:t1204586,bogen,Sie bogen sich alle vor Lachen.,Они все покатывались со смеху.,tatoeba,CC BY 2.0 FR
bogen:t522694,bogen,Ein Bogen ist ohne Pfeile nicht zu benutzen.,Лук без стрел - бесполезная вещь.,tatoeba,CC BY 2.0 FR
bogen:t3331597,bogen,Hier macht der Fluss einen leichten Bogen nach links.,Река в этом месте немного изгибается влево.,tatoeba,CC BY 2.0 FR
brauchen:t10175381,brauchen,Brauchen Sie es noch?,Вам это ещё нужно?,tatoeba,CC BY 2.0 FR
brauchen:t10758866,brauchen,Brauchen wir noch was?,Нам что-нибудь ещё нужно?,tatoeba,CC BY 2.0 FR
brauchen:t11548752,brauchen,Er braucht eine Frau.,Ему нужна жена.,tatoeba,CC BY 2.0 FR
breit:t820983,breit,Wie breit ist es?,Насколько он широкий?,tatoeba,CC BY 2.0 FR
breit:t10473179,breit,Die Straße ist sehr breit.,Улица очень широкая.,tatoeba,CC BY 2.0 FR
breit:t1314898,breit,Der Fluss ist breit.,Река широкая.,tatoeba,CC BY 2.0 FR
brief:t13380700,brief,Danke für den Brief!,Спасибо за письмо.,tatoeba,CC BY 2.0 FR
brief:t13693654,brief,Lesen Sie den Brief.,Прочтите письмо.,tatoeba,CC BY 2.0 FR
brief:t1450223,brief,Schreiben sie einen Brief?,Они пишут письмо?,tatoeba,CC BY 2.0 FR
briefmarke:t1018598,briefmarke,Wo kauft man Briefmarken?,Где покупают почтовые марки?,tatoeba,CC BY 2.0 FR
briefmarke:t1405396,briefmarke,Ich muss Briefmarken kaufen.,Мне надо купить марки.,tatoeba,CC BY 2.0 FR
briefmarke:t345248,briefmarke,Ich brauche eine Briefmarke.,Мне нужна почтовая марка.,tatoeba,CC BY 2.0 FR
bringen:t10477894,bringen,Bring sie nicht um!,Не убивай её!,tatoeba,CC BY 2.0 FR
bringen:t10477895,bringen,Bringt sie nicht um!,Не убивайте её!,tatoeba,CC BY 2.0 FR
bringen:t12480243,bringen,Ich werde es bringen.,Я его принесу.,tatoeba,CC BY 2.0 FR
broetchen:t8320778,broetchen,Ich esse ein Brötchen.,Я ем булочку.,tatoeba,CC BY 2.0 FR
broetchen:t6619416,broetchen,Tom hat Brötchen gekauft.,Том купил булочки.,tatoeba,CC BY 2.0 FR
broetchen:t1972877,broetchen,Für wen hat der Nachbar Brötchen gekauft?,Для кого сосед купил булочки?,tatoeba,CC BY 2.0 FR
brot:t10126800,brot,Ich mag kein Brot.,Я не люблю хлеб.,tatoeba,CC BY 2.0 FR
brot:t10391089,brot,Das ist dein Brot.,Это твой хлеб.,tatoeba,CC BY 2.0 FR
brot:t11236021,brot,Was kostet das Brot?,Сколько стоит хлеб?,tatoeba,CC BY 2.0 FR
bruder:t10178083,bruder,Mein Bruder spielt Fußball.,Мой брат играет в футбол.,tatoeba,CC BY 2.0 FR
bruder:t1040841,bruder,Beide Brüder leben noch.,Оба брата ещё живы.,tatoeba,CC BY 2.0 FR
bruder:t12309005,bruder,Die haben keine Brüder.,У них нет братьев.,tatoeba,CC BY 2.0 FR
buch:t10018378,buch,Ich brauche ein Buch.,Мне нужна книга.,tatoeba,CC BY 2.0 FR
buch:t1037478,buch,Das Buch ist neu.,Книга новая.,tatoeba,CC BY 2.0 FR
buch:t11750196,buch,Ich habe keine Bücher.,У меня нет книг.,tatoeba,CC BY 2.0 FR
buchstabe:t12335927,buchstabe,Ich schreibe einen Buchstaben.,Я пишу букву.,tatoeba,CC BY 2.0 FR
buchstabe:t5655903,buchstabe,Ein Buchstabe ist zu viel.,Одна буква лишняя.,tatoeba,CC BY 2.0 FR
buchstabe:t12391081,buchstabe,Was für ein Buchstabe ist dies?,Что это за буква?,tatoeba,CC BY 2.0 FR
buchstabieren:t2504544,buchstabieren,Wie buchstabiert man das?,Как это пишется?,tatoeba,CC BY 2.0 FR
buchstabieren:t2504545,buchstabieren,Wie wird das buchstabiert?,Как это пишется?,tatoeba,CC BY 2.0 FR
buchstabieren:t641746,buchstabieren,Könnten Sie das bitte buchstabieren?,Вы не могли бы произнести это по буквам?,tatoeba,CC BY 2.0 FR
bus:t12801748,bus,Mein Bus ist da.,Мой автобус приехал.,tatoeba,CC BY 2.0 FR
bus:t12818148,bus,Mein Bus ist gekommen.,Мой автобус приехал.,tatoeba,CC BY 2.0 FR
bus:t1288284,bus,Da kommt der Bus.,А вот и автобус.,tatoeba,CC BY 2.0 FR
butter:t10348440,butter,Mit oder ohne Butter?,С маслом или без?,tatoeba,CC BY 2.0 FR
butter:t1844120,butter,Wo ist die Butter?,Где масло?,tatoeba,CC BY 2.0 FR
butter:t1705370,butter,Aus Milch machen wir Butter.,Из молока мы делаем масло.,tatoeba,CC BY 2.0 FR
cd:t404195,cd,Wir kaufen eine CD.,Мы покупаем компакт-диск.,tatoeba,CC BY 2.0 FR
cd:t8320792,cd,Ich kaufe eine CD.,Я покупаю компакт-диск.,tatoeba,CC BY 2.0 FR
cd:t3352392,cd,Hier sind meine CDs.,Вот тут мои компакт-диски.,tatoeba,CC BY 2.0 FR
chef:t2599882,chef,Ist der Chef da?,Шеф на месте?,tatoeba,CC BY 2.0 FR
chef:t2599895,chef,Der Chef ist da?,Шеф на месте?,tatoeba,CC BY 2.0 FR
chef:t440855,chef,Sie sind der Chef.,Вы начальник.,tatoeba,CC BY 2.0 FR
computer:t10117669,computer,Ich brauche keinen Computer.,Мне не нужен компьютер.,tatoeba,CC BY 2.0 FR
computer:t1098622,computer,Mein Computer ist teuer.,Мой компьютер дорогой.,tatoeba,CC BY 2.0 FR
computer:t1107740,computer,Haben sie einen Computer?,У них есть компьютер?,tatoeba,CC BY 2.0 FR
da:t1070508,da,Ist sie schon da?,Она уже там?,tatoeba,CC BY 2.0 FR
da:t11244203,da,"So, da wären wir.",Ну вот мы и пришли.,tatoeba,CC BY 2.0 FR
da:t12459070,da,Er war nicht da.,Его не было.,tatoeba,CC BY 2.0 FR
da-conj:t1070508,da-conj,Ist sie schon da?,Она уже там?,tatoeba,CC BY 2.0 FR
da-conj:t11244203,da-conj,"So, da wären wir.",Ну вот мы и пришли.,tatoeba,CC BY 2.0 FR
da-conj:t12459070,da-conj,Er war nicht da.,Его не было.,tatoeba,CC BY 2.0 FR
dame:t365412,dame,Die Dame ist über 80.,Этой даме за 80.,tatoeba,CC BY 2.0 FR
dame:t11989156,dame,Meine Damen und Herren…,Дамы и господа...,tatoeba,CC BY 2.0 FR
dame:t1994906,dame,Sprechen die Damen Französisch?,Дамы говорят по-французски?,tatoeba,CC BY 2.0 FR
daneben:t4284219,daneben,Der Plan ging daneben.,План провалился.,tatoeba,CC BY 2.0 FR
daneben:t6321825,daneben,Dort steht ein Tisch und daneben ein Stuhl.,"Там стоит стол, а возле него стул.",tatoeba,CC BY 2.0 FR
daneben:t824639,daneben,Das ging total daneben.,Все пошло не так.,tatoeba,CC BY 2.0 FR
dank:t13663389,dank,Danke für die Hilfe.,Спасибо за помощь.,tatoeba,CC BY 2.0 FR
dank:t1902288,dank,Danke für die Hilfe!,Спасибо за помощь.,tatoeba,CC BY 2.0 FR
dank:t2821875,dank,„Danke!“ – „Nichts zu danken!“,«Спасибо». — «Не за что».,tatoeba,CC BY 2.0 FR
danke:t13663389,danke,Danke für die Hilfe.,Спасибо за помощь.,tatoeba,CC BY 2.0 FR
danke:t1902288,danke,Danke für die Hilfe!,Спасибо за помощь.,tatoeba,CC BY 2.0 FR
danke:t2821875,danke,„Danke!“ – „Nichts zu danken!“,«Спасибо». — «Не за что».,tatoeba,CC BY 2.0 FR
danke-part:t13663389,danke-part,Danke für die Hilfe.,Спасибо за помощь.,tatoeba,CC BY 2.0 FR
danke-part:t1902288,danke-part,Danke für die Hilfe!,Спасибо за помощь.,tatoeba,CC BY 2.0 FR
danke-part:t2821875,danke-part,„Danke!“ – „Nichts zu danken!“,«Спасибо». — «Не за что».,tatoeba,CC BY 2.0 FR
danken:t13663389,danken,Danke für die Hilfe.,Спасибо за помощь.,tatoeba,CC BY 2.0 FR
danken:t1902288,danken,Danke für die Hilfe!,Спасибо за помощь.,tatoeba,CC BY 2.0 FR
danken:t2821875,danken,„Danke!“ – „Nichts zu danken!“,«Спасибо». — «Не за что».,tatoeba,CC BY 2.0 FR
dann:t1703062,dann,Es ist dann so weit.,Тогда время пришло.,tatoeba,CC BY 2.0 FR
dann:t8100373,dann,"Und dann kam, was kommen musste.","А потом случилось то, что должно было случиться.",tatoeba,CC BY 2.0 FR
dann:t129,dann,Dann haben wir ein Problem...,Тогда это проблема...,tatoeba,CC BY 2.0 FR
datum:t13084471,datum,Schreib das Datum auf!,Напиши дату.,tatoeba,CC BY 2.0 FR
datum:t13754108,datum,Wir haben andere Daten.,У нас другие сведения.,tatoeba,CC BY 2.0 FR
datum:t451354,datum,Welches Datum ist heute?,Какое сегодня число?,tatoeba,CC BY 2.0 FR
dauern:t1684273,dauern,Wie lange dauert das?,Сколько это длится?,tatoeba,CC BY 2.0 FR
dauern:t1907128,dauern,Das dauerte nicht lange.,Это не заняло много времени.,tatoeba,CC BY 2.0 FR
dauern:t2832891,dauern,Wird das lange dauern?,Это будет долго продолжаться?,tatoeba,CC BY 2.0 FR
dein:t10023924,dein,Wo ist dein Restaurant?,Где твой ресторан?,tatoeba,CC BY 2.0 FR
dein:t10733146,dein,Ist dein Hund klein?,У тебя маленькая собака?,tatoeba,CC BY 2.0 FR
dein:t10791005,dein,Wo ist dein Fahrrad?,Где твой велосипед?,tatoeba,CC BY 2.0 FR
denn:t2995754,denn,Was tue ich denn jetzt?,Что же мне теперь делать?,tatoeba,CC BY 2.0 FR
denn:t8290562,denn,Was sollte sie denn machen?,"Что вы хотели, чтобы она сделала?",tatoeba,CC BY 2.0 FR
denn:t2496991,denn,Wollen Sie es denn nicht wissen?,Вы не хотите знать?,tatoeba,CC BY 2.0 FR
denn-adv:t2995754,denn-adv,Was tue ich denn jetzt?,Что же мне теперь делать?,tatoeba,CC BY 2.0 FR
denn-adv:t8290562,denn-adv,Was sollte sie denn machen?,"Что вы хотели, чтобы она сделала?",tatoeba,CC BY 2.0 FR
denn-adv:t2496991,denn-adv,Wollen Sie es denn nicht wissen?,Вы не хотите знать?,tatoeba,CC BY 2.0 FR
denn-part:t2995754,denn-part,Was tue ich denn jetzt?,Что же мне теперь делать?,tatoeba,CC BY 2.0 FR
denn-part:t8290562,denn-part,Was sollte sie denn machen?,"Что вы хотели, чтобы она сделала?",tatoeba,CC BY 2.0 FR
denn-part:t2496991,denn-part,Wollen Sie es denn nicht wissen?,Вы не хотите знать?,tatoeba,CC BY 2.0 FR
der:t3165565,der,Sie sind der Beste.,Вы лучше всех.,tatoeba,CC BY 2.0 FR
der:t2195762,der,Das sind die Besten der Besten.,Это лучшие из лучших.,tatoeba,CC BY 2.0 FR
der:t923306,der,Ich bin der Beste.,Я самый лучший.,tatoeba,CC BY 2.0 FR
der-pron:t919053,der-pron,Das kann nicht sein!,Не может быть!,tatoeba,CC BY 2.0 FR
der-pron:t396856,der-pron,Das ist für Sie.,Это Вам.,tatoeba,CC BY 2.0 FR
der-pron:t5309090,der-pron,Das war nicht sie.,Это была не она.,tatoeba,CC BY 2.0 FR
dich:t1019215,dich,Er versteht dich nicht.,Он тебя не понимает.,tatoeba,CC BY 2.0 FR
dich:t10292172,dich,Wo finden wir dich?,Где нам тебя найти?,tatoeba,CC BY 2.0 FR
dich:t10580611,dich,Das ist für dich!,Это тебе!,tatoeba,CC BY 2.0 FR
dies:t1070689,dies,Dies ist ein Auto.,Это машина.,tatoeba,CC BY 2.0 FR
dies:t13994205,dies,Dies ist viel besser.,Это гораздо лучше.,tatoeba,CC BY 2.0 FR
dies:t1706449,dies,Wie war dies möglich?,Как это могло случиться?,tatoeba,CC BY 2.0 FR
dir:t10289091,dir,Ich helfe dir auch.,Я тебе тоже помогу.,tatoeba,CC BY 2.0 FR
dir:t10579898,dir,Sagt dir das nichts?,Тебе это ни о чём не говорит?,tatoeba,CC BY 2.0 FR
dir:t10625299,dir,Die Welt gehört dir.,Мир принадлежит тебе.,tatoeba,CC BY 2.0 FR
doktor:t1999488,doktor,"Guten Morgen, Herr Doktor!","Доброе утро, доктор!",tatoeba,CC BY 2.0 FR
doktor:t12408034,doktor,Der Doktor kommt bald zurück.,Доктор скоро вернётся.,tatoeba,CC BY 2.0 FR
doktor:t3704374,doktor,Jetzt bin ich auch ein Doktor.,Теперь я тоже доктор.,tatoeba,CC BY 2.0 FR
doppelzimmer:t3543780,doppelzimmer,Ich möchte ein Doppelzimmer.,Я хотел бы двухместный номер.,tatoeba,CC BY 2.0 FR
doppelzimmer:t407627,doppelzimmer,Das einzige freie Zimmer ist ein Doppelzimmer.,Единственная свободная комната — на двоих.,tatoeba,CC BY 2.0 FR
dorf:t13685643,dorf,Unser Dorf ist klein.,Наша деревня маленькая.,tatoeba,CC BY 2.0 FR
dorf:t6059968,dorf,Es ist ein Dorf.,Это деревня.,tatoeba,CC BY 2.0 FR
dorf:t407743,dorf,Sie lebt in dem Dorf.,Она живёт в деревне.,tatoeba,CC BY 2.0 FR
dort:t10041156,dort,Dort waren wenig Menschen.,Там было мало людей.,tatoeba,CC BY 2.0 FR
dort:t12173523,dort,Ich bin dort gewesen.,Я там была.,tatoeba,CC BY 2.0 FR
dort:t12598086,dort,Er sah sie dort.,Он её там видел.,tatoeba,CC BY 2.0 FR
draussen:t10354720,draussen,Warten Sie bitte draußen!,"Подождите на улице, пожалуйста.",tatoeba,CC BY 2.0 FR
draussen:t10727920,draussen,Scheint draußen die Sonne?,На улице солнце?,tatoeba,CC BY 2.0 FR
draussen:t12012422,draussen,Sie lief nach draußen.,Она выбежала на улицу.,tatoeba,CC BY 2.0 FR
drucken:t13648523,drucken,Drucke das Dokument aus!,Распечатай документ.,tatoeba,CC BY 2.0 FR
drucken:t10879130,drucken,Der Druck hat sich stabilisiert.,Давление стабилизировалось.,tatoeba,CC BY 2.0 FR
drucken:t8378451,drucken,Der Druck nimmt mit der Meerestiefe zu.,С увеличением глубины моря возрастает давление.,tatoeba,CC BY 2.0 FR
drucker:t3887687,drucker,Der Drucker braucht Papier.,В принтер нужно вставить бумагу.,tatoeba,CC BY 2.0 FR
drucker:t4062651,drucker,Der Drucker funktioniert nicht.,Принтер не работает.,tatoeba,CC BY 2.0 FR
drucker:t6808002,drucker,Auf dem Gang steht ein Drucker.,В коридоре стоит принтер.,tatoeba,CC BY 2.0 FR
druecken:t1996559,druecken,Drück dich nicht vor der Antwort.,Не уходи от ответа.,tatoeba,CC BY 2.0 FR
druecken:t2802042,druecken,Die neuen Schuhe drücken.,Новая обувь жмёт.,tatoeba,CC BY 2.0 FR
druecken:t4096939,druecken,Wo drückt der Schuh?,Где жмёт ботинок?,tatoeba,CC BY 2.0 FR
duerfen:t7205206,duerfen,Darf ich jetzt gehen?,Мне уже можно идти?,tatoeba,CC BY 2.0 FR
duerfen:t5912703,duerfen,Kinder dürfen das nicht sehen.,Дети не должны это видеть.,tatoeba,CC BY 2.0 FR
duerfen:t8473389,duerfen,Darf ich hier bleiben?,Можно я останусь здесь?,tatoeba,CC BY 2.0 FR
durch:t13581725,durch,Er macht sehr schwere Zeiten durch.,Он переживает очень сложные моменты.,tatoeba,CC BY 2.0 FR
durch:t7815312,durch,Wir fuhren durch die Stadt.,Мы ехали по городу.,tatoeba,CC BY 2.0 FR
durch:t757029,durch,Wir sind durch die Stadt gefahren.,Мы ехали по городу.,tatoeba,CC BY 2.0 FR
durch-adj:t13581725,durch-adj,Er macht sehr schwere Zeiten durch.,Он переживает очень сложные моменты.,tatoeba,CC BY 2.0 FR
durch-adj:t7815312,durch-adj,Wir fuhren durch die Stadt.,Мы ехали по городу.,tatoeba,CC BY 2.0 FR
durch-adj:t757029,durch-adj,Wir sind durch die Stadt gefahren.,Мы ехали по городу.,tatoeba,CC BY 2.0 FR
durch-adv:t13581725,durch-adv,Er macht sehr schwere Zeiten durch.,Он переживает очень сложные моменты.,tatoeba,CC BY 2.0 FR
durch-adv:t7815312,durch-adv,Wir fuhren durch die Stadt.,Мы ехали по городу.,tatoeba,CC BY 2.0 FR
durch-adv:t757029,durch-adv,Wir sind durch die Stadt gefahren.,Мы ехали по городу.,tatoeba,CC BY 2.0 FR
durst:t1280433,durst,Die Jungen haben Durst.,Мальчики хотят пить.,tatoeba,CC BY 2.0 FR
durst:t1871578,durst,Ich habe keinen Durst.,У меня нет жажды.,tatoeba,CC BY 2.0 FR
durst:t2912716,durst,Er hat keinen Durst.,Ему не хочется пить.,tatoeba,CC BY 2.0 FR
dusche:t1918627,dusche,Wie oft duschen Sie?,Как часто Вы принимаете душ?,tatoeba,CC BY 2.0 FR
dusche:t401689,dusche,Ich brauche eine Dusche.,Мне нужен душ.,tatoeba,CC BY 2.0 FR
dusche:t438738,dusche,Die Dusche ist kaputt.,Душ сломан.,tatoeba,CC BY 2.0 FR
ecke:t5261867,ecke,Stell dich in die Ecke!,Встань в угол!,tatoeba,CC BY 2.0 FR
ecke:t651847,ecke,Es ist an der Ecke.,Это на углу.,tatoeba,CC BY 2.0 FR
ecke:t13065379,ecke,Das ist gleich um die Ecke.,Это сразу за углом.,tatoeba,CC BY 2.0 FR
ehefrau:t783506,ehefrau,Ich habe keine Ehefrau.,У меня нет жены.,tatoeba,CC BY 2.0 FR
ehefrau:t3251445,ehefrau,Sie wird eine gute Ehefrau werden.,Она станет хорошей женой.,tatoeba,CC BY 2.0 FR
ehefrau:t342576,ehefrau,"Er hat Glück, so eine gute Ehefrau zu haben.",Ему повезло с хорошей женой.,tatoeba,CC BY 2.0 FR
ehemann:t13883395,ehemann,Sie hat einen Ehemann.,У неё есть муж.,tatoeba,CC BY 2.0 FR
ehemann:t2349644,ehemann,Wo ist mein Ehemann?,Где мой муж?,tatoeba,CC BY 2.0 FR
ehemann:t9788630,ehemann,Das ist mein Ehemann.,Это мой муж.,tatoeba,CC BY 2.0 FR
ei:t11772825,ei,Ich habe Eier gekauft.,Я купил яйца.,tatoeba,CC BY 2.0 FR
ei:t12875068,ei,Möchten Sie ein Eis?,Мороженого хотите?,tatoeba,CC BY 2.0 FR
ei:t1405485,ei,Ich habe ein Ei.,У меня есть яйцо.,tatoeba,CC BY 2.0 FR
eilig:t1314924,eilig,Haben Sie es eilig?,Вы спешите?,tatoeba,CC BY 2.0 FR
eilig:t2224210,eilig,Ich habe es heute eilig.,Я сегодня спешу.,tatoeba,CC BY 2.0 FR
eilig:t2924824,eilig,Ich hatte es nicht eilig.,Это было не к спеху.,tatoeba,CC BY 2.0 FR
ein:t1898894,ein,Das ist ein Mensch.,Это человек.,tatoeba,CC BY 2.0 FR
ein:t7712255,ein,Sie ist ein Mensch.,Она человек.,tatoeba,CC BY 2.0 FR
ein:t1209,ein,Er ist ein guter Mensch.,Он хороший человек.,tatoeba,CC BY 2.0 FR
ein-adj:t1898894,ein-adj,Das ist ein Mensch.,Это человек.,tatoeba,CC BY 2.0 FR
ein-adj:t7712255,ein-adj,Sie ist ein Mensch.,Она человек.,tatoeba,CC BY 2.0 FR
ein-adj:t1209,ein-adj,Er ist ein guter Mensch.,Он хороший человек.,tatoeba,CC BY 2.0 FR
ein-adv:t1898894,ein-adv,Das ist ein Mensch.,Это человек.,tatoeba,CC BY 2.0 FR
ein-adv:t7712255,ein-adv,Sie ist ein Mensch.,Она человек.,tatoeba,CC BY 2.0 FR
ein-adv:t1209,ein-adv,Er ist ein guter Mensch.,Он хороший человек.,tatoeba,CC BY 2.0 FR
ein-part:t2980725,ein-part,Er hat auch einen.,У него тоже такой есть.,tatoeba,CC BY 2.0 FR
ein-part:t2980726,ein-part,Er hat auch eine.,У него тоже такая есть.,tatoeba,CC BY 2.0 FR
ein-part:t4878252,ein-part,"Sie sind einer von denen, oder?",Вы ведь один из них?,tatoeba,CC BY 2.0 FR
einfach:t12166129,einfach,Es ist einfacher geworden.,Стало проще.,tatoeba,CC BY 2.0 FR
einfach:t1800718,einfach,Es ist sehr einfach.,Это очень просто.,tatoeba,CC BY 2.0 FR
einfach:t2693236,einfach,Das ist sehr einfach!,Это очень просто!,tatoeba,CC BY 2.0 FR
einfach-adv:t1800718,einfach-adv,Es ist sehr einfach.,Это очень просто.,tatoeba,CC BY 2.0 FR
einfach-adv:t2693236,einfach-adv,Das ist sehr einfach!,Это очень просто!,tatoeba,CC BY 2.0 FR
einfach-adv:t2750714,einfach-adv,Was war nicht einfach?,Что было не просто?,tatoeba,CC BY 2.0 FR
eingang:t1185851,eingang,Wo ist der Eingang?,Где вход?,tatoeba,CC BY 2.0 FR
eingang:t8320734,eingang,Ich suche den Eingang.,Я ищу вход.,tatoeba,CC BY 2.0 FR
eingang:t8320736,eingang,Er sucht den Eingang.,Он ищет вход.,tatoeba,CC BY 2.0 FR
einkaufen:t1107205,einkaufen,Ich will einkaufen gehen.,Я хочу пойти за покупками.,tatoeba,CC BY 2.0 FR
einkaufen:t1401784,einkaufen,Ich gehe morgen einkaufen.,Завтра иду за покупками.,tatoeba,CC BY 2.0 FR
einkaufen:t2185357,einkaufen,Ich liebe es einzukaufen!,Люблю ходить по магазинам!,tatoeba,CC BY 2.0 FR
einladen:t10051268,einladen,Wer hat dich eingeladen?,Кто тебя пригласил?,tatoeba,CC BY 2.0 FR
einladen:t1079250,einladen,Wen müssen wir einladen?,Кого нам пригласить?,tatoeba,CC BY 2.0 FR
einladen:t1210454,einladen,Er sollte eingeladen werden.,Он должен быть приглашен.,tatoeba,CC BY 2.0 FR
einladung:t1590910,einladung,Danke für die Einladung!,Спасибо за приглашение.,tatoeba,CC BY 2.0 FR
einladung:t5280185,einladung,Ich habe eine Einladung.,У меня есть приглашение.,tatoeba,CC BY 2.0 FR
einladung:t7828926,einladung,Ist das eine Einladung?,Это приглашение?,tatoeba,CC BY 2.0 FR
einmal:t10113924,einmal,Ich war einmal jung.,Когда-то я была юной.,tatoeba,CC BY 2.0 FR
einmal:t11002767,einmal,Sag es noch einmal.,Скажи ещё раз.,tatoeba,CC BY 2.0 FR
einmal:t14021448,einmal,Wir waren einmal Menschen.,Мы когда-то были людьми.,tatoeba,CC BY 2.0 FR
einsteigen:t12409496,einsteigen,Wir sind in den Bus eingestiegen.,Мы сели в автобус.,tatoeba,CC BY 2.0 FR
einsteigen:t12073918,einsteigen,Wir sind in den falschen Zug eingestiegen.,Мы не в тот поезд сели.,tatoeba,CC BY 2.0 FR
einsteigen:t929887,einsteigen,Ich bin in den falschen Zug eingestiegen.,Я сел не в тот поезд.,tatoeba,CC BY 2.0 FR
eintritt:t2417536,eintritt,Was kostet der Eintritt?,Сколько за вход?,tatoeba,CC BY 2.0 FR
eintritt:t1528343,eintritt,Was kostet der Eintritt bitte?,"Будьте добры, сколько стоит вход?",tatoeba,CC BY 2.0 FR
eintritt:t2569443,eintritt,Wie viel kostet der Eintritt?,Сколько стоит вход?,tatoeba,CC BY 2.0 FR
eltern:t10485642,eltern,Ich habe keine Eltern.,У меня нет родителей.,tatoeba,CC BY 2.0 FR
eltern:t1800908,eltern,Wo sind die Eltern?,Родители где?,tatoeba,CC BY 2.0 FR
eltern:t6364937,eltern,Ich habe junge Eltern.,У меня молодые родители.,tatoeba,CC BY 2.0 FR
empfaenger:t12221312,empfaenger,Kennst du den Empfänger?,Ты знаешь получателя?,tatoeba,CC BY 2.0 FR
empfaenger:t12221323,empfaenger,Der Empfänger ist unbekannt.,Получатель неизвестен.,tatoeba,CC BY 2.0 FR
empfaenger:t13646776,empfaenger,Dieser Brief wird den Empfänger nicht erreichen.,Это письмо не дойдёт до адресата.,tatoeba,CC BY 2.0 FR
empfehlen:t13575153,empfehlen,Das empfiehlt sich nicht.,Это не рекомендуется.,tatoeba,CC BY 2.0 FR
empfehlen:t3872795,empfehlen,Ich würde es nicht empfehlen.,Я бы не советовал.,tatoeba,CC BY 2.0 FR
empfehlen:t8059256,empfehlen,Das würde ich nicht empfehlen.,Я бы не советовал этого.,tatoeba,CC BY 2.0 FR
ende:t10258169,ende,Das ist das Ende!,Это конец!,tatoeba,CC BY 2.0 FR
ende:t3558718,ende,Wie wird das enden?,Чем это кончится?,tatoeba,CC BY 2.0 FR
ende:t608646,ende,Das ist das Ende.,Это конец.,tatoeba,CC BY 2.0 FR
enden:t10258169,enden,Das ist das Ende!,Это конец!,tatoeba,CC BY 2.0 FR
enden:t3558718,enden,Wie wird das enden?,Чем это кончится?,tatoeba,CC BY 2.0 FR
enden:t608646,enden,Das ist das Ende.,Это конец.,tatoeba,CC BY 2.0 FR
entschuldigen:t10077697,entschuldigen,Entschuldige die späte Antwort!,"Прости, что не сразу отвечаю.",tatoeba,CC BY 2.0 FR
entschuldigen:t13425093,entschuldigen,Haben Sie sich entschuldigt?,Вы извинились?,tatoeba,CC BY 2.0 FR
entschuldigen:t1354063,entschuldigen,Sie sollten sich entschuldigen.,Вам надо бы извиниться.,tatoeba,CC BY 2.0 FR
entschuldigung:t2629641,entschuldigung,Entschuldigung. Wer sind Sie?,"Простите, кто Вы?",tatoeba,CC BY 2.0 FR
entschuldigung:t5968093,entschuldigung,"Entschuldigung, wie heißen Sie?","Простите, как Вас зовут?",tatoeba,CC BY 2.0 FR
entschuldigung:t1009326,entschuldigung,"Entschuldigung, ich habe eine Frage.","Простите, у меня есть вопрос.",tatoeba,CC BY 2.0 FR
er:t10760563,er,Er hat sie nicht.,У него их нет.,tatoeba,CC BY 2.0 FR
er:t11064858,er,Das hat er nicht.,Этого у него нет.,tatoeba,CC BY 2.0 FR
er:t2980725,er,Er hat auch einen.,У него тоже такой есть.,tatoeba,CC BY 2.0 FR
ergebnis:t10683588,ergebnis,Wichtig ist das Ergebnis.,Важен результат.,tatoeba,CC BY 2.0 FR
ergebnis:t7633350,ergebnis,Die Ergebnisse waren gut.,Результаты были хорошими.,tatoeba,CC BY 2.0 FR
ergebnis:t9450120,ergebnis,Das Ergebnis war sehr gut.,Результат был очень хорошим.,tatoeba,CC BY 2.0 FR
erklaeren:t2938460,erklaeren,Können Sie das erklären?,Вы можете это объяснить?,tatoeba,CC BY 2.0 FR
erklaeren:t5856656,erklaeren,Ich kann es erklären.,Я могу это объяснить.,tatoeba,CC BY 2.0 FR
erklaeren:t12783029,erklaeren,Sie haben es gut erklärt.,Вы хорошо объяснили.,tatoeba,CC BY 2.0 FR
erlauben:t2252301,erlauben,Das ist nicht erlaubt.,Это не разрешено.,tatoeba,CC BY 2.0 FR
erlauben:t4988514,erlauben,Warum ist das erlaubt?,Почему это разрешено?,tatoeba,CC BY 2.0 FR
erlauben:t5121386,erlauben,Hunde sind nicht erlaubt.,С собаками вход запрещён.,tatoeba,CC BY 2.0 FR
erwachsene:t10476793,erwachsene,Sie ist eine Erwachsene.,Она взрослая.,tatoeba,CC BY 2.0 FR
erwachsene:t13957688,erwachsene,Sie sind eine erwachsene Frau.,Вы взрослая женщина.,tatoeba,CC BY 2.0 FR
erwachsene:t2195984,erwachsene,Er ist ein erwachsener Mann.,Он взрослый мужчина.,tatoeba,CC BY 2.0 FR
erzaehlen:t2854641,erzaehlen,Es gibt viel zu erzählen.,Многое можно рассказать.,tatoeba,CC BY 2.0 FR
erzaehlen:t12029928,erzaehlen,"Ich weiß nicht, was ich erzählen soll.","Я не знаю, что рассказывать.",tatoeba,CC BY 2.0 FR
erzaehlen:t1893384,erzaehlen,Bitte erzählen Sie weiter!,"Рассказывайте дальше, пожалуйста.",tatoeba,CC BY 2.0 FR
es:t5703547,es,Es war zu viel.,Это было слишком.,tatoeba,CC BY 2.0 FR
es:t2176512,es,Es ist nicht zu viel.,Это не слишком много.,tatoeba,CC BY 2.0 FR
es:t2189717,es,So muss es sein.,Так и должно быть.,tatoeba,CC BY 2.0 FR
es-part:t5703547,es-part,Es war zu viel.,Это было слишком.,tatoeba,CC BY 2.0 FR
es-part:t2176512,es-part,Es ist nicht zu viel.,Это не слишком много.,tatoeba,CC BY 2.0 FR
es-part:t2189717,es-part,So muss es sein.,Так и должно быть.,tatoeba,CC BY 2.0 FR
essen:t10483116,essen,Wir müssen Essen kaufen.,Нам нужно купить еды.,tatoeba,CC BY 2.0 FR
essen:t10558759,essen,Menschen essen keine Menschen.,Люди не едят людей.,tatoeba,CC BY 2.0 FR
essen:t12218587,essen,Wo bleibt das Essen?,Где еда?,tatoeba,CC BY 2.0 FR
essen-noun:t10483116,essen-noun,Wir müssen Essen kaufen.,Нам нужно купить еды.,tatoeba,CC BY 2.0 FR
essen-noun:t10558759,essen-noun,Menschen essen keine Menschen.,Люди не едят людей.,tatoeba,CC BY 2.0 FR
essen-noun:t12218587,essen-noun,Wo bleibt das Essen?,Где еда?,tatoeba,CC BY 2.0 FR
euer:t1111102,euer,Er ist euer Vater.,Он ваш отец.,tatoeba,CC BY 2.0 FR
euer:t1116600,euer,Es ist euer Sohn.,Это ваш сын.,tatoeba,CC BY 2.0 FR
euer:t1116601,euer,Er ist euer Sohn.,Он ваш сын.,tatoeba,CC BY 2.0 FR
fahren:t10588884,fahren,Das Auto fahre ich.,Машину веду я.,tatoeba,CC BY 2.0 FR
fahren:t1204038,fahren,Er kann Auto fahren.,Он умеет водить машину.,tatoeba,CC BY 2.0 FR
fahren:t12204194,fahren,Sie wird bald fahren.,Она скоро уедет.,tatoeba,CC BY 2.0 FR
fahrer:t10124943,fahrer,Ich brauche keinen Fahrer.,Мне шофёр не нужен.,tatoeba,CC BY 2.0 FR
fahrer:t8468453,fahrer,Ist das der Fahrer?,Это водитель?,tatoeba,CC BY 2.0 FR
fahrer:t608380,fahrer,Er ist kein guter Fahrer.,Водитель из него никакой.,tatoeba,CC BY 2.0 FR
fahrkarte:t2272533,fahrkarte,Was kostet die Fahrkarte?,Сколько стоит билет?,tatoeba,CC BY 2.0 FR
fahrkarte:t678221,fahrkarte,Ich habe keine Fahrkarte.,У меня нет билета.,tatoeba,CC BY 2.0 FR
fahrkarte:t8276554,fahrkarte,Ich habe eine Fahrkarte.,У меня есть билет.,tatoeba,CC BY 2.0 FR
fahrrad:t11482742,fahrrad,Sie haben kein Fahrrad.,У вас нет велосипеда.,tatoeba,CC BY 2.0 FR
fahrrad:t12416266,fahrrad,Ich fand mein Fahrrad.,Я нашёл свой велосипед.,tatoeba,CC BY 2.0 FR
fahrrad:t1242598,fahrrad,Ich habe kein Fahrrad.,У меня нет велосипеда.,tatoeba,CC BY 2.0 FR
falsch:t11672417,falsch,Das ist einfach falsch.,Это просто неправильно.,tatoeba,CC BY 2.0 FR
falsch:t11782195,falsch,Ich finde das falsch.,"Думаю, это неправильно.",tatoeba,CC BY 2.0 FR
falsch:t12814988,falsch,Die Antwort war falsch.,Ответ был неправильным.,tatoeba,CC BY 2.0 FR
familie:t10084341,familie,Sie haben eine Familie.,У них семья.,tatoeba,CC BY 2.0 FR
familie:t1038488,familie,Ich habe keine Familie.,У меня нет семьи.,tatoeba,CC BY 2.0 FR
familie:t1315676,familie,Haben Sie eine Familie?,У вас есть семья?,tatoeba,CC BY 2.0 FR
familienname:t12458408,familienname,Wie ist dein Familienname?,Как твоя фамилия?,tatoeba,CC BY 2.0 FR
familienname:t6564368,familienname,Ist das dein richtiger Familienname?,Это твоя настоящая фамилия?,tatoeba,CC BY 2.0 FR
familienname:t13000485,familienname,Ich suche ihren Familiennamen.,Я ищу её фамилию.,tatoeba,CC BY 2.0 FR
familienstand:t13928934,familienstand,"Wir brauchen Ihr Alter, Ihren Familienstand und Ihre Adresse.","Нам нужен Ваш возраст, семейное положение и адрес.",tatoeba,CC BY 2.0 FR
farbe:t10497367,farbe,Die Farbe ist schön.,Красивый цвет.,tatoeba,CC BY 2.0 FR
farbe:t11573344,farbe,Gefällt dir die Farbe?,Тебе нравится цвет?,tatoeba,CC BY 2.0 FR
farbe:t11754860,farbe,Das ist eine sehr schöne Farbe.,Это очень красивый цвет.,tatoeba,CC BY 2.0 FR
fax:t12372948,fax,Ich möchte ein Fax schicken.,Я хотел бы отправить факс.,tatoeba,CC BY 2.0 FR
fax:t9843633,fax,"Ich weiß nicht, wie man ein Fax schickt.","Я не знаю, как отправлять факс.",tatoeba,CC BY 2.0 FR
fehlen:t6139713,fehlen,Es fehlt nicht an Arbeit.,Недостатка в работе нет.,tatoeba,CC BY 2.0 FR
fehlen:t6573604,fehlen,Hier fehlt es nicht an Arbeit.,Здесь недостатка в работе нет.,tatoeba,CC BY 2.0 FR
fehlen:t1600967,fehlen,Es fehlt an Wasser.,Воды недостаточно.,tatoeba,CC BY 2.0 FR
fehler:t10476835,fehler,Das war sein Fehler!,Это была его ошибка!,tatoeba,CC BY 2.0 FR
fehler:t11497425,fehler,Wessen Fehler war das?,Чья это была ошибка?,tatoeba,CC BY 2.0 FR
fehler:t13766001,fehler,Das ist unser Fehler.,Это наша ошибка.,tatoeba,CC BY 2.0 FR
feier:t12459038,feier,Es gibt nichts zu feiern.,Праздновать нечего.,tatoeba,CC BY 2.0 FR
feier:t8567882,feier,Ich will nicht auf die Feier.,Я не хочу идти на вечеринку.,tatoeba,CC BY 2.0 FR
feier:t1724026,feier,Es war eine schöne Feier.,Прекрасный был праздник.,tatoeba,CC BY 2.0 FR
feiern:t12459038,feiern,Es gibt nichts zu feiern.,Праздновать нечего.,tatoeba,CC BY 2.0 FR
feiern:t8567882,feiern,Ich will nicht auf die Feier.,Я не хочу идти на вечеринку.,tatoeba,CC BY 2.0 FR
feiern:t1724026,feiern,Es war eine schöne Feier.,Прекрасный был праздник.,tatoeba,CC BY 2.0 FR
fenster:t10032141,fenster,Ich öffne das Fenster.,Я открываю окно.,tatoeba,CC BY 2.0 FR
fenster:t13421284,fenster,Mach die Fenster auf!,Открой окна!,tatoeba,CC BY 2.0 FR
fenster:t13755330,fenster,Bitte schließe das Fenster!,"Закрой, пожалуйста, окно.",tatoeba,CC BY 2.0 FR
fernsehen:t13481493,fernsehen,Sie haben nicht ferngesehen.,Они не смотрели телевизор.,tatoeba,CC BY 2.0 FR
fernsehen:t1510870,fernsehen,Dann habe ich ferngesehen.,Я тогда смотрел телевизор.,tatoeba,CC BY 2.0 FR
fernsehen:t1587346,fernsehen,Ich mag nicht Fernsehen.,Я не люблю смотреть телевизор.,tatoeba,CC BY 2.0 FR
fertig:t12311551,fertig,Sie ist schon fertig.,Она уже готова.,tatoeba,CC BY 2.0 FR
fertig:t1285781,fertig,Ich bin schon fertig.,Я уже готов.,tatoeba,CC BY 2.0 FR
fertig:t1806434,fertig,Das Essen ist fertig.,Еда готова.,tatoeba,CC BY 2.0 FR
feuer:t8320819,feuer,Ich mache ein Feuer.,Я развожу костёр.,tatoeba,CC BY 2.0 FR
feuer:t8320820,feuer,Er macht ein Feuer.,Он разводит костёр.,tatoeba,CC BY 2.0 FR
feuer:t980769,feuer,Das Feuer ging aus.,Огонь погас.,tatoeba,CC BY 2.0 FR
fieber:t12726491,fieber,Ich habe 40 Grad Fieber.,У меня температура сорок.,tatoeba,CC BY 2.0 FR
fieber:t362168,fieber,Ich habe kein Fieber.,У меня нет температуры.,tatoeba,CC BY 2.0 FR
fieber:t452480,fieber,Sie haben kein Fieber.,У Вас нет температуры.,tatoeba,CC BY 2.0 FR
film:t1315491,film,Ich mag Filme sehr.,Я обожаю кино.,tatoeba,CC BY 2.0 FR
film:t1343540,film,Ich mag keine Filme.,Я не люблю кино.,tatoeba,CC BY 2.0 FR
film:t13637966,film,Sie sahen einen Film.,Они смотрели фильм.,tatoeba,CC BY 2.0 FR
finden:t13381172,finden,Das fanden wir auch.,Мы тоже так думали.,tatoeba,CC BY 2.0 FR
finden:t1901933,finden,Ich habe es gefunden.,Я нашёл это.,tatoeba,CC BY 2.0 FR
finden:t2244790,finden,Sie werden es finden.,Они это найдут.,tatoeba,CC BY 2.0 FR
firma:t1293524,firma,Das Geld gehört der Firma.,Деньги принадлежат компании.,tatoeba,CC BY 2.0 FR
firma:t13885875,firma,Ich arbeite in einer kleinen Firma.,Я работаю в небольшой компании.,tatoeba,CC BY 2.0 FR
firma:t609017,firma,Früher ging er zu Fuß in die Firma.,Раньше он ходил пешком до своего офиса.,tatoeba,CC BY 2.0 FR
fisch:t11141969,fisch,Der Fisch ist klein.,Рыба маленькая.,tatoeba,CC BY 2.0 FR
fisch:t12026066,fisch,Was ist ein Fisch?,Что такое рыба?,tatoeba,CC BY 2.0 FR
fisch:t12286107,fisch,Wo ist der Fisch?,Где рыба?,tatoeba,CC BY 2.0 FR
flasche:t1314652,flasche,Mach die Flasche auf.,Открой бутылку.,tatoeba,CC BY 2.0 FR
flasche:t1314653,flasche,Macht die Flasche auf.,Откройте бутылку.,tatoeba,CC BY 2.0 FR
flasche:t13292734,flasche,Ich öffnete die Flasche.,Я открыл бутылку.,tatoeba,CC BY 2.0 FR
fleisch:t10593949,fleisch,Sie haben Fleisch gegessen.,Они ели мясо.,tatoeba,CC BY 2.0 FR
fleisch:t12365652,fleisch,Ich aß das Fleisch.,Я съел мясо.,tatoeba,CC BY 2.0 FR
fleisch:t13117351,fleisch,Sie lieben das Fleisch.,Вы любите мясо.,tatoeba,CC BY 2.0 FR
fliegen:t13815752,fliegen,Hier ist eine Fliege.,Тут муха.,tatoeba,CC BY 2.0 FR
fliegen:t3487998,fliegen,Die Fliege ist klein.,Муха маленькая.,tatoeba,CC BY 2.0 FR
fliegen:t975709,fliegen,Ich kann nicht fliegen.,Я не умею летать.,tatoeba,CC BY 2.0 FR
flughafen:t1356121,flughafen,Der Flughafen ist geschlossen.,Аэропорт закрыт.,tatoeba,CC BY 2.0 FR
flughafen:t403052,flughafen,Wo ist der Flughafen?,Где аэропорт?,tatoeba,CC BY 2.0 FR
flughafen:t1404069,flughafen,Der Flughafen ist nicht weit weg.,Аэропорт недалеко.,tatoeba,CC BY 2.0 FR
flugzeug:t13380804,flugzeug,Das Flugzeug wartet nicht.,Самолёт ждать не будет.,tatoeba,CC BY 2.0 FR
flugzeug:t1341006,flugzeug,Ich sah ein Flugzeug.,Я видел самолет.,tatoeba,CC BY 2.0 FR
flugzeug:t13711568,flugzeug,Ich sehe ein Flugzeug.,Я вижу самолёт.,tatoeba,CC BY 2.0 FR
formular:t13656428,formular,Hat sie schon das Formular ausgefüllt?,Она уже заполнила бланк?,tatoeba,CC BY 2.0 FR
formular:t11527464,formular,Ich habe das Formular sorgsam ausgefüllt.,Я тщательно заполнил формуляр.,tatoeba,CC BY 2.0 FR
formular:t345353,formular,Muss ich dieses Formular jetzt ausfüllen?,Мне нужно заполнить эту форму сейчас?,tatoeba,CC BY 2.0 FR
foto:t1492186,foto,Das sind alte Fotos.,Это старые фотографии.,tatoeba,CC BY 2.0 FR
foto:t2317601,foto,Wessen Foto ist das?,Чьё это фото?,tatoeba,CC BY 2.0 FR
foto:t3513918,foto,Das ist sein Foto.,Это его фото.,tatoeba,CC BY 2.0 FR
frage:t10312002,frage,Ich werde sie fragen.,Я у них спрошу.,tatoeba,CC BY 2.0 FR
frage:t11772712,frage,Stellen Sie keine Fragen!,Не задавайте вопросов!,tatoeba,CC BY 2.0 FR
frage:t12058042,frage,Ich habe keine Fragen.,У меня нет вопросов.,tatoeba,CC BY 2.0 FR
fragen:t10312002,fragen,Ich werde sie fragen.,Я у них спрошу.,tatoeba,CC BY 2.0 FR
fragen:t11772712,fragen,Stellen Sie keine Fragen!,Не задавайте вопросов!,tatoeba,CC BY 2.0 FR
fragen:t12058042,fragen,Ich habe keine Fragen.,У меня нет вопросов.,tatoeba,CC BY 2.0 FR
frau:t1229191,frau,Sie sind eine Frau.,Вы женщина.,tatoeba,CC BY 2.0 FR
frau:t1898892,frau,Das ist eine Frau.,Это женщина.,tatoeba,CC BY 2.0 FR
frau:t3292216,frau,Ich habe keine Frau.,У меня нет жены.,tatoeba,CC BY 2.0 FR
frei:t1009299,frei,Ich habe jetzt frei.,Теперь я свободен.,tatoeba,CC BY 2.0 FR
frei:t1054987,frei,Heute bin ich frei.,Я сегодня свободен.,tatoeba,CC BY 2.0 FR
frei:t2717216,frei,Ich wollte frei sein.,Я хотел быть свободным.,tatoeba,CC BY 2.0 FR
freizeit:t8074815,freizeit,Ich habe keine Freizeit.,У меня нет свободного времени.,tatoeba,CC BY 2.0 FR
freizeit:t905522,freizeit,Hat er viel Freizeit?,У него много свободного времени?,tatoeba,CC BY 2.0 FR
freizeit:t905523,freizeit,Haben Sie viel Freizeit?,У Вас много свободного времени?,tatoeba,CC BY 2.0 FR
fremd:t2878942,fremd,Es gibt keine fremden Kinder.,Чужих детей не бывает.,tatoeba,CC BY 2.0 FR
fremd:t13396404,fremd,Da ist ein Fremder an der Tür.,У двери незнакомец.,tatoeba,CC BY 2.0 FR
fremd:t927398,fremd,Eine fremde Sprache zu lernen ist schwer.,Выучить иностранный язык нелегко.,tatoeba,CC BY 2.0 FR
freund:t10126807,freund,Ich brauche keine Freunde.,Мне не нужны друзья.,tatoeba,CC BY 2.0 FR
freund:t10242176,freund,Sie wurden schnell Freunde.,Они быстро подружились.,tatoeba,CC BY 2.0 FR
freund:t1040111,freund,Sie sind Freunde geblieben.,Они остались друзьями.,tatoeba,CC BY 2.0 FR
frueher:t10079621,frueher,Früher war das so.,Так было раньше.,tatoeba,CC BY 2.0 FR
frueher:t11176693,frueher,Wir sind früher gekommen.,Мы пришли раньше.,tatoeba,CC BY 2.0 FR
frueher:t14004485,frueher,So war es früher.,Так было раньше.,tatoeba,CC BY 2.0 FR
frueher-adv:t10079621,frueher-adv,Früher war das so.,Так было раньше.,tatoeba,CC BY 2.0 FR
frueher-adv:t11176693,frueher-adv,Wir sind früher gekommen.,Мы пришли раньше.,tatoeba,CC BY 2.0 FR
frueher-adv:t14004485,frueher-adv,So war es früher.,Так было раньше.,tatoeba,CC BY 2.0 FR
fruehstueck:t1044297,fruehstueck,Ich frühstücke heute nicht.,Я сегодня не буду завтракать.,tatoeba,CC BY 2.0 FR
fruehstueck:t12752296,fruehstueck,Wie war das Frühstück?,Как завтрак?,tatoeba,CC BY 2.0 FR
fruehstueck:t13030553,fruehstueck,Ich frühstücke oft nicht.,Я часто не завтракаю.,tatoeba,CC BY 2.0 FR
fruehstuecken:t1044297,fruehstuecken,Ich frühstücke heute nicht.,Я сегодня не буду завтракать.,tatoeba,CC BY 2.0 FR
fruehstuecken:t12752296,fruehstuecken,Wie war das Frühstück?,Как завтрак?,tatoeba,CC BY 2.0 FR
fruehstuecken:t13030553,fruehstuecken,Ich frühstücke oft nicht.,Я часто не завтракаю.,tatoeba,CC BY 2.0 FR
fuehrung:t815772,fuehrung,Übernehmen Sie die Führung des Gefechtsstandes!,Захватите командный пост.,tatoeba,CC BY 2.0 FR
fuehrung:t3120500,fuehrung,Wir konstatieren die Unentschlossenheit und Unfähigkeit der Führung.,Мы отмечаем нерешительность и некомпетентность руководства.,tatoeba,CC BY 2.0 FR
fuehrung:t3120503,fuehrung,Wir konstatieren die Zögerlichkeit und Inkompetenz der Führung.,Мы отмечаем нерешительность и некомпетентность руководства.,tatoeba,CC BY 2.0 FR
fuer:t396856,fuer,Das ist für Sie.,Это Вам.,tatoeba,CC BY 2.0 FR
fuer:t1514962,fuer,Soll ich das für Sie machen?,Мне сделать это для Вас?,tatoeba,CC BY 2.0 FR
fuer:t2181444,fuer,Für was ist das?,Для чего это?,tatoeba,CC BY 2.0 FR
fuss:t1219390,fuss,Ich ging zu Fuß.,Я пошёл пешком.,tatoeba,CC BY 2.0 FR
fuss:t13991308,fuss,Geht mehr zu Fuß!,Больше ходите пешком!,tatoeba,CC BY 2.0 FR
fuss:t182037,fuss,Ich gehe zu Fuß.,Я пешком пойду.,tatoeba,CC BY 2.0 FR
fussball:t10125290,fussball,Ich mag Fußball nicht.,Я не люблю футбол.,tatoeba,CC BY 2.0 FR
fussball:t10201812,fussball,Er liebt Fußball sehr.,Он очень любит футбол.,tatoeba,CC BY 2.0 FR
fussball:t11832738,fussball,Wir haben Fußball gespielt.,Мы играли в футбол.,tatoeba,CC BY 2.0 FR
gabel:t1293223,gabel,Es fehlt eine Gabel.,Не хватает вилки.,tatoeba,CC BY 2.0 FR
gabel:t5992967,gabel,Die Gabel ist klein.,Вилка маленькая.,tatoeba,CC BY 2.0 FR
gabel:t9964974,gabel,Das ist eine Gabel.,Это вилка.,tatoeba,CC BY 2.0 FR
garten:t1022971,garten,Mein Garten ist klein.,Мой сад маленький.,tatoeba,CC BY 2.0 FR
garten:t11861009,garten,Der Garten ist klein.,Сад маленький.,tatoeba,CC BY 2.0 FR
garten:t12779650,garten,Sie hat einen Garten.,У неё есть сад.,tatoeba,CC BY 2.0 FR
gast:t13459971,gast,Haben Sie einen Gast?,У Вас гости?,tatoeba,CC BY 2.0 FR
gast:t13934359,gast,Die Gäste sind gleich da.,Гости скоро будут.,tatoeba,CC BY 2.0 FR
gast:t7480265,gast,Wir warten auf die Gäste.,Мы ждём гостей.,tatoeba,CC BY 2.0 FR
geben:t8060562,geben,Er hat nicht viel zu geben.,Он мало что может дать.,tatoeba,CC BY 2.0 FR
geben:t4253953,geben,Es gibt nicht viel zu sagen.,Сказать особенно нечего.,tatoeba,CC BY 2.0 FR
geben:t452539,geben,Was gibt es Neues?,Какие новости?,tatoeba,CC BY 2.0 FR
geboren:t10001739,geboren,Ich bin hier geboren.,Я здесь родилась.,tatoeba,CC BY 2.0 FR
geboren:t10290056,geboren,Wo ist sie geboren?,Где она родилась?,tatoeba,CC BY 2.0 FR
geboren:t1246142,geboren,Ich wurde dort geboren.,Я родился там.,tatoeba,CC BY 2.0 FR
geburtsjahr:t7873850,geburtsjahr,Meine PIN ist mein Geburtsjahr.,Мой ПИН-код - мой год рождения.,tatoeba,CC BY 2.0 FR
geburtsort:t342514,geburtsort,Ich kenne meinen genauen Geburtsort nicht.,Мне не известно точное место моего рождения.,tatoeba,CC BY 2.0 FR
geburtsort:t4133092,geburtsort,Der Geburtsort meiner Mutter befindet sich im Osten des Landes.,Место рождения моей матери находится на востоке страны.,tatoeba,CC BY 2.0 FR
geburtstag:t11831074,geburtstag,Wer hat heute Geburtstag?,У кого сегодня день рождения?,tatoeba,CC BY 2.0 FR
geburtstag:t12405494,geburtstag,Er hat bald Geburtstag.,У него скоро день рождения.,tatoeba,CC BY 2.0 FR
geburtstag:t12405495,geburtstag,Sie hat bald Geburtstag.,У неё скоро день рождения.,tatoeba,CC BY 2.0 FR
gefallen:t13042350,gefallen,Er wird denen gefallen.,Он им понравится.,tatoeba,CC BY 2.0 FR
gefallen:t13913779,gefallen,Sie haben Bäume gefällt.,Они срубили деревья.,tatoeba,CC BY 2.0 FR
gefallen:t643841,gefallen,Unser Sohn ist gefallen.,Наш сын упал.,tatoeba,CC BY 2.0 FR
gefallen-adj:t13042350,gefallen-adj,Er wird denen gefallen.,Он им понравится.,tatoeba,CC BY 2.0 FR
gefallen-adj:t643841,gefallen-adj,Unser Sohn ist gefallen.,Наш сын упал.,tatoeba,CC BY 2.0 FR
gefallen-adj:t7022658,gefallen-adj,Ich wollte den Leuten gefallen.,Я хотел нравиться людям.,tatoeba,CC BY 2.0 FR
gegen:t11157579,gegen,Sind Sie gegen sie?,Вы против них?,tatoeba,CC BY 2.0 FR
gegen:t8277613,gegen,Ich habe nichts gegen sie.,Я ничего против неё не имею.,tatoeba,CC BY 2.0 FR
gegen:t8874555,gegen,Wir können gegen sie nichts tun.,Мы ничего не могли с ней поделать.,tatoeba,CC BY 2.0 FR
gehen:t1909193,gehen,Sie werden gehen müssen.,Им придётся пойти.,tatoeba,CC BY 2.0 FR
gehen:t366410,gehen,Er wird nicht gehen.,Он не пойдёт.,tatoeba,CC BY 2.0 FR
gehen:t5121029,gehen,Es geht auch so.,Можно и так.,tatoeba,CC BY 2.0 FR
gehoeren:t13464356,gehoeren,Haben sie Sie gehört?,Они Вас слышали?,tatoeba,CC BY 2.0 FR
gehoeren:t1450818,gehoeren,Was haben Sie gehört?,Что вы слышали?,tatoeba,CC BY 2.0 FR
gehoeren:t1466306,gehoeren,So habe ich gehört.,Так я слышал.,tatoeba,CC BY 2.0 FR
geld:t11765350,geld,Brauchen Sie viel Geld?,Вам много денег нужно?,tatoeba,CC BY 2.0 FR
geld:t12408141,geld,Zeit ist nicht Geld.,Время не деньги.,tatoeba,CC BY 2.0 FR
geld:t12925980,geld,Brauchen Sie noch Geld?,Вам ещё нужны деньги?,tatoeba,CC BY 2.0 FR
gemuese:t10745960,gemuese,Gemüse kann nicht sprechen.,Овощи не разговаривают.,tatoeba,CC BY 2.0 FR
gemuese:t13558468,gemuese,Er hat kein Gemüse.,У него нет овощей.,tatoeba,CC BY 2.0 FR
gemuese:t1496778,gemuese,Wo kaufen Sie Gemüse?,Где Вы покупаете овощи?,tatoeba,CC BY 2.0 FR
geoeffnet:t11565749,geoeffnet,Wird aber noch geöffnet sein?,А ещё будет открыто?,tatoeba,CC BY 2.0 FR
geoeffnet:t3261313,geoeffnet,Ist das Schloss heute geöffnet?,Замок сегодня открыт?,tatoeba,CC BY 2.0 FR
geoeffnet:t8456919,geoeffnet,Wir haben noch nicht geöffnet.,Мы ещё не открылись.,tatoeba,CC BY 2.0 FR
geoeffnet-adj:t11565749,geoeffnet-adj,Wird aber noch geöffnet sein?,А ещё будет открыто?,tatoeba,CC BY 2.0 FR
geoeffnet-adj:t3261313,geoeffnet-adj,Ist das Schloss heute geöffnet?,Замок сегодня открыт?,tatoeba,CC BY 2.0 FR
geoeffnet-adj:t8456919,geoeffnet-adj,Wir haben noch nicht geöffnet.,Мы ещё не открылись.,tatoeba,CC BY 2.0 FR
gepaeck:t10164988,gepaeck,Ich habe kein Gepäck.,У меня нет багажа.,tatoeba,CC BY 2.0 FR
gepaeck:t12625750,gepaeck,Wo ist unser Gepäck?,Где наш багаж?,tatoeba,CC BY 2.0 FR
gepaeck:t13949826,gepaeck,Das ist mein Gepäck.,Это мой багаж.,tatoeba,CC BY 2.0 FR
gerade:t13432635,gerade,Er braucht gerade Geld.,Ему сейчас нужны деньги.,tatoeba,CC BY 2.0 FR
gerade:t1345345,gerade,Er kam gerade an.,Он только что пришёл.,tatoeba,CC BY 2.0 FR
gerade:t11179230,gerade,Sie ist gerade zu Hause.,Она сейчас дома.,tatoeba,CC BY 2.0 FR
gerade-adv:t13432635,gerade-adv,Er braucht gerade Geld.,Ему сейчас нужны деньги.,tatoeba,CC BY 2.0 FR
gerade-adv:t1345345,gerade-adv,Er kam gerade an.,Он только что пришёл.,tatoeba,CC BY 2.0 FR
gerade-adv:t11179230,gerade-adv,Sie ist gerade zu Hause.,Она сейчас дома.,tatoeba,CC BY 2.0 FR
geradeaus:t2283523,geradeaus,Gehen Sie weiter geradeaus.,Идите вперёд.,tatoeba,CC BY 2.0 FR
geradeaus:t444671,geradeaus,Gehen Sie immer geradeaus!,Идите всё время прямо!,tatoeba,CC BY 2.0 FR
geradeaus:t2709146,geradeaus,Geht diese Straße geradeaus.,Идите прямо по этой улице.,tatoeba,CC BY 2.0 FR
geschaeft:t13380789,geschaeft,Das Geschäft hat geöffnet.,Магазин работает.,tatoeba,CC BY 2.0 FR
geschaeft:t13798180,geschaeft,Das ist ein Geschäft.,Это магазин.,tatoeba,CC BY 2.0 FR
geschaeft:t782272,geschaeft,Das ist sein Geschäft.,Это его магазин.,tatoeba,CC BY 2.0 FR
geschenk:t12988801,geschenk,Ich werde Geschenke bekommen.,Я получу подарки.,tatoeba,CC BY 2.0 FR
geschenk:t13895613,geschenk,Er öffnete das Geschenk.,Он открыл подарок.,tatoeba,CC BY 2.0 FR
geschenk:t1907195,geschenk,Es war ein Geschenk.,Это был подарок.,tatoeba,CC BY 2.0 FR
geschlossen:t12925501,geschlossen,Die Schulen sind geschlossen.,Школы закрыты.,tatoeba,CC BY 2.0 FR
geschlossen:t2335218,geschlossen,Die Schule ist geschlossen.,Школа закрыта.,tatoeba,CC BY 2.0 FR
geschlossen:t7489844,geschlossen,Wir haben heute geschlossen.,Мы сегодня закрыты.,tatoeba,CC BY 2.0 FR
geschlossen-adj:t12925501,geschlossen-adj,Die Schulen sind geschlossen.,Школы закрыты.,tatoeba,CC BY 2.0 FR
geschlossen-adj:t2335218,geschlossen-adj,Die Schule ist geschlossen.,Школа закрыта.,tatoeba,CC BY 2.0 FR
geschlossen-adj:t7489844,geschlossen-adj,Wir haben heute geschlossen.,Мы сегодня закрыты.,tatoeba,CC BY 2.0 FR
geschlossen-adv:t12925501,geschlossen-adv,Die Schulen sind geschlossen.,Школы закрыты.,tatoeba,CC BY 2.0 FR
geschlossen-adv:t2335218,geschlossen-adv,Die Schule ist geschlossen.,Школа закрыта.,tatoeba,CC BY 2.0 FR
geschlossen-adv:t7489844,geschlossen-adv,Wir haben heute geschlossen.,Мы сегодня закрыты.,tatoeba,CC BY 2.0 FR
geschwister:t2606468,geschwister,Ich habe keine Geschwister.,У меня нет братьев и сестёр.,tatoeba,CC BY 2.0 FR
geschwister:t8633694,geschwister,Er hat keine Geschwister.,"У него нет ни братьев, ни сестёр.",tatoeba,CC BY 2.0 FR
geschwister:t917195,geschwister,Sie hat keine Geschwister.,"У неё нет ни братьев, ни сестёр.",tatoeba,CC BY 2.0 FR
gespraech:t8663158,gespraech,Wir hatten ein gutes Gespräch.,Мы хорошо поговорили.,tatoeba,CC BY 2.0 FR
gespraech:t13750583,gespraech,Das Gespräch wird aufgezeichnet.,Разговор записывается.,tatoeba,CC BY 2.0 FR
gespraech:t2413507,gespraech,Das Gespräch wurde immer lebhafter.,Разговор становился всё оживлённее.,tatoeba,CC BY 2.0 FR
gestern:t10627061,gestern,Wer hatte gestern Geburtstag?,У кого вчера был день рождения?,tatoeba,CC BY 2.0 FR
gestern:t10816599,gestern,Hier waren wir gestern.,Здесь мы были вчера.,tatoeba,CC BY 2.0 FR
gestern:t12524525,gestern,Waren Sie gestern arbeiten?,Вы вчера работали?,tatoeba,CC BY 2.0 FR
gestorben:t12279520,gestorben,Warum ist er gestorben?,Из-за чего он умер?,tatoeba,CC BY 2.0 FR
gestorben:t13460163,gestorben,Sie sind schon gestorben.,Они уже умерли.,tatoeba,CC BY 2.0 FR
gestorben:t6383840,gestorben,Sie ist jung gestorben.,Она умерла молодой.,tatoeba,CC BY 2.0 FR
gestorben-adj:t12279520,gestorben-adj,Warum ist er gestorben?,Из-за чего он умер?,tatoeba,CC BY 2.0 FR
gestorben-adj:t13460163,gestorben-adj,Sie sind schon gestorben.,Они уже умерли.,tatoeba,CC BY 2.0 FR
gestorben-adj:t6383840,gestorben-adj,Sie ist jung gestorben.,Она умерла молодой.,tatoeba,CC BY 2.0 FR
getraenk:t6640998,getraenk,Wo ist dein Getränk?,Где твой напиток?,tatoeba,CC BY 2.0 FR
getraenk:t7010520,getraenk,Vergiss die Getränke nicht!,Не забудь напитки.,tatoeba,CC BY 2.0 FR
getraenk:t13622026,getraenk,Haben Sie auch Getränke ohne Zucker?,У вас есть напитки без сахара?,tatoeba,CC BY 2.0 FR
gewicht:t8433195,gewicht,Sie werden nach Gewicht verkauft.,Они продаются на вес.,tatoeba,CC BY 2.0 FR
gewicht:t638602,gewicht,Ich habe ein kleines Gewicht verloren.,Я потерял маленькую гирьку.,tatoeba,CC BY 2.0 FR
gewicht:t797582,gewicht,Darf ich nach Ihrem Gewicht fragen?,"Можно узнать, какой у Вас вес?",tatoeba,CC BY 2.0 FR
gewinnen:t10171474,gewinnen,Sie werden nicht gewinnen.,Они не выиграют.,tatoeba,CC BY 2.0 FR
gewinnen:t10327192,gewinnen,Ich kann nicht gewinnen.,Я не могу выиграть.,tatoeba,CC BY 2.0 FR
gewinnen:t10655153,gewinnen,Teilen wir den Gewinn.,Давайте разделим прибыль.,tatoeba,CC BY 2.0 FR
glas:t12003417,glas,Trink noch ein Glas.,Выпей ещё стаканчик.,tatoeba,CC BY 2.0 FR
glas:t3064999,glas,Ist das mein Glas?,Это мой стакан?,tatoeba,CC BY 2.0 FR
glas:t3327284,glas,Wo sind die Gläser?,Где стаканы?,tatoeba,CC BY 2.0 FR
glauben:t11026822,glauben,Wem sollte ich glauben?,Кому я должен был верить?,tatoeba,CC BY 2.0 FR
glauben:t13973182,glauben,"Ich glaube, er ist 40.","Думаю, ему сорок.",tatoeba,CC BY 2.0 FR
glauben:t13973183,glauben,"Ich glaube, sie ist 40.","Думаю, ей сорок.",tatoeba,CC BY 2.0 FR
gleich:t2226425,gleich,Ich bin gleich da.,Я уже подъезжаю.,tatoeba,CC BY 2.0 FR
gleich:t611601,gleich,Das gleiche alte Problem.,Та же самая проблема.,tatoeba,CC BY 2.0 FR
gleich:t5724691,gleich,Ich hatte das gleiche Problem.,У меня была та же проблема.,tatoeba,CC BY 2.0 FR
gleich-adv:t2226425,gleich-adv,Ich bin gleich da.,Я уже подъезжаю.,tatoeba,CC BY 2.0 FR
gleich-adv:t475465,gleich-adv,Sie und ich sind gleich alt.,Мы с вами ровесники.,tatoeba,CC BY 2.0 FR
gleich-adv:t7712419,gleich-adv,Er und ich sind gleich alt.,Мы с ним одного возраста.,tatoeba,CC BY 2.0 FR
gleis:t13412414,gleis,Sie wartet am Gleis auf dich.,Она ждёт тебя на перроне.,tatoeba,CC BY 2.0 FR
gleis:t4871509,gleis,Ein betrunkener Schwarzfahrer schubste gestern einen Kontrolleur auf ein U-Bahn-Gleis.,Вчера пьяный безбилетник толкнул контролёра на рельсы в метро.,tatoeba,CC BY 2.0 FR
glueck:t2865758,glueck,Wir hatten kein Glück.,Нам не повезло.,tatoeba,CC BY 2.0 FR
glueck:t341371,glueck,Aber er hatte Glück.,Но ему повезло.,tatoeba,CC BY 2.0 FR
glueck:t4700785,glueck,Sie hatten einfach Glück.,Им просто повезло.,tatoeba,CC BY 2.0 FR
gluecklich:t11272350,gluecklich,Bäume machen einen glücklicher.,Деревья делают нас счастливее.,tatoeba,CC BY 2.0 FR
gluecklich:t12451541,gluecklich,Glückliche Menschen arbeiten besser.,Счастливые люди лучше работают.,tatoeba,CC BY 2.0 FR
gluecklich:t1675410,gluecklich,Er war sehr glücklich.,Он был очень счастлив.,tatoeba,CC BY 2.0 FR
glueckwunsch:t404606,glueckwunsch,Herzlichen Glückwunsch zum Geburtstag!,С днём рождения!,tatoeba,CC BY 2.0 FR
glueckwunsch:t11692692,glueckwunsch,Herzlichen Glückwunsch zu deinem Geburtstag!,Поздравляю тебя с днём рождения!,tatoeba,CC BY 2.0 FR
glueckwunsch:t13656192,glueckwunsch,Glückwunsch! Sie haben die Prüfung bestanden.,Поздравляю! Вы прошли проверку.,tatoeba,CC BY 2.0 FR
grad:t13459813,grad,Das Wasser hat 38 Grad.,Температура воды — 38 градусов.,tatoeba,CC BY 2.0 FR
grad:t6672727,grad,Hier haben wir 30 Grad.,У нас тут тридцать градусов.,tatoeba,CC BY 2.0 FR
grad:t1218763,grad,Das wollte ich auch grade sagen.,Я то же самое хотел сказать.,tatoeba,CC BY 2.0 FR
gratulieren:t8351446,gratulieren,Ich möchte dir gratulieren.,Я хотел бы тебя поздравить.,tatoeba,CC BY 2.0 FR
gratulieren:t10116827,gratulieren,Ich gratuliere! Sie haben einen Sohn.,Поздравляю! У вас сын.,tatoeba,CC BY 2.0 FR
gratulieren:t10116829,gratulieren,Ich gratuliere! Sie haben eine Tochter.,Поздравляю! У вас дочь.,tatoeba,CC BY 2.0 FR
grillen:t4910991,grillen,Was grillst du da?,Что это ты тут жаришь?,tatoeba,CC BY 2.0 FR
grillen:t7556735,grillen,Abends zirpten die Grillen.,По вечерам стрекотали сверчки.,tatoeba,CC BY 2.0 FR
grillen:t10473783,grillen,Die Steaks waren perfekt gegrillt.,Стейки были идеально прожарены.,tatoeba,CC BY 2.0 FR
groesse:t13630110,groesse,Es gibt verschiedene Größen.,Есть разные размеры.,tatoeba,CC BY 2.0 FR
groesse:t2234648,groesse,Welche Größe haben Sie?,Какой у Вас размер?,tatoeba,CC BY 2.0 FR
groesse:t2449462,groesse,Größe heißt: Richtung geben.,Быть великим значит давать направление.,tatoeba,CC BY 2.0 FR
gross:t10099256,gross,Es war nicht groß.,Оно было небольшое.,tatoeba,CC BY 2.0 FR
gross:t12598005,gross,Sie sind so groß!,Вы такой высокий!,tatoeba,CC BY 2.0 FR
gross:t338297,gross,Wie groß sind Sie?,Какой у Вас рост?,tatoeba,CC BY 2.0 FR
gross-adv:t10099256,gross-adv,Es war nicht groß.,Оно было небольшое.,tatoeba,CC BY 2.0 FR
gross-adv:t12598005,gross-adv,Sie sind so groß!,Вы такой высокий!,tatoeba,CC BY 2.0 FR
gross-adv:t338297,gross-adv,Wie groß sind Sie?,Какой у Вас рост?,tatoeba,CC BY 2.0 FR
grosseltern:t6301894,grosseltern,Die Großeltern mögen die Bäume.,Бабушке с дедом нравятся эти деревья.,tatoeba,CC BY 2.0 FR
grosseltern:t5340751,grosseltern,"Die Großeltern leben nicht in der Stadt, sie leben auf dem Lande.","Бабушки и дедушки живут не в городе, они живут в сельской местности.",tatoeba,CC BY 2.0 FR
grosseltern:t10713199,grosseltern,Meine Großeltern sind tot.,Мои бабушка и дедушка умерли.,tatoeba,CC BY 2.0 FR
grossmutter:t13996696,grossmutter,Sie besuchten die Großmutter.,Они навестили бабушку.,tatoeba,CC BY 2.0 FR
grossmutter:t13996695,grossmutter,Sie haben die Großmutter besucht.,Они навестили бабушку.,tatoeba,CC BY 2.0 FR
grossmutter:t1042740,grossmutter,Meine Großmutter ist krank.,Моя бабушка больна.,tatoeba,CC BY 2.0 FR
grossvater:t11134948,grossvater,Wie hieß dein Großvater?,Как звали твоего деда?,tatoeba,CC BY 2.0 FR
grossvater:t13210294,grossvater,Mein Großvater ist alt.,Мой дедушка старый.,tatoeba,CC BY 2.0 FR
grossvater:t13537898,grossvater,Wo ist dein Großvater?,Где твой дедушка?,tatoeba,CC BY 2.0 FR
gruppe:t13474914,gruppe,Sie werden in Gruppen arbeiten.,Вы будете работать в группах.,tatoeba,CC BY 2.0 FR
gruppe:t6688615,gruppe,Das ist meine Gruppe.,Это моя группа.,tatoeba,CC BY 2.0 FR
gruppe:t1429007,gruppe,Ist er aus dieser Gruppe?,Он из этой группы?,tatoeba,CC BY 2.0 FR
gruss:t1285773,gruss,Wir haben Grüße ausgetauscht.,Мы обменялись приветствиями.,tatoeba,CC BY 2.0 FR
gruss:t1285774,gruss,Wir tauschten Grüße aus.,Мы обменялись приветствиями.,tatoeba,CC BY 2.0 FR
gruss:t2493705,gruss,Grüßen Sie Ihre Familie!,Передавайте привет семье.,tatoeba,CC BY 2.0 FR
gueltig:t12383277,gueltig,Ist Ihr Angebot noch gültig?,Ваше предложение ещё в силе?,tatoeba,CC BY 2.0 FR
gueltig:t13411645,gueltig,Meine Papiere sind nicht mehr gültig.,Мои документы уже не действительны.,tatoeba,CC BY 2.0 FR
gueltig:t711598,gueltig,Die Karte war bis Januar 2006 gültig.,Карта была действительна до января 2006 года.,tatoeba,CC BY 2.0 FR
guenstig:t9321396,guenstig,Unser Haus ist günstig gelegen.,Наш дом удобно расположен.,tatoeba,CC BY 2.0 FR
guenstig:t3977858,guenstig,Das ist ein günstiges Restaurant.,Это недорогой ресторан.,tatoeba,CC BY 2.0 FR
guenstig:t1387356,guenstig,Ich kenn einen guten Laden mit günstigen Preisen.,Я знаю один хороший магазин с разумными ценами.,tatoeba,CC BY 2.0 FR
gut:t10246415,gut,Das ist so gut.,Это так хорошо.,tatoeba,CC BY 2.0 FR
gut:t11294171,gut,Das sind die Besten.,Это лучшие.,tatoeba,CC BY 2.0 FR
gut:t12418487,gut,Besser wird es nicht.,Лучше не будет.,tatoeba,CC BY 2.0 FR
gut-adv:t10246415,gut-adv,Das ist so gut.,Это так хорошо.,tatoeba,CC BY 2.0 FR
gut-adv:t12418487,gut-adv,Besser wird es nicht.,Лучше не будет.,tatoeba,CC BY 2.0 FR
gut-adv:t1907056,gut-adv,Das ist nicht gut.,Это нехорошо.,tatoeba,CC BY 2.0 FR
haar:t11478057,haar,Mein Haar ist lang.,У меня длинные волосы.,tatoeba,CC BY 2.0 FR
haar:t12341882,haar,Hat sie langes Haar?,У неё длинные волосы?,tatoeba,CC BY 2.0 FR
haar:t1420849,haar,Sein Haar ist lang.,У него длинные волосы.,tatoeba,CC BY 2.0 FR
haben:t10760563,haben,Er hat sie nicht.,У него их нет.,tatoeba,CC BY 2.0 FR
haben:t11064858,haben,Das hat er nicht.,Этого у него нет.,tatoeba,CC BY 2.0 FR
haben:t2980725,haben,Er hat auch einen.,У него тоже такой есть.,tatoeba,CC BY 2.0 FR
haehnchen:t6323957,haehnchen,Ich bereite zum Abendessen Hähnchen mit Reis zu.,Я готовлю на ужин цыплёнка с рисом.,tatoeba,CC BY 2.0 FR
halle:t1871085,halle,Die Halle war randvoll.,Зал был переполнен.,tatoeba,CC BY 2.0 FR
halle:t4633997,halle,Die Halle war leer.,Зал был пуст.,tatoeba,CC BY 2.0 FR
halle:t9311663,halle,Halle ist auch eine Stadt in Deutschland.,Галле также город в Германии.,tatoeba,CC BY 2.0 FR
halten:t1865469,halten,Ich halte das nicht aus.,Я этого не выношу.,tatoeba,CC BY 2.0 FR
halten:t13231687,halten,Das halte ich nicht für wichtig.,Я не считаю это важным.,tatoeba,CC BY 2.0 FR
halten:t1758691,halten,Ich halte das für sehr wichtig.,Я считаю это очень важным.,tatoeba,CC BY 2.0 FR
haltestelle:t1317699,haltestelle,Wo ist die Haltestelle?,Где находится остановка?,tatoeba,CC BY 2.0 FR
haltestelle:t7463697,haltestelle,"Wie heißt die Haltestelle, an der ich aussteigen muss?","Как называется остановка, на которой мне нужно выходить?",tatoeba,CC BY 2.0 FR
haltestelle:t2158348,haltestelle,Wie heißt die nächste Haltestelle?,Как называется следующая остановка?,tatoeba,CC BY 2.0 FR
hand:t2824652,hand,Ich habe große Hände.,У меня большие руки.,tatoeba,CC BY 2.0 FR
hand:t4407759,hand,Er hat große Hände.,У него большие руки.,tatoeba,CC BY 2.0 FR
hand:t5305821,hand,Ich habe kleine Hände.,У меня маленькие руки.,tatoeba,CC BY 2.0 FR
handy:t10465027,handy,Ich suche mein Handy.,Я ищу свой мобильный.,tatoeba,CC BY 2.0 FR
handy:t13930378,handy,Weg mit dem Handy!,Хватит сидеть в телефоне.,tatoeba,CC BY 2.0 FR
handy:t1814448,handy,Wo ist mein Handy?,Где мой мобильный?,tatoeba,CC BY 2.0 FR
haus:t10000226,haus,Wir müssen nach Hause.,Нам надо домой.,tatoeba,CC BY 2.0 FR
haus:t10004001,haus,Das Haus ist weiß.,Дом белый.,tatoeba,CC BY 2.0 FR
haus:t10018916,haus,Sie kam nach Hause.,Она пришла домой.,tatoeba,CC BY 2.0 FR
hausaufgabe:t4184061,hausaufgabe,Ich muss Hausaufgaben machen.,Мне надо уроки делать.,tatoeba,CC BY 2.0 FR
hausaufgabe:t683917,hausaufgabe,Ich mag keine Hausaufgaben.,Я не люблю домашние задания.,tatoeba,CC BY 2.0 FR
hausaufgabe:t1052504,hausaufgabe,Ich habe heute keine Hausaufgaben.,Нам сегодня ничего не задали.,tatoeba,CC BY 2.0 FR
hausfrau:t5698960,hausfrau,Toms Mutter ist Hausfrau.,Мать Тома - домохозяйка.,tatoeba,CC BY 2.0 FR
hausfrau:t1476007,hausfrau,Eine Hausfrau sollte sparsam sein.,Хозяйке следует быть экономной.,tatoeba,CC BY 2.0 FR
hausfrau:t7303055,hausfrau,Eine gute Hausfrau ist die beste Sparkasse.,Самый лучший сберегательный банк - это хорошая домохозяйка.,tatoeba,CC BY 2.0 FR
heimat:t4699558,heimat,Ich habe keine Heimat.,У меня нет родины.,tatoeba,CC BY 2.0 FR
heimat:t12946065,heimat,Ich liebe die Heimat nicht.,Я не люблю родину.,tatoeba,CC BY 2.0 FR
heimat:t2761443,heimat,"Glücklich ist, wer eine Heimat hat.","Счастлив тот, у кого есть родина.",tatoeba,CC BY 2.0 FR
heiraten:t11787219,heiraten,Ich habe jung geheiratet.,Я вышла замуж молодой.,tatoeba,CC BY 2.0 FR
heiraten:t12031722,heiraten,Wer hat sie geheiratet?,Кто на ней женился?,tatoeba,CC BY 2.0 FR
heiraten:t12236637,heiraten,Wann werden sie heiraten?,Когда они женятся?,tatoeba,CC BY 2.0 FR
heissen:t10935235,heissen,Was soll das heißen?,Как это должно называться?,tatoeba,CC BY 2.0 FR
heissen:t1907060,heissen,So heiße ich nicht.,Меня не так зовут.,tatoeba,CC BY 2.0 FR
heissen:t3048202,heissen,Besser heißt nicht gut.,Лучше — не значит хорошо.,tatoeba,CC BY 2.0 FR
heissen-adj:t10935235,heissen-adj,Was soll das heißen?,Как это должно называться?,tatoeba,CC BY 2.0 FR
heissen-adj:t1165750,heissen-adj,"Ich weiß, wie Sie heißen.","Я знаю, как Вас зовут.",tatoeba,CC BY 2.0 FR
heissen-adj:t13878385,heissen-adj,"Er weiß, wie wir heißen.","Он знает, как нас зовут.",tatoeba,CC BY 2.0 FR
helfen:t10126774,helfen,Ich will nicht helfen.,Я не хочу помогать.,tatoeba,CC BY 2.0 FR
helfen:t13357291,helfen,Das hat nicht geholfen.,Это не помогло.,tatoeba,CC BY 2.0 FR
helfen:t13669022,helfen,Nur Sie können helfen.,Только Вы можете помочь.,tatoeba,CC BY 2.0 FR
hell:t341549,hell,Ich mag helle Farben.,Мне нравятся светлые тона.,tatoeba,CC BY 2.0 FR
hell:t5582815,hell,Haben Sie helles Bier?,У Вас есть светлое пиво?,tatoeba,CC BY 2.0 FR
hell:t913937,hell,Die Sonne scheint hell.,Солнце светит ярко.,tatoeba,CC BY 2.0 FR
hell-adv:t913937,hell-adv,Die Sonne scheint hell.,Солнце светит ярко.,tatoeba,CC BY 2.0 FR
hell-adv:t2391461,hell-adv,Es begann hell zu werden.,Стало светать.,tatoeba,CC BY 2.0 FR
hell-adv:t988947,hell-adv,Draußen ist es noch hell.,На улице ещё светло.,tatoeba,CC BY 2.0 FR
herd:t11784959,herd,Giraffen leben in Herden.,Жирафы живут стадами.,tatoeba,CC BY 2.0 FR
herd:t10779693,herd,Der Topf steht auf dem Herd.,Кастрюля стоит на плите.,tatoeba,CC BY 2.0 FR
herd:t592991,herd,Der Kessel pfeift auf dem Herd.,Чайник свистит на плите.,tatoeba,CC BY 2.0 FR
herr:t2483332,herr,Herr Jung ist alt.,Г-н Молодой стар.,tatoeba,CC BY 2.0 FR
herr:t13658666,herr,Ich half einem älteren Herrn über die Straße.,Я помог пожилому мужчине перейти дорогу.,tatoeba,CC BY 2.0 FR
herr:t13658664,herr,Ich habe einem älteren Herrn über die Straße geholfen.,Я помог пожилому мужчине перейти дорогу.,tatoeba,CC BY 2.0 FR
herzlich:t4847757,herzlich,"Liebe Freunde, habt Dank für die herzlichen Briefe!","Дорогие друзья, спасибо вам за тёплые письма!",tatoeba,CC BY 2.0 FR
herzlich:t11983304,herzlich,"Herzlich willkommen, liebe Gäste!","Добро пожаловать, дорогие гости!",tatoeba,CC BY 2.0 FR
herzlich:t1432982,herzlich,Herzlichen Dank für dein Interesse.,Большое спасибо за твой интерес.,tatoeba,CC BY 2.0 FR
heute:t1007958,heute,Was machen Sie heute?,Чем сегодня занимаетесь?,tatoeba,CC BY 2.0 FR
heute:t1108781,heute,Sie kommen nicht heute.,Они сегодня не придут.,tatoeba,CC BY 2.0 FR
heute:t1584290,heute,Heute komme ich nicht.,Я сегодня не приду.,tatoeba,CC BY 2.0 FR
hier:t12441302,hier,Er ist noch hier.,Он ещё здесь.,tatoeba,CC BY 2.0 FR
hier:t1256889,hier,Was geht hier vor?,Что тут происходит?,tatoeba,CC BY 2.0 FR
hier:t12704982,hier,Was machen Sie hier?,Что Вы тут делаете?,tatoeba,CC BY 2.0 FR
hilfe:t10067360,hilfe,Ich brauche hier Hilfe.,Мне тут помощь нужна.,tatoeba,CC BY 2.0 FR
hilfe:t12613349,hilfe,Er braucht einfach Hilfe.,Ему просто нужна помощь.,tatoeba,CC BY 2.0 FR
hilfe:t2317027,hilfe,Ich brauche keine Hilfe.,Мне не нужна помощь.,tatoeba,CC BY 2.0 FR
hinten:t13926474,hinten,Ich wollte hinten sitzen.,Я хотел сидеть сзади.,tatoeba,CC BY 2.0 FR
hinten:t8646350,hinten,Vielleicht sitze ich hinten.,Я могу сесть сзади.,tatoeba,CC BY 2.0 FR
hinten:t6798056,hinten,Der Rücken ist hinten.,Спина сзади.,tatoeba,CC BY 2.0 FR
hobby:t1289586,hobby,Haben Sie ein Hobby?,У Вас есть хобби?,tatoeba,CC BY 2.0 FR
hobby:t1308840,hobby,Was ist dein Hobby?,Какое у тебя хобби?,tatoeba,CC BY 2.0 FR
hobby:t1620527,hobby,Mein Hobby ist Lesen.,Моё хобби — чтение.,tatoeba,CC BY 2.0 FR
hoch:t10655154,hoch,Wie hoch ist der Gewinn?,Как высока прибыль?,tatoeba,CC BY 2.0 FR
hoch:t353655,hoch,Die Preise sind hoch.,Цены высокие.,tatoeba,CC BY 2.0 FR
hoch:t13948714,hoch,Die meisten finden den Preis zu hoch.,Большинство считает цену слишком высокой.,tatoeba,CC BY 2.0 FR
hoch-adv:t10655154,hoch-adv,Wie hoch ist der Gewinn?,Как высока прибыль?,tatoeba,CC BY 2.0 FR
hoch-adv:t353655,hoch-adv,Die Preise sind hoch.,Цены высокие.,tatoeba,CC BY 2.0 FR
hoch-adv:t13948714,hoch-adv,Die meisten finden den Preis zu hoch.,Большинство считает цену слишком высокой.,tatoeba,CC BY 2.0 FR
hoch-noun:t10655154,hoch-noun,Wie hoch ist der Gewinn?,Как высока прибыль?,tatoeba,CC BY 2.0 FR
hoch-noun:t353655,hoch-noun,Die Preise sind hoch.,Цены высокие.,tatoeba,CC BY 2.0 FR
hoch-noun:t13948714,hoch-noun,Die meisten finden den Preis zu hoch.,Большинство считает цену слишком высокой.,tatoeba,CC BY 2.0 FR
hochzeit:t1137145,hochzeit,Wann ist die Hochzeit?,Когда свадьба?,tatoeba,CC BY 2.0 FR
hochzeit:t2185708,hochzeit,Wie war die Hochzeit?,Как прошла свадьба?,tatoeba,CC BY 2.0 FR
hochzeit:t12909505,hochzeit,Ich möchte eine große Hochzeit.,Я хочу большую свадьбу.,tatoeba,CC BY 2.0 FR
hoeren:t13464356,hoeren,Haben sie Sie gehört?,Они Вас слышали?,tatoeba,CC BY 2.0 FR
hoeren:t1450818,hoeren,Was haben Sie gehört?,Что вы слышали?,tatoeba,CC BY 2.0 FR
hoeren:t1466306,hoeren,So habe ich gehört.,Так я слышал.,tatoeba,CC BY 2.0 FR
holen:t1894287,holen,Wir müssen die Polizei holen.,Нам нужно вызвать полицию.,tatoeba,CC BY 2.0 FR
holen:t12713147,holen,Wer holt die Kinder von der Schule ab?,Кто заберет детей из школы?,tatoeba,CC BY 2.0 FR
holen:t627288,holen,Ich habe ein Buch geholt.,Я прихватил книгу.,tatoeba,CC BY 2.0 FR
hotel:t12498141,hotel,Ist das Hotel teuer?,Гостиница дорогая?,tatoeba,CC BY 2.0 FR
hotel:t2228206,hotel,Ist das unser Hotel?,Это наш отель?,tatoeba,CC BY 2.0 FR
hotel:t3751965,hotel,Wo ist das Hotel?,Где отель?,tatoeba,CC BY 2.0 FR
hund:t10052916,hund,Ich bin kein Hund.,Я не собака.,tatoeba,CC BY 2.0 FR
hund:t10052924,hund,Wie lange leben Hunde?,Сколько живут собаки?,tatoeba,CC BY 2.0 FR
hund:t10115335,hund,Wir haben keinen Hund.,У нас нет собаки.,tatoeba,CC BY 2.0 FR
hunger:t10278611,hunger,Die Katze hat Hunger.,Кот голоден.,tatoeba,CC BY 2.0 FR
hunger:t12547946,hunger,Haben Sie noch Hunger?,Вы всё ещё голодные?,tatoeba,CC BY 2.0 FR
hunger:t13061189,hunger,Ich hab auch Hunger.,Я тоже есть хочу.,tatoeba,CC BY 2.0 FR
ich:t1045122,ich,Das wollte ich nicht.,Я этого не хотел.,tatoeba,CC BY 2.0 FR
ich:t11251684,ich,Das kann ich nicht.,Этого я сделать не могу.,tatoeba,CC BY 2.0 FR
ich:t11436449,ich,Ich will nicht viel.,Я многого не хочу.,tatoeba,CC BY 2.0 FR
immer:t11531681,immer,Das sagt sie immer.,Она всегда так говорит.,tatoeba,CC BY 2.0 FR
immer:t12659594,immer,So war es immer.,Всегда так было.,tatoeba,CC BY 2.0 FR
immer:t1907270,immer,Das sagen Sie immer.,Вы всегда так говорите.,tatoeba,CC BY 2.0 FR
in:t2666902,in,Ich muss in die Stadt.,Мне нужно в город.,tatoeba,CC BY 2.0 FR
in:t2718337,in,Ich bin in der Stadt.,Я в городе.,tatoeba,CC BY 2.0 FR
in:t352580,in,Ich gehe in die Stadt.,Я поеду в город.,tatoeba,CC BY 2.0 FR
in-adj:t2666902,in-adj,Ich muss in die Stadt.,Мне нужно в город.,tatoeba,CC BY 2.0 FR
in-adj:t2718337,in-adj,Ich bin in der Stadt.,Я в городе.,tatoeba,CC BY 2.0 FR
in-adj:t352580,in-adj,Ich gehe in die Stadt.,Я поеду в город.,tatoeba,CC BY 2.0 FR
information:t13754105,information,Wir haben andere Informationen.,У нас другие сведения.,tatoeba,CC BY 2.0 FR
information:t8436540,information,Ich brauche mehr Informationen.,Мне нужно больше информации.,tatoeba,CC BY 2.0 FR
information:t1527800,information,Was für Informationen suchen Sie?,Какую информацию Вы ищете?,tatoeba,CC BY 2.0 FR
international:t11725025,international,Heute ist der internationale Frauentag.,Сегодня Международный женский день.,tatoeba,CC BY 2.0 FR
international:t13867866,international,Drogen sind ein internationales Problem.,Наркотики — это международная проблема.,tatoeba,CC BY 2.0 FR
international:t8634215,international,Er nimmt an einem internationalen Wettbewerb teil.,Он принимает участие в международном конкурсе.,tatoeba,CC BY 2.0 FR
internet:t1690579,internet,Wem gehört das Internet?,Кому принадлежит Интернет?,tatoeba,CC BY 2.0 FR
internet:t13703941,internet,Das Internet ist kein Arzt.,Интернет не врач.,tatoeba,CC BY 2.0 FR
internet:t13728871,internet,Wie wäre das Leben ohne das Internet?,Какой была бы жизнь без интернета?,tatoeba,CC BY 2.0 FR
ja:t10265001,ja,"Ja, das war ich.","Да, это был я.",tatoeba,CC BY 2.0 FR
ja:t10990220,ja,"Ja, das ist möglich.","Да, это возможно.",tatoeba,CC BY 2.0 FR
ja:t1130189,ja,Ja. Das ist richtig.,Да. Это верно.,tatoeba,CC BY 2.0 FR
ja-part:t10265001,ja-part,"Ja, das war ich.","Да, это был я.",tatoeba,CC BY 2.0 FR
ja-part:t10990220,ja-part,"Ja, das ist möglich.","Да, это возможно.",tatoeba,CC BY 2.0 FR
ja-part:t1130189,ja-part,Ja. Das ist richtig.,Да. Это верно.,tatoeba,CC BY 2.0 FR
jacke:t8320849,jacke,Ich kaufe eine Jacke.,Я куплю куртку.,tatoeba,CC BY 2.0 FR
jacke:t2639039,jacke,Er trägt eine Jacke.,Он носит куртку.,tatoeba,CC BY 2.0 FR
jacke:t6779037,jacke,Wo ist meine Jacke?,Где моя куртка?,tatoeba,CC BY 2.0 FR
jetzt:t12171518,jetzt,Es ist jetzt 8.30 Uhr.,Сейчас 8:30.,tatoeba,CC BY 2.0 FR
jetzt:t1224231,jetzt,Ich will es jetzt!,Я хочу сейчас!,tatoeba,CC BY 2.0 FR
jetzt:t13730796,jetzt,Jetzt ist es 2:30 Uhr.,Сейчас полтретьего.,tatoeba,CC BY 2.0 FR
job:t1197066,job,Ich suche einen Job.,Я ищу работу.,tatoeba,CC BY 2.0 FR
job:t1526734,job,Suchen Sie einen Job?,Вы ищете работу?,tatoeba,CC BY 2.0 FR
job:t3588418,job,Sie fand einen Job.,Она нашла работу.,tatoeba,CC BY 2.0 FR
jugendliche:t845010,jugendliche,"Der Jugendliche, der spricht, ist mein Bruder.","Молодой человек, который говорит, — мой брат.",tatoeba,CC BY 2.0 FR
jugendliche:t1690575,jugendliche,Einkaufszentren sind bei Jugendlichen beliebt.,Торговые центры популярны у подростков.,tatoeba,CC BY 2.0 FR
jugendliche:t11979123,jugendliche,Ich höre noch immer die gleiche Musik wie schon als Jugendliche.,"Я до сих пор слушаю ту же музыку, которую слушала подростком.",tatoeba,CC BY 2.0 FR
jung:t1228573,jung,Wir werden nicht jünger.,Мы не становимся моложе.,tatoeba,CC BY 2.0 FR
jung:t1314842,jung,Er ist noch jung.,Он ещё молод.,tatoeba,CC BY 2.0 FR
jung:t13817169,jung,Ich bin auch jung.,Я тоже молодой.,tatoeba,CC BY 2.0 FR
junge:t1898891,junge,Das ist ein Junge.,Это мальчик.,tatoeba,CC BY 2.0 FR
junge:t584327,junge,Das ist der Junge.,Это мальчик.,tatoeba,CC BY 2.0 FR
junge:t6216298,junge,Sehen Sie den Jungen?,Вы видите мальчика?,tatoeba,CC BY 2.0 FR
kaffee:t11261074,kaffee,Trinken Sie keinen Kaffee?,Вы не пьёте кофе?,tatoeba,CC BY 2.0 FR
kaffee:t1133943,kaffee,Der Kaffee ist bitter.,Кофе горький.,tatoeba,CC BY 2.0 FR
kaffee:t11469214,kaffee,Ist der Kaffee fertig?,Кофе готов?,tatoeba,CC BY 2.0 FR
kaputt:t1008601,kaputt,Die Maschine ist kaputt.,Машина сломалась.,tatoeba,CC BY 2.0 FR
kaputt:t1396116,kaputt,Der Computer ging kaputt.,Компьютер сломался.,tatoeba,CC BY 2.0 FR
kaputt:t1718628,kaputt,Die Uhr ist kaputt.,Часы сломались.,tatoeba,CC BY 2.0 FR
karte:t10008466,karte,Hier ist die Karte!,Вот меню!,tatoeba,CC BY 2.0 FR
karte:t10166015,karte,Haben wir eine Karte?,У нас есть карта?,tatoeba,CC BY 2.0 FR
karte:t2136997,karte,Ich will eine Karte.,Я хочу карту.,tatoeba,CC BY 2.0 FR
kartoffel:t12925336,kartoffel,Ich kochte die Kartoffeln.,Я сварил картошку.,tatoeba,CC BY 2.0 FR
kartoffel:t12925338,kartoffel,Ich habe Kartoffeln gekocht.,Я сварил картошку.,tatoeba,CC BY 2.0 FR
kartoffel:t5293432,kartoffel,Kartoffeln sind ein Gemüse.,Картофель - овощ.,tatoeba,CC BY 2.0 FR
kasse:t983676,kasse,Die Kasse stimmt heute nicht.,Касса не сходится сегодня.,tatoeba,CC BY 2.0 FR
kasse:t1048497,kasse,Er ist ständig knapp bei Kasse.,Ему постоянно не хватает денег.,tatoeba,CC BY 2.0 FR
kasse:t3467087,kasse,Zahlen Sie bitte an der Kasse im Erdgeschoss.,"Оплатите, пожалуйста, в кассе на первом этаже.",tatoeba,CC BY 2.0 FR
katze:t10506518,katze,Die Katze wird schlafen.,Кот поспит.,tatoeba,CC BY 2.0 FR
katze:t12293365,katze,Ich sehe eine Katze.,Я вижу кота.,tatoeba,CC BY 2.0 FR
katze:t12296241,katze,Ist die Katze klein?,Кошка маленькая?,tatoeba,CC BY 2.0 FR
kaufen:t10020681,kaufen,Ich werde das kaufen.,Я это куплю.,tatoeba,CC BY 2.0 FR
kaufen:t1198446,kaufen,Was möchten Sie kaufen?,Что бы Вы хотели купить?,tatoeba,CC BY 2.0 FR
kaufen:t12078410,kaufen,Ich kaufe ein neues.,Я новое куплю.,tatoeba,CC BY 2.0 FR
kein:t13760413,kein,Ich bin kein Mensch.,Я не человек.,tatoeba,CC BY 2.0 FR
kein:t4638863,kein,Sie ist kein Mensch.,Она не человек.,tatoeba,CC BY 2.0 FR
kein:t2101910,kein,Wir haben keinen gesehen.,Мы никого не видели.,tatoeba,CC BY 2.0 FR
kennen:t13857115,kennen,Sie kennen Sie nicht.,Они Вас не знают.,tatoeba,CC BY 2.0 FR
kennen:t1920834,kennen,Kannten Sie sie gut?,Вы хорошо её знали?,tatoeba,CC BY 2.0 FR
kennen:t2482479,kennen,Sie kennen sie nicht.,Вы не знаете их.,tatoeba,CC BY 2.0 FR
kennenlernen:t11555007,kennenlernen,Ich habe sie kennengelernt.,Я с ними познакомился.,tatoeba,CC BY 2.0 FR
kennenlernen:t11803024,kennenlernen,Sie werden sie kennenlernen.,Вы с ней познакомитесь.,tatoeba,CC BY 2.0 FR
kennenlernen:t13625508,kennenlernen,Er hat sie kennengelernt.,Он с ними познакомился.,tatoeba,CC BY 2.0 FR
kind:t10745099,kind,Die haben keine Kinder.,У них нет детей.,tatoeba,CC BY 2.0 FR
kind:t10745100,kind,Kinder haben die keine.,Детей у них нет.,tatoeba,CC BY 2.0 FR
kind:t12376604,kind,Wessen Kind ist das?,Чей это ребёнок?,tatoeba,CC BY 2.0 FR
kindergarten:t6761537,kindergarten,Ich arbeite im Kindergarten.,Я работаю в детском саду.,tatoeba,CC BY 2.0 FR
kindergarten:t5442901,kindergarten,Tom geht in den Kindergarten.,Том ходит в детский сад.,tatoeba,CC BY 2.0 FR
kindergarten:t5991241,kindergarten,Besuchen deine Kinder den Kindergarten?,У тебя дети в садик ходят?,tatoeba,CC BY 2.0 FR
kino:t13805382,kino,Gibt es hier ein Kino?,Тут есть кинотеатр?,tatoeba,CC BY 2.0 FR
kino:t12591917,kino,"Das ist das Kino, wo wir ausländische Filme sahen.","Это кинотеатр, где мы смотрели иностранные фильмы.",tatoeba,CC BY 2.0 FR
kino:t12592085,kino,"Dies ist das Kino, wo wir ausländische Filme sehen.","Это кинотеатр, где мы смотрим иностранные фильмы.",tatoeba,CC BY 2.0 FR
kiosk:t7783080,kiosk,In diesem Kiosk da werden Blumen verkauft.,В этом киоске продаются цветы.,tatoeba,CC BY 2.0 FR
kiosk:t7889518,kiosk,Maria kaufte sich am Kiosk eine Zeitschrift.,Мэри купила себе в киоске журнал.,tatoeba,CC BY 2.0 FR
klar:t13945193,klar,Jetzt ist es klar.,Теперь ясно.,tatoeba,CC BY 2.0 FR
klar:t1561080,klar,War das nicht klar?,Разве это было не ясно?,tatoeba,CC BY 2.0 FR
klar:t8651953,klar,Das ist noch nicht klar.,Это ещё не ясно.,tatoeba,CC BY 2.0 FR
klar-adv:t13945193,klar-adv,Jetzt ist es klar.,Теперь ясно.,tatoeba,CC BY 2.0 FR
klar-adv:t1561080,klar-adv,War das nicht klar?,Разве это было не ясно?,tatoeba,CC BY 2.0 FR
klar-adv:t8651953,klar-adv,Das ist noch nicht klar.,Это ещё не ясно.,tatoeba,CC BY 2.0 FR
klasse:t3322323,klasse,Das ist die Klasse.,Это класс.,tatoeba,CC BY 2.0 FR
klasse:t10517893,klasse,Das sieht richtig klasse aus.,Выглядит реально круто.,tatoeba,CC BY 2.0 FR
klasse:t13813759,klasse,In der Klasse waren wenig Kinder.,В классе было мало детей.,tatoeba,CC BY 2.0 FR
kleidung:t11436505,kleidung,Ich habe keine Kleidung an.,Я без одежды.,tatoeba,CC BY 2.0 FR
kleidung:t12249613,kleidung,Ich kaufe nicht oft teure Kleidung.,Я не часто покупаю дорогую одежду.,tatoeba,CC BY 2.0 FR
kleidung:t12249394,kleidung,Sie haben kein Geld für neue Kleidung.,У них нет денег на новую одежду.,tatoeba,CC BY 2.0 FR
klein:t10083912,klein,Er ist zu klein.,Он слишком маленький.,tatoeba,CC BY 2.0 FR
klein:t12126136,klein,Das Land ist klein.,Страна маленькая.,tatoeba,CC BY 2.0 FR
klein:t13833673,klein,Wie klein ist er?,Насколько он маленький?,tatoeba,CC BY 2.0 FR
kochen:t11150637,kochen,"Nicht jetzt, ich koche.","Не сейчас, я готовлю.",tatoeba,CC BY 2.0 FR
kochen:t12024603,kochen,Was kochen Sie heute?,Что Вы сегодня приготовите?,tatoeba,CC BY 2.0 FR
kochen:t13705503,kochen,Wer kocht für dich?,Кто тебе готовит?,tatoeba,CC BY 2.0 FR
koennen:t919053,koennen,Das kann nicht sein!,Не может быть!,tatoeba,CC BY 2.0 FR
koennen:t1932881,koennen,Wie kann das sein?,Как это может быть?,tatoeba,CC BY 2.0 FR
koennen:t3540502,koennen,„Das kann nicht sein!“ – „Aber so ist es!“,«Быть не может!» — «Но это так!»,tatoeba,CC BY 2.0 FR
koffer:t2988940,koffer,Wo ist dein Koffer?,Где твой чемодан?,tatoeba,CC BY 2.0 FR
koffer:t3404160,koffer,Das ist mein Koffer.,Это мой чемодан.,tatoeba,CC BY 2.0 FR
koffer:t5868729,koffer,Wo ist mein Koffer?,Где мой чемодан?,tatoeba,CC BY 2.0 FR
kollege:t9680723,kollege,Wir sind nur Kollegen.,Мы просто коллеги.,tatoeba,CC BY 2.0 FR
kollege:t10816993,kollege,Er war mein Kollege.,Он был моим коллегой.,tatoeba,CC BY 2.0 FR
kollege:t2765848,kollege,Er ist mein Kollege.,Он мой коллега.,tatoeba,CC BY 2.0 FR
kommen:t11550778,kommen,Sie kommt noch nicht.,Она пока не придёт.,tatoeba,CC BY 2.0 FR
kommen:t13696588,kommen,Kommen sie oder nicht?,Они придут или нет?,tatoeba,CC BY 2.0 FR
kommen:t1836621,kommen,Sie ist nicht gekommen.,Она не пришла.,tatoeba,CC BY 2.0 FR
konto:t1517553,konto,Ich möchte mein Konto schließen.,Хочу закрыть свой счёт.,tatoeba,CC BY 2.0 FR
konto:t7083953,konto,Sein Konto wurde gesperrt.,Его счёт арестовали.,tatoeba,CC BY 2.0 FR
konto:t6373325,konto,Ich habe ein Facebook-Konto.,У меня есть аккаунт на Фейсбуке.,tatoeba,CC BY 2.0 FR
kopf:t2214731,kopf,Er steht auf dem Kopf.,Он стоит на голове.,tatoeba,CC BY 2.0 FR
kopf:t4517197,kopf,Sie stand auf dem Kopf.,Она стояла на голове.,tatoeba,CC BY 2.0 FR
kopf:t7462874,kopf,Ich kann auf dem Kopf stehen.,Я умею стоять на голове.,tatoeba,CC BY 2.0 FR
kosten:t12365611,kosten,Dies kostet zu viel.,Это слишком дорого стоит.,tatoeba,CC BY 2.0 FR
kosten:t1246,kosten,Wie viel kostet es?,Сколько это стоит?,tatoeba,CC BY 2.0 FR
kosten:t2275165,kosten,Was hat es gekostet?,Сколько это стоило?,tatoeba,CC BY 2.0 FR
krank:t10031893,krank,Wir sind sehr krank.,Мы очень больны.,tatoeba,CC BY 2.0 FR
krank:t10342693,krank,Die Welt ist krank.,Мир болен.,tatoeba,CC BY 2.0 FR
krank:t10602335,krank,Gestern war sie krank.,Она вчера была больна.,tatoeba,CC BY 2.0 FR
kriegen:t10451327,kriegen,Wir wollen keinen Krieg.,Мы не хотим войны.,tatoeba,CC BY 2.0 FR
kriegen:t12116331,kriegen,Wir brauchen keinen Krieg.,Нам не нужна война.,tatoeba,CC BY 2.0 FR
kriegen:t12988829,kriegen,Wer hat es gekriegt?,Кто её получил?,tatoeba,CC BY 2.0 FR
kuchen:t1902289,kuchen,Danke für den Kuchen!,Спасибо за пирог.,tatoeba,CC BY 2.0 FR
kuchen:t4316556,kuchen,Was kostet der Kuchen?,Сколько стоит торт?,tatoeba,CC BY 2.0 FR
kuchen:t7850931,kuchen,Ich habe Kuchen gegessen.,Я ел пирог.,tatoeba,CC BY 2.0 FR
kueche:t3091280,kueche,Wo ist die Küche?,Где кухня?,tatoeba,CC BY 2.0 FR
kueche:t3783220,kueche,Die Küche ist unten.,Кухня внизу.,tatoeba,CC BY 2.0 FR
kueche:t9206412,kueche,Hier ist die Küche.,Вот кухня.,tatoeba,CC BY 2.0 FR
kuehlschrank:t5385525,kuehlschrank,Mein Kühlschrank ist kaputt.,У меня холодильник сломался.,tatoeba,CC BY 2.0 FR
kuehlschrank:t577463,kuehlschrank,Unser Kühlschrank ist kaputt.,У нас холодильник сломался.,tatoeba,CC BY 2.0 FR
kuehlschrank:t8096503,kuehlschrank,Der Kühlschrank ist zu.,Холодильник закрыт.,tatoeba,CC BY 2.0 FR
kugelschreiber:t1792493,kugelschreiber,Das ist ein Kugelschreiber.,Это шариковая ручка.,tatoeba,CC BY 2.0 FR
kugelschreiber:t3032072,kugelschreiber,Ich brauche einen Kugelschreiber.,Мне нужна шариковая ручка.,tatoeba,CC BY 2.0 FR
kugelschreiber:t729101,kugelschreiber,Ich habe einen Kugelschreiber.,У меня есть ручка.,tatoeba,CC BY 2.0 FR
kulturell:t13867432,kulturell,Zwischen Ost- und Westdeutschland gibt es noch viele kulturelle Unterschiede.,Между восточной и западной Германией до сих пор существует много культурных различий.,tatoeba,CC BY 2.0 FR
kulturell:t13545220,kulturell,In kultureller Hinsicht gibt es zwischen diesen zwei Ländern viel Gemeinsames.,В культурном отношении между этими двумя странами много общего.,tatoeba,CC BY 2.0 FR
kulturell:t1849786,kulturell,Die Entwicklung der Unternehmerkultur setzt eine allgemeine kulturelle Persönlichkeitsentwicklung voraus.,Для развития предпринимательской культуры необходимо общекультурное развитие личности.,tatoeba,CC BY 2.0 FR
kunde:t8738517,kunde,Ich bin ein Kunde.,Я клиент.,tatoeba,CC BY 2.0 FR
kunde:t3067914,kunde,Sie sind ein guter Kunde.,Вы хороший клиент.,tatoeba,CC BY 2.0 FR
kunde:t825045,kunde,Ich bin nur ein Kunde.,Я всего лишь клиент.,tatoeba,CC BY 2.0 FR
kurs:t1910507,kurs,Wer hat den Kurs ausgearbeitet?,Кто разработал курс?,tatoeba,CC BY 2.0 FR
kurs:t4436780,kurs,Für wen ist dieser Kurs?,Для кого этот курс?,tatoeba,CC BY 2.0 FR
kurs:t1911253,kurs,Für wen wurde der Kurs ausgearbeitet?,Для кого разработан курс?,tatoeba,CC BY 2.0 FR
kurz:t9846658,kurz,War das vor Kurzem?,Это было недавно?,tatoeba,CC BY 2.0 FR
kurz:t696012,kurz,Ich werde hier für eine kurze Zeit bleiben.,Я останусь здесь ненадолго.,tatoeba,CC BY 2.0 FR
kurz:t1757036,kurz,Kurz gesagt: ich weiß es nicht und will es auch nicht wissen.,Короче говоря: я не знаю и знать не хочу.,tatoeba,CC BY 2.0 FR
kurz-adv:t1757036,kurz-adv,Kurz gesagt: ich weiß es nicht und will es auch nicht wissen.,Короче говоря: я не знаю и знать не хочу.,tatoeba,CC BY 2.0 FR
kurz-adv:t10170982,kurz-adv,Sein Leben war kurz.,Жизнь его была короткой.,tatoeba,CC BY 2.0 FR
kurz-adv:t1013838,kurz-adv,Wie kurz das Leben ist!,Как коротка жизнь!,tatoeba,CC BY 2.0 FR
lachen:t11990356,lachen,Er hat viel gelacht.,Он очень смеялся.,tatoeba,CC BY 2.0 FR
lachen:t1448790,lachen,Die anderen Kinder lachten.,Остальные дети засмеялись.,tatoeba,CC BY 2.0 FR
lachen:t1449919,lachen,Ich platze vor Lachen.,Ржу не могу!,tatoeba,CC BY 2.0 FR
laden:t10018375,laden,Ist der Laden geöffnet?,Магазин открыт?,tatoeba,CC BY 2.0 FR
laden:t1205834,laden,Ich suche einen Laden.,Я ищу магазин.,tatoeba,CC BY 2.0 FR
laden:t13798181,laden,Das ist ein Laden.,Это магазин.,tatoeba,CC BY 2.0 FR
lampe:t13817833,lampe,Wir brauchen eine neue Lampe.,Нам нужна новая лампа.,tatoeba,CC BY 2.0 FR
lampe:t3942537,lampe,Stell die Lampe auf den Tisch.,Поставь лампу на стол.,tatoeba,CC BY 2.0 FR
lampe:t731179,lampe,Ich habe eine alte Lampe gekauft.,Я купил старую лампу.,tatoeba,CC BY 2.0 FR
land:t13862643,land,Es ist sein Land.,Это его страна.,tatoeba,CC BY 2.0 FR
land:t2531330,land,Er kam aus einem anderen Land.,Он был из другой страны.,tatoeba,CC BY 2.0 FR
land:t12126136,land,Das Land ist klein.,Страна маленькая.,tatoeba,CC BY 2.0 FR
lang:t12839009,lang,Ich habe sie lange nicht gesehen.,Я её давно не видел.,tatoeba,CC BY 2.0 FR
lang:t3118634,lang,Wie lange geht das schon so?,Сколько это продолжается?,tatoeba,CC BY 2.0 FR
lang:t9458211,lang,Wie lange ist es schon so?,Давно это так?,tatoeba,CC BY 2.0 FR
lang-adv:t3479200,lang-adv,Es ist lang und schwer.,Это долго и трудно.,tatoeba,CC BY 2.0 FR
lang-adv:t10060109,lang-adv,Eine Zeit lang habe ich nichts gesagt.,Некоторое время я ничего не говорил.,tatoeba,CC BY 2.0 FR
lang-adv:t988639,lang-adv,Ich habe sie über eine Stunde lang gesucht.,Я искал их больше часа.,tatoeba,CC BY 2.0 FR
lang-prep:t3479200,lang-prep,Es ist lang und schwer.,Это долго и трудно.,tatoeba,CC BY 2.0 FR
lang-prep:t10060109,lang-prep,Eine Zeit lang habe ich nichts gesagt.,Некоторое время я ничего не говорил.,tatoeba,CC BY 2.0 FR
lang-prep:t988639,lang-prep,Ich habe sie über eine Stunde lang gesucht.,Я искал их больше часа.,tatoeba,CC BY 2.0 FR
lang-verb:t3479200,lang-verb,Es ist lang und schwer.,Это долго и трудно.,tatoeba,CC BY 2.0 FR
lang-verb:t10060109,lang-verb,Eine Zeit lang habe ich nichts gesagt.,Некоторое время я ничего не говорил.,tatoeba,CC BY 2.0 FR
lang-verb:t988639,lang-verb,Ich habe sie über eine Stunde lang gesucht.,Я искал их больше часа.,tatoeba,CC BY 2.0 FR
lange:t12839009,lange,Ich habe sie lange nicht gesehen.,Я её давно не видел.,tatoeba,CC BY 2.0 FR
lange:t3118634,lange,Wie lange geht das schon so?,Сколько это продолжается?,tatoeba,CC BY 2.0 FR
lange:t9458211,lange,Wie lange ist es schon so?,Давно это так?,tatoeba,CC BY 2.0 FR
lange-adj:t12839009,lange-adj,Ich habe sie lange nicht gesehen.,Я её давно не видел.,tatoeba,CC BY 2.0 FR
lange-adj:t3118634,lange-adj,Wie lange geht das schon so?,Сколько это продолжается?,tatoeba,CC BY 2.0 FR
lange-adj:t9458211,lange-adj,Wie lange ist es schon so?,Давно это так?,tatoeba,CC BY 2.0 FR
lange-verb:t12839009,lange-verb,Ich habe sie lange nicht gesehen.,Я её давно не видел.,tatoeba,CC BY 2.0 FR
lange-verb:t3118634,lange-verb,Wie lange geht das schon so?,Сколько это продолжается?,tatoeba,CC BY 2.0 FR
lange-verb:t9458211,lange-verb,Wie lange ist es schon so?,Давно это так?,tatoeba,CC BY 2.0 FR
langsam:t10218934,langsam,Die arbeiten sehr langsam.,Они очень медленно работают.,tatoeba,CC BY 2.0 FR
langsam:t12460959,langsam,Sie sind zu langsam.,Вы слишком медлительная.,tatoeba,CC BY 2.0 FR
langsam:t2278116,langsam,Ich muss langsam gehen.,Мне приходится идти медленно.,tatoeba,CC BY 2.0 FR
langsam-adv:t10218934,langsam-adv,Die arbeiten sehr langsam.,Они очень медленно работают.,tatoeba,CC BY 2.0 FR
langsam-adv:t12460959,langsam-adv,Sie sind zu langsam.,Вы слишком медлительная.,tatoeba,CC BY 2.0 FR
langsam-adv:t2278116,langsam-adv,Ich muss langsam gehen.,Мне приходится идти медленно.,tatoeba,CC BY 2.0 FR
laufen:t1343600,laufen,Die Zeit läuft aus.,Время истекает.,tatoeba,CC BY 2.0 FR
laufen:t370485,laufen,Wie schnell sie läuft!,Как быстро она бегает!,tatoeba,CC BY 2.0 FR
laufen:t7085165,laufen,Laufen Sie hier nicht.,Не бегайте здесь.,tatoeba,CC BY 2.0 FR
laut:t11502227,laut,Das ist zu laut.,Это слишком громко.,tatoeba,CC BY 2.0 FR
laut:t1314497,laut,Es ist zu laut.,Слишком громко.,tatoeba,CC BY 2.0 FR
laut:t8245317,laut,Die Kinder sind laut.,Дети шумные.,tatoeba,CC BY 2.0 FR
laut-adv:t11502227,laut-adv,Das ist zu laut.,Это слишком громко.,tatoeba,CC BY 2.0 FR
laut-adv:t1314497,laut-adv,Es ist zu laut.,Слишком громко.,tatoeba,CC BY 2.0 FR
laut-adv:t8245317,laut-adv,Die Kinder sind laut.,Дети шумные.,tatoeba,CC BY 2.0 FR
laut-prep:t11502227,laut-prep,Das ist zu laut.,Это слишком громко.,tatoeba,CC BY 2.0 FR
laut-prep:t1314497,laut-prep,Es ist zu laut.,Слишком громко.,tatoeba,CC BY 2.0 FR
laut-prep:t8245317,laut-prep,Die Kinder sind laut.,Дети шумные.,tatoeba,CC BY 2.0 FR
laut-verb:t11502227,laut-verb,Das ist zu laut.,Это слишком громко.,tatoeba,CC BY 2.0 FR
laut-verb:t1314497,laut-verb,Es ist zu laut.,Слишком громко.,tatoeba,CC BY 2.0 FR
laut-verb:t8245317,laut-verb,Die Kinder sind laut.,Дети шумные.,tatoeba,CC BY 2.0 FR
leben:t10170982,leben,Sein Leben war kurz.,Жизнь его была короткой.,tatoeba,CC BY 2.0 FR
leben:t12653318,leben,Das Leben ist so.,Такова жизнь.,tatoeba,CC BY 2.0 FR
leben:t13236383,leben,Man muss nicht leben.,Человеку не следует жить.,tatoeba,CC BY 2.0 FR
leben-noun:t10170982,leben-noun,Sein Leben war kurz.,Жизнь его была короткой.,tatoeba,CC BY 2.0 FR
leben-noun:t12653318,leben-noun,Das Leben ist so.,Такова жизнь.,tatoeba,CC BY 2.0 FR
leben-noun:t13236383,leben-noun,Man muss nicht leben.,Человеку не следует жить.,tatoeba,CC BY 2.0 FR
lebens:t361426,lebens,Auf der Straße des Lebens gibt es kein Zurück.,На дороге жизни нет пути обратно.,tatoeba,CC BY 2.0 FR
lebens:t13747254,lebens,Das war der Beginn eines neuen Lebens.,Это было начало новой жизни.,tatoeba,CC BY 2.0 FR
lebens:t13747255,lebens,Das war der Anfang eines neuen Lebens.,Это было начало новой жизни.,tatoeba,CC BY 2.0 FR
ledig:t1521306,ledig,Ist er verheiratet oder ledig?,Он женат или холост?,tatoeba,CC BY 2.0 FR
ledig:t2491550,ledig,Er ist jung und ledig.,Он молод и не женат.,tatoeba,CC BY 2.0 FR
ledig:t2863614,ledig,Sie ist jung und ledig.,Она молода и не замужем.,tatoeba,CC BY 2.0 FR
legen:t10879458,legen,Ich lege jetzt auf.,Я сейчас повешу трубку.,tatoeba,CC BY 2.0 FR
legen:t895109,legen,Legen Sie sich auf die Liege.,Ложитесь на кушетку.,tatoeba,CC BY 2.0 FR
legen:t3450249,legen,Leg das Buch auf die anderen!,Положи книгу на остальные.,tatoeba,CC BY 2.0 FR
lehrer:t10115354,lehrer,Wie viel verdienen Lehrer?,Сколько зарабатывают учителя?,tatoeba,CC BY 2.0 FR
lehrer:t10467962,lehrer,Sie sind keine Lehrer.,Они не учителя.,tatoeba,CC BY 2.0 FR
lehrer:t10470160,lehrer,Das sind keine Lehrer.,Это не учителя.,tatoeba,CC BY 2.0 FR
leicht:t10477517,leicht,Wir können leicht gewinnen.,Мы легко можем выиграть.,tatoeba,CC BY 2.0 FR
leicht:t10481468,leicht,Ich werde leicht gewinnen.,Я легко выиграю.,tatoeba,CC BY 2.0 FR
leicht:t11988255,leicht,"Leicht gesagt, schwer getan.","Легко сказать, да трудно сделать.",tatoeba,CC BY 2.0 FR
leicht-adv:t10477517,leicht-adv,Wir können leicht gewinnen.,Мы легко можем выиграть.,tatoeba,CC BY 2.0 FR
leicht-adv:t10481468,leicht-adv,Ich werde leicht gewinnen.,Я легко выиграю.,tatoeba,CC BY 2.0 FR
leicht-adv:t11988255,leicht-adv,"Leicht gesagt, schwer getan.","Легко сказать, да трудно сделать.",tatoeba,CC BY 2.0 FR
leider:t12404537,leider,Leider kam er nicht.,"К сожалению, он не пришёл.",tatoeba,CC BY 2.0 FR
leider:t12404538,leider,Leider kam sie nicht.,"К сожалению, она не пришла.",tatoeba,CC BY 2.0 FR
leider:t6074177,leider,Leider lesen sie wenig.,"К сожалению, они мало читают.",tatoeba,CC BY 2.0 FR
leise:t5941584,leise,Leise! Das Kind schläft.,"Тише, ребёнок спит.",tatoeba,CC BY 2.0 FR
leise:t11157315,leise,Die Kinder spielten leise zusammen.,Дети спокойно играли вместе.,tatoeba,CC BY 2.0 FR
leise:t1709857,leise,Könnten Sie es leiser machen?,Вы не могли бы сделать потише?,tatoeba,CC BY 2.0 FR
leise-adv:t5941584,leise-adv,Leise! Das Kind schläft.,"Тише, ребёнок спит.",tatoeba,CC BY 2.0 FR
leise-adv:t11157315,leise-adv,Die Kinder spielten leise zusammen.,Дети спокойно играли вместе.,tatoeba,CC BY 2.0 FR
leise-adv:t5861952,leise-adv,Die Tür bitte leise schließen!,"Не хлопай, пожалуйста, дверью.",tatoeba,CC BY 2.0 FR
lernen:t12431069,lernen,Ich habe nichts gelernt.,Я ничему не научился.,tatoeba,CC BY 2.0 FR
lernen:t13874631,lernen,Ich hätte lernen sollen.,Надо было мне заниматься.,tatoeba,CC BY 2.0 FR
lernen:t1532227,lernen,Darf ich hier lernen?,Могу я здесь позаниматься?,tatoeba,CC BY 2.0 FR
lesen:t10124899,lesen,Ich lese nicht viel.,Я не так много читаю.,tatoeba,CC BY 2.0 FR
lesen:t10464891,lesen,Lesen Sie keine Zeitung?,"Вы что, газет не читаете?",tatoeba,CC BY 2.0 FR
lesen:t10472852,lesen,Wir lesen und schreiben.,Мы читаем и пишем.,tatoeba,CC BY 2.0 FR
letzt:t2069270,letzt,"Zu guter Letzt verkündete man die Namen derer, die gesiegt hatten.","И, наконец, названы имена победителей.",tatoeba,CC BY 2.0 FR
letzt:t12513107,letzt,Zu guter Letzt wurde Tom Marias Ehegatte.,"В конце концов, Том стал мужем Мэри.",tatoeba,CC BY 2.0 FR
letzt-adj:t2069270,letzt-adj,"Zu guter Letzt verkündete man die Namen derer, die gesiegt hatten.","И, наконец, названы имена победителей.",tatoeba,CC BY 2.0 FR
letzt-adj:t12513107,letzt-adj,Zu guter Letzt wurde Tom Marias Ehegatte.,"В конце концов, Том стал мужем Мэри.",tatoeba,CC BY 2.0 FR
leute:t13073168,leute,Ich kenne die Leute.,Я знаю людей.,tatoeba,CC BY 2.0 FR
leute:t1317361,leute,Sie sind gute Leute.,Они хорошие люди.,tatoeba,CC BY 2.0 FR
leute:t8117302,leute,Ich mag keine Leute.,Я не люблю людей.,tatoeba,CC BY 2.0 FR
licht:t1099293,licht,Die Lichter gingen aus.,Огни погасли.,tatoeba,CC BY 2.0 FR
licht:t2351958,licht,Das Licht ging aus.,Свет погас.,tatoeba,CC BY 2.0 FR
licht:t341551,licht,Das Licht ist aus.,Свет погашен.,tatoeba,CC BY 2.0 FR
lieb:t1039084,lieb,Wir bleiben lieber hier.,Мы лучше останемся тут.,tatoeba,CC BY 2.0 FR
lieb:t11111031,lieb,Ich bleibe lieber stehen.,Я лучше постою.,tatoeba,CC BY 2.0 FR
lieb:t13041985,lieb,Wir lieben das Schöne.,Мы любим красивое.,tatoeba,CC BY 2.0 FR
lieb-verb:t5346950,lieb-verb,Ich habe dich sehr lieb!,Я очень тебя люблю!,tatoeba,CC BY 2.0 FR
lieb-verb:t13575505,lieb-verb,Du bist so lieb!,Ты так добр!,tatoeba,CC BY 2.0 FR
lieb-verb:t8286103,lieb-verb,Warum hat mich keiner lieb?,Почему меня никто не любит?,tatoeba,CC BY 2.0 FR
lieben:t13041985,lieben,Wir lieben das Schöne.,Мы любим красивое.,tatoeba,CC BY 2.0 FR
lieben:t139112,lieben,Ein Kind braucht Liebe.,Ребёнку нужна любовь.,tatoeba,CC BY 2.0 FR
lieben:t1857883,lieben,Lieben Sie sie noch?,Вы всё ещё любите её?,tatoeba,CC BY 2.0 FR
lieben-adj:t13041985,lieben-adj,Wir lieben das Schöne.,Мы любим красивое.,tatoeba,CC BY 2.0 FR
lieben-adj:t1857883,lieben-adj,Lieben Sie sie noch?,Вы всё ещё любите её?,tatoeba,CC BY 2.0 FR
lieben-adj:t6641245,lieben-adj,Wir lieben es hier.,Нам здесь нравится.,tatoeba,CC BY 2.0 FR
lieber:t1039084,lieber,Wir bleiben lieber hier.,Мы лучше останемся тут.,tatoeba,CC BY 2.0 FR
lieber:t11111031,lieber,Ich bleibe lieber stehen.,Я лучше постою.,tatoeba,CC BY 2.0 FR
lieber:t5225872,lieber,Sie wollen lieber bleiben.,Они предпочитают остаться.,tatoeba,CC BY 2.0 FR
lieber-adv:t1039084,lieber-adv,Wir bleiben lieber hier.,Мы лучше останемся тут.,tatoeba,CC BY 2.0 FR
lieber-adv:t11111031,lieber-adv,Ich bleibe lieber stehen.,Я лучше постою.,tatoeba,CC BY 2.0 FR
lieber-adv:t5225872,lieber-adv,Sie wollen lieber bleiben.,Они предпочитают остаться.,tatoeba,CC BY 2.0 FR
lied:t10079037,lied,Schreib ein neues Lied.,Напиши новую песню.,tatoeba,CC BY 2.0 FR
lied:t12158729,lied,Das ist ein Lied.,Это песня.,tatoeba,CC BY 2.0 FR
lied:t1218878,lied,Das ist mein Lied!,Это моя песня!,tatoeba,CC BY 2.0 FR
liegen:t267,liegen,Dort liegt das Problem.,В этом и заключается проблема.,tatoeba,CC BY 2.0 FR
liegen:t912418,liegen,Da liegt das Problem.,В этом и кроется проблема.,tatoeba,CC BY 2.0 FR
liegen:t3861197,liegen,"Ich sehe nicht, wo das Problem liegt.","Не вижу, в чём проблема.",tatoeba,CC BY 2.0 FR
links:t403074,links,Er ist dort links.,"Это там, слева.",tatoeba,CC BY 2.0 FR
links:t5357979,links,Wir gehen nach links.,Мы идем налево.,tatoeba,CC BY 2.0 FR
links:t12774028,links,Ist das rechts oder links?,Это справа или слева?,tatoeba,CC BY 2.0 FR
lkw:t5474001,lkw,Lkw fahren ist nicht leicht.,Водить грузовик непросто.,tatoeba,CC BY 2.0 FR
lkw:t12371178,lkw,Toms Vater war Lkw-Fahrer.,Отец Тома был водителем грузовика.,tatoeba,CC BY 2.0 FR
lkw:t13989474,lkw,Der Lkw-Fahrer wurde nicht verletzt.,Водитель грузовика не пострадал.,tatoeba,CC BY 2.0 FR
loeffel:t11205841,loeffel,Ich habe keinen Löffel.,У меня нет ложки.,tatoeba,CC BY 2.0 FR
loeffel:t473797,loeffel,Mein Löffel ist größer!,Моя ложка больше!,tatoeba,CC BY 2.0 FR
loeffel:t5561451,loeffel,Es gibt keine Löffel.,Ложек нет.,tatoeba,CC BY 2.0 FR
loesung:t1114119,loesung,Sie suchen eine Lösung.,Они ищут решение.,tatoeba,CC BY 2.0 FR
loesung:t11752717,loesung,Es gibt immer Lösungen.,Решения всегда есть.,tatoeba,CC BY 2.0 FR
loesung:t1205,loesung,Es gibt keine Lösung.,Решения нет.,tatoeba,CC BY 2.0 FR
lustig:t1904431,lustig,Das war nicht lustig.,Это было не смешно.,tatoeba,CC BY 2.0 FR
lustig:t4385733,lustig,Was ist so lustig?,Что такого смешного?,tatoeba,CC BY 2.0 FR
lustig:t4784828,lustig,Ich fand es lustig.,Я находил это забавным.,tatoeba,CC BY 2.0 FR
machen:t1080265,machen,Können Sie das machen?,Вы можете это сделать?,tatoeba,CC BY 2.0 FR
machen:t1576010,machen,Haben Sie es gemacht?,Вы это сделали?,tatoeba,CC BY 2.0 FR
machen:t1803197,machen,Wie macht sie das?,Как она это делает?,tatoeba,CC BY 2.0 FR
maedchen:t1280259,maedchen,Wer ist das Mädchen?,Кто эта девочка?,tatoeba,CC BY 2.0 FR
maedchen:t13470811,maedchen,Beide Mädchen sind schön.,Обе девушки красивые.,tatoeba,CC BY 2.0 FR
maedchen:t13757436,maedchen,Er ist kein Mädchen.,Он не девочка.,tatoeba,CC BY 2.0 FR
maennlich:t3931128,maennlich,"Männer mögen es, männlich auszusehen.",Мужчинам нравится выглядеть мужественными.,tatoeba,CC BY 2.0 FR
maennlich:t1918639,maennlich,Er ist stark und männlich.,Он сильный и мужественный.,tatoeba,CC BY 2.0 FR
maennlich:t621566,maennlich,"Ich habe drei Hunde: einer ist männlich, und die anderen sind weiblich.","У меня три собаки: один кобель, остальные суки.",tatoeba,CC BY 2.0 FR
man:t761540,man,Wie sagt man das?,Как это сказать?,tatoeba,CC BY 2.0 FR
man:t1000661,man,Das sagt man nicht mehr.,Так уже не говорят.,tatoeba,CC BY 2.0 FR
man:t5364739,man,Kann man das so sagen?,Так можно сказать?,tatoeba,CC BY 2.0 FR
man-adv:t761540,man-adv,Wie sagt man das?,Как это сказать?,tatoeba,CC BY 2.0 FR
man-adv:t1000661,man-adv,Das sagt man nicht mehr.,Так уже не говорят.,tatoeba,CC BY 2.0 FR
man-adv:t5364739,man-adv,Kann man das so sagen?,Так можно сказать?,tatoeba,CC BY 2.0 FR
mann:t13883394,mann,Sie hat einen Mann.,У неё есть муж.,tatoeba,CC BY 2.0 FR
mann:t139166,mann,Ich bin ein Mann.,Я человек.,tatoeba,CC BY 2.0 FR
mann:t1898893,mann,Das ist ein Mann.,Это мужчина.,tatoeba,CC BY 2.0 FR
maschine:t2412555,maschine,Er ist keine Maschine.,Он не машина.,tatoeba,CC BY 2.0 FR
maschine:t575621,maschine,Ich habe noch nie von so einer Maschine gehört.,Я раньше никогда не слышал о такой машине.,tatoeba,CC BY 2.0 FR
maschine:t1008601,maschine,Die Maschine ist kaputt.,Машина сломалась.,tatoeba,CC BY 2.0 FR
meer:t7813993,meer,Ich liebe das Meer.,Я люблю море.,tatoeba,CC BY 2.0 FR
meer:t12425829,meer,Rechts sehen Sie das Meer.,Справа Вы видите море.,tatoeba,CC BY 2.0 FR
meer:t1803637,meer,Ich mag das Meer nicht.,Я не люблю море.,tatoeba,CC BY 2.0 FR
mehr:t1717056,mehr,"Er ist nicht mehr der, der er war.","Он уже не тот, что прежде.",tatoeba,CC BY 2.0 FR
mehr:t9076551,mehr,Mehr hat er nicht gesagt.,Больше он ничего не сказал.,tatoeba,CC BY 2.0 FR
mehr:t1000661,mehr,Das sagt man nicht mehr.,Так уже не говорят.,tatoeba,CC BY 2.0 FR
mehr-adv:t1717056,mehr-adv,"Er ist nicht mehr der, der er war.","Он уже не тот, что прежде.",tatoeba,CC BY 2.0 FR
mehr-adv:t9076551,mehr-adv,Mehr hat er nicht gesagt.,Больше он ничего не сказал.,tatoeba,CC BY 2.0 FR
mehr-adv:t1000661,mehr-adv,Das sagt man nicht mehr.,Так уже не говорят.,tatoeba,CC BY 2.0 FR
mein:t10000603,mein,Mein Hund will spielen.,Моя собака хочет играть.,tatoeba,CC BY 2.0 FR
mein:t1002794,mein,Das ist mein Buch.,Это моя книга.,tatoeba,CC BY 2.0 FR
mein:t10131191,mein,Es ist mein Hund.,Это моя собака.,tatoeba,CC BY 2.0 FR
meist:t11491258,meist,So machen es die meisten.,Так большинство людей делает.,tatoeba,CC BY 2.0 FR
meist:t7277927,meist,Die meisten wissen das nicht.,Большинство людей этого не знают.,tatoeba,CC BY 2.0 FR
meist:t13940859,meist,Die meisten Menschen leben in Städten.,Большинство людей живут в городах.,tatoeba,CC BY 2.0 FR
meist-adv:t2946000,meist-adv,Verbrecher sind meist naiv wie Kinder.,Чаще всего преступники наивны как дети.,tatoeba,CC BY 2.0 FR
meist-adv:t6388969,meist-adv,Ich komme meist um sieben Uhr herum nach Hause.,Я в основном возвращаюсь домой около семи.,tatoeba,CC BY 2.0 FR
meist-adv:t455262,meist-adv,Das Wasser in Seen und Flüssen ist meist Süßwasser.,Вода в реках и озёрах чаще всего пресная.,tatoeba,CC BY 2.0 FR
mensch:t12370421,mensch,Sie sind gute Menschen.,Они хорошие люди.,tatoeba,CC BY 2.0 FR
mensch:t13760413,mensch,Ich bin kein Mensch.,Я не человек.,tatoeba,CC BY 2.0 FR
mensch:t1898894,mensch,Das ist ein Mensch.,Это человек.,tatoeba,CC BY 2.0 FR
messer:t10125041,messer,Ich brauche kein Messer.,Мне не нужен нож.,tatoeba,CC BY 2.0 FR
messer:t11914569,messer,Nehmen Sie ein Messer.,Возьмите нож.,tatoeba,CC BY 2.0 FR
messer:t3337838,messer,Ich will ein Messer.,Я хочу нож.,tatoeba,CC BY 2.0 FR
miete:t11507611,miete,Die möchten Fahrräder mieten.,Они хотели бы взять напрокат велосипеды.,tatoeba,CC BY 2.0 FR
miete:t2632616,miete,Ich muss die Miete zahlen.,Мне нужно заплатить за аренду.,tatoeba,CC BY 2.0 FR
miete:t3646475,miete,Ich werde ein Auto mieten.,Я возьму напрокат машину.,tatoeba,CC BY 2.0 FR
mieten:t11507611,mieten,Die möchten Fahrräder mieten.,Они хотели бы взять напрокат велосипеды.,tatoeba,CC BY 2.0 FR
mieten:t2632616,mieten,Ich muss die Miete zahlen.,Мне нужно заплатить за аренду.,tatoeba,CC BY 2.0 FR
mieten:t3646475,mieten,Ich werde ein Auto mieten.,Я возьму напрокат машину.,tatoeba,CC BY 2.0 FR
milch:t10061288,milch,Ich trinke keine Milch.,Я не пью молоко.,tatoeba,CC BY 2.0 FR
milch:t12182361,milch,Gebt der Katze Milch.,Налейте кошке молока.,tatoeba,CC BY 2.0 FR
milch:t1306621,milch,Ist noch Milch da?,Молоко ещё осталось?,tatoeba,CC BY 2.0 FR
mit:t1314634,mit,Wie wäre es mit 12.45 Uhr?,Как насчёт двенадцати сорока пяти?,tatoeba,CC BY 2.0 FR
mit:t8603511,mit,Wie spricht man mit Frauen?,Как разговаривают с женщинами?,tatoeba,CC BY 2.0 FR
mit:t12468891,mit,Haben Sie mit dem Kindern gesprochen?,Вы поговорили с детьми?,tatoeba,CC BY 2.0 FR
mit-adv:t1314634,mit-adv,Wie wäre es mit 12.45 Uhr?,Как насчёт двенадцати сорока пяти?,tatoeba,CC BY 2.0 FR
mit-adv:t8603511,mit-adv,Wie spricht man mit Frauen?,Как разговаривают с женщинами?,tatoeba,CC BY 2.0 FR
mit-adv:t12468891,mit-adv,Haben Sie mit dem Kindern gesprochen?,Вы поговорили с детьми?,tatoeba,CC BY 2.0 FR
mitbringen:t11575451,mitbringen,Ich habe Kaffee mitgebracht.,Я принёс кофе.,tatoeba,CC BY 2.0 FR
mitbringen:t4844057,mitbringen,Haben Sie das Buch mitgebracht?,Вы принесли книгу?,tatoeba,CC BY 2.0 FR
mitbringen:t4936687,mitbringen,Ich habe mein Buch mitgebracht.,Я принёс свою книгу.,tatoeba,CC BY 2.0 FR
mitkommen:t807739,mitkommen,Willst du nicht mitkommen?,Не хочешь пойти с нами?,tatoeba,CC BY 2.0 FR
mitkommen:t13436715,mitkommen,„Wohin gehst du?“ – „In die Stadt. Willst du mitkommen?“,"""Ты куда?"" - ""Я в город. Хочешь со мной?""",tatoeba,CC BY 2.0 FR
mitkommen:t13945172,mitkommen,Kann Tom mit uns mitkommen?,Том может пойти с нами?,tatoeba,CC BY 2.0 FR
mitmachen:t12480247,mitmachen,Wir werden nicht mitmachen.,Мы не будем участвовать.,tatoeba,CC BY 2.0 FR
mitmachen:t2671576,mitmachen,Ich werde da nicht mitmachen.,Я не буду в этом участвовать.,tatoeba,CC BY 2.0 FR
mitmachen:t983666,mitmachen,"Nicht das Gewinnen ist wichtig, sondern das Mitmachen.","Главное не победа, а участие.",tatoeba,CC BY 2.0 FR
mitnehmen:t13939788,mitnehmen,Sie hat sie mitgenommen.,Она взяла её с собой.,tatoeba,CC BY 2.0 FR
mitnehmen:t1879974,mitnehmen,Darf ich das mitnehmen?,Можно я возьму это с собой?,tatoeba,CC BY 2.0 FR
mitnehmen:t3987333,mitnehmen,Ich will sie mitnehmen.,Я хочу взять её с собой.,tatoeba,CC BY 2.0 FR
mitte:t2587786,mitte,Ich bin der in der Mitte.,Я — в середине.,tatoeba,CC BY 2.0 FR
mitte:t6078332,mitte,Ich bin in der Mitte des Films gegangen.,Я ушёл на середине фильма.,tatoeba,CC BY 2.0 FR
mitte:t3518458,mitte,Ich will in der Mitte sitzen.,Я хочу сидеть в середине.,tatoeba,CC BY 2.0 FR
mittel:t2778294,mittel,Ich habe nicht die Mittel.,У меня нет средств.,tatoeba,CC BY 2.0 FR
mittel:t2766298,mittel,Sie war eine Frau mittleren Alters.,Это была женщина средних лет.,tatoeba,CC BY 2.0 FR
mittel:t12815019,mittel,Was ist in der mittleren Schublade?,Что в среднем ящике?,tatoeba,CC BY 2.0 FR
moebel:t4677755,moebel,Er bestellte neue Möbel.,Он заказал новую мебель.,tatoeba,CC BY 2.0 FR
moebel:t834903,moebel,Ich bestellte neue Möbel.,Я заказала новую мебель.,tatoeba,CC BY 2.0 FR
moebel:t982750,moebel,Ich habe neue Möbel bestellt.,Я заказала новую мебель.,tatoeba,CC BY 2.0 FR
moechten:t10740637,moechten,Was möchten sie wissen?,Что они хотят знать?,tatoeba,CC BY 2.0 FR
moechten:t6018763,moechten,Möchten Sie sie sehen?,Вы хотите её увидеть?,tatoeba,CC BY 2.0 FR
moechten:t13810564,moechten,"Sie können spielen, so viel Sie möchten.",Вы можете играть сколько хотите.,tatoeba,CC BY 2.0 FR
moegen:t10740637,moegen,Was möchten sie wissen?,Что они хотят знать?,tatoeba,CC BY 2.0 FR
moegen:t12271473,moegen,Ich möchte beide haben.,Я хотел бы иметь обе.,tatoeba,CC BY 2.0 FR
moegen:t1314864,moegen,Ich mag das nicht.,Мне это не нравится.,tatoeba,CC BY 2.0 FR
moeglich:t10372549,moeglich,Das war nicht möglich.,Это не было возможно.,tatoeba,CC BY 2.0 FR
moeglich:t11931575,moeglich,Ist es noch möglich?,Это ещё возможно?,tatoeba,CC BY 2.0 FR
moeglich:t13320060,moeglich,Es ist beides möglich.,"И то, и другое возможно.",tatoeba,CC BY 2.0 FR
moeglich-adv:t10372549,moeglich-adv,Das war nicht möglich.,Это не было возможно.,tatoeba,CC BY 2.0 FR
moeglich-adv:t11931575,moeglich-adv,Ist es noch möglich?,Это ещё возможно?,tatoeba,CC BY 2.0 FR
moeglich-adv:t13320060,moeglich-adv,Es ist beides möglich.,"И то, и другое возможно.",tatoeba,CC BY 2.0 FR
moment:t10071517,moment,Bitte warte einen Moment.,"Подожди, пожалуйста, минутку.",tatoeba,CC BY 2.0 FR
moment:t370165,moment,Einen kleinen Moment bitte.,"Секундочку, пожалуйста.",tatoeba,CC BY 2.0 FR
moment:t3965344,moment,Warte bitte einen Moment.,"Подожди минутку, пожалуйста!",tatoeba,CC BY 2.0 FR
morgen:t10060516,morgen,Ich reise morgen ab.,Я завтра уезжаю.,tatoeba,CC BY 2.0 FR
morgen:t10087633,morgen,Ich komme vielleicht morgen.,"Я завтра, может быть, приду.",tatoeba,CC BY 2.0 FR
morgen:t11692694,morgen,Ich sehe sie morgen.,Я увижусь с ней завтра.,tatoeba,CC BY 2.0 FR
muede:t10699749,muede,Unser Lehrer ist müde.,Наш учитель устал.,tatoeba,CC BY 2.0 FR
muede:t1123253,muede,Sie sind nicht müde.,Они не устали.,tatoeba,CC BY 2.0 FR
muede:t11280108,muede,Wir sind auch müde.,Мы тоже устали.,tatoeba,CC BY 2.0 FR
muessen:t2189717,muessen,So muss es sein.,Так и должно быть.,tatoeba,CC BY 2.0 FR
muessen:t1909193,muessen,Sie werden gehen müssen.,Им придётся пойти.,tatoeba,CC BY 2.0 FR
muessen:t557470,muessen,"Er, und nur er, muss gehen.","Идти должен он, и только он.",tatoeba,CC BY 2.0 FR
mund:t2201136,mund,Mach den Mund auf!,Рот открой!,tatoeba,CC BY 2.0 FR
mund:t2244505,mund,Öffnen Sie den Mund.,Откройте рот.,tatoeba,CC BY 2.0 FR
mund:t2298146,mund,Sie öffnete den Mund.,Она открыла рот.,tatoeba,CC BY 2.0 FR
mutter:t12446912,mutter,Ich bin auch Mutter.,Я тоже мать.,tatoeba,CC BY 2.0 FR
mutter:t12450408,mutter,Hat sie eine Mutter?,У неё есть мать?,tatoeba,CC BY 2.0 FR
mutter:t13267534,mutter,Sie braucht eine Mutter.,Ей нужна мать.,tatoeba,CC BY 2.0 FR
nach:t10000226,nach,Wir müssen nach Hause.,Нам надо домой.,tatoeba,CC BY 2.0 FR
nach:t10018916,nach,Sie kam nach Hause.,Она пришла домой.,tatoeba,CC BY 2.0 FR
nach:t11479521,nach,Wir gingen nach Hause.,Мы пошли домой.,tatoeba,CC BY 2.0 FR
nach-adv:t10000226,nach-adv,Wir müssen nach Hause.,Нам надо домой.,tatoeba,CC BY 2.0 FR
nach-adv:t10018916,nach-adv,Sie kam nach Hause.,Она пришла домой.,tatoeba,CC BY 2.0 FR
nach-adv:t11479521,nach-adv,Wir gingen nach Hause.,Мы пошли домой.,tatoeba,CC BY 2.0 FR
name:t3982706,name,Ich weiß die Namen.,Я знаю имена.,tatoeba,CC BY 2.0 FR
name:t6626121,name,Es hat keinen Namen.,У него нет имени.,tatoeba,CC BY 2.0 FR
name:t1309767,name,Haben Sie auch einen Namen?,У Вас и имя есть?,tatoeba,CC BY 2.0 FR
nehmen:t2636873,nehmen,Wollen Sie das nehmen?,Вы хотите взять это?,tatoeba,CC BY 2.0 FR
nehmen:t4464154,nehmen,Nehmen Sie sich Zeit!,Не спешите!,tatoeba,CC BY 2.0 FR
nehmen:t4942824,nehmen,Nehmen Sie noch eine.,Возьмите ещё одну.,tatoeba,CC BY 2.0 FR
nein:t10201784,nein,Vater hat nein gesagt.,Отец сказал нет.,tatoeba,CC BY 2.0 FR
nein:t10735789,nein,"Nein, ich brauche nichts.","Нет, мне ничего не нужно.",tatoeba,CC BY 2.0 FR
nein:t11536308,nein,"Nein, ich sehe nichts.","Нет, я ничего не вижу.",tatoeba,CC BY 2.0 FR
neu:t13381659,neu,Es ist wie neu.,Оно как новое.,tatoeba,CC BY 2.0 FR
neu:t452539,neu,Was gibt es Neues?,Какие новости?,tatoeba,CC BY 2.0 FR
neu:t13486750,neu,Es wird eine neue Zeit kommen.,Придёт новое время.,tatoeba,CC BY 2.0 FR
nicht:t919053,nicht,Das kann nicht sein!,Не может быть!,tatoeba,CC BY 2.0 FR
nicht:t5309090,nicht,Das war nicht sie.,Это была не она.,tatoeba,CC BY 2.0 FR
nicht:t10760563,nicht,Er hat sie nicht.,У него их нет.,tatoeba,CC BY 2.0 FR
nicht-part:t919053,nicht-part,Das kann nicht sein!,Не может быть!,tatoeba,CC BY 2.0 FR
nicht-part:t5309090,nicht-part,Das war nicht sie.,Это была не она.,tatoeba,CC BY 2.0 FR
nicht-part:t10760563,nicht-part,Er hat sie nicht.,У него их нет.,tatoeba,CC BY 2.0 FR
nichts:t10014213,nichts,Ich will nichts tun.,Я не хочу ничего делать.,tatoeba,CC BY 2.0 FR
nichts:t10289344,nichts,Die machen nichts Gutes.,Они не делают ничего хорошего.,tatoeba,CC BY 2.0 FR
nichts:t1034755,nichts,Ich habe nichts gesehen.,Я ничего не видела.,tatoeba,CC BY 2.0 FR
nichts-adv:t10014213,nichts-adv,Ich will nichts tun.,Я не хочу ничего делать.,tatoeba,CC BY 2.0 FR
nichts-adv:t10289344,nichts-adv,Die machen nichts Gutes.,Они не делают ничего хорошего.,tatoeba,CC BY 2.0 FR
nichts-adv:t1034755,nichts-adv,Ich habe nichts gesehen.,Я ничего не видела.,tatoeba,CC BY 2.0 FR
nie:t12884123,nie,Sie haben nie Geld.,У вас никогда нет денег.,tatoeba,CC BY 2.0 FR
nie:t1389713,nie,Man weiß ja nie...,Никогда не знаешь...,tatoeba,CC BY 2.0 FR
nie:t7712639,nie,Er bleibt nie lange.,Он никогда надолго не остаётся.,tatoeba,CC BY 2.0 FR
noch:t11550778,noch,Sie kommt noch nicht.,Она пока не придёт.,tatoeba,CC BY 2.0 FR
noch:t2672701,noch,Sie ist noch nicht gekommen.,Она ещё не пришла.,tatoeba,CC BY 2.0 FR
noch:t611996,noch,Er ist noch nicht gekommen.,Он ещё не пришёл.,tatoeba,CC BY 2.0 FR
noch-conj:t11550778,noch-conj,Sie kommt noch nicht.,Она пока не придёт.,tatoeba,CC BY 2.0 FR
noch-conj:t2672701,noch-conj,Sie ist noch nicht gekommen.,Она ещё не пришла.,tatoeba,CC BY 2.0 FR
noch-conj:t611996,noch-conj,Er ist noch nicht gekommen.,Он ещё не пришёл.,tatoeba,CC BY 2.0 FR
normal:t1111058,normal,Das ist nicht normal.,Это ненормально.,tatoeba,CC BY 2.0 FR
normal:t11662464,normal,"Ja, das ist normal.","Да, это нормально.",tatoeba,CC BY 2.0 FR
normal:t5551963,normal,Ist das nicht normal?,Это ненормально?,tatoeba,CC BY 2.0 FR
normal-adv:t1111058,normal-adv,Das ist nicht normal.,Это ненормально.,tatoeba,CC BY 2.0 FR
normal-adv:t11662464,normal-adv,"Ja, das ist normal.","Да, это нормально.",tatoeba,CC BY 2.0 FR
normal-adv:t5551963,normal-adv,Ist das nicht normal?,Это ненормально?,tatoeba,CC BY 2.0 FR
nummer:t474874,nummer,Ich nahm den Bus Nummer 61.,Я сел в шестьдесят первый автобус.,tatoeba,CC BY 2.0 FR
nummer:t5349901,nummer,Ist das die richtige Nummer?,Это правильный номер?,tatoeba,CC BY 2.0 FR
nummer:t5141887,nummer,Es gibt keinen Satz mit der Nummer 264405.,Предложения с номером 264405 не существует.,tatoeba,CC BY 2.0 FR
nur:t1070543,nur,Wie können sie nur?,Как они только могут так поступать?,tatoeba,CC BY 2.0 FR
nur:t557470,nur,"Er, und nur er, muss gehen.","Идти должен он, и только он.",tatoeba,CC BY 2.0 FR
nur:t7854554,nur,Man muss nur wollen.,Надо только захотеть.,tatoeba,CC BY 2.0 FR
nur-conj:t1070543,nur-conj,Wie können sie nur?,Как они только могут так поступать?,tatoeba,CC BY 2.0 FR
nur-conj:t557470,nur-conj,"Er, und nur er, muss gehen.","Идти должен он, и только он.",tatoeba,CC BY 2.0 FR
nur-conj:t7854554,nur-conj,Man muss nur wollen.,Надо только захотеть.,tatoeba,CC BY 2.0 FR
oben:t8653483,oben,Wer ist jetzt oben?,Кто сейчас наверху?,tatoeba,CC BY 2.0 FR
oben:t8963472,oben,Er lief nach oben.,Он побежал наверх.,tatoeba,CC BY 2.0 FR
oben:t6839779,oben,Mein Vater ist oben.,Отец наверху.,tatoeba,CC BY 2.0 FR
obst:t12755001,obst,Iss Gemüse und Obst!,Ешь овощи и фрукты!,tatoeba,CC BY 2.0 FR
obst:t1554775,obst,Er isst nur Obst.,Он ест одни фрукты.,tatoeba,CC BY 2.0 FR
obst:t2522069,obst,Ich möchte kein Obst.,Я не хочу никаких фруктов.,tatoeba,CC BY 2.0 FR
oder:t2187522,oder,Sein oder nicht sein?,Быть или не быть?,tatoeba,CC BY 2.0 FR
oder:t5614691,oder,"Das ist er, oder nicht?",Это он или нет?,tatoeba,CC BY 2.0 FR
oder:t4878252,oder,"Sie sind einer von denen, oder?",Вы ведь один из них?,tatoeba,CC BY 2.0 FR
oder-part:t2187522,oder-part,Sein oder nicht sein?,Быть или не быть?,tatoeba,CC BY 2.0 FR
oder-part:t5614691,oder-part,"Das ist er, oder nicht?",Это он или нет?,tatoeba,CC BY 2.0 FR
oder-part:t4878252,oder-part,"Sie sind einer von denen, oder?",Вы ведь один из них?,tatoeba,CC BY 2.0 FR
oeffnen:t10733794,oeffnen,Öffnen Sie das Buch.,Откройте книгу.,tatoeba,CC BY 2.0 FR
oeffnen:t11204834,oeffnen,Darf ich sie öffnen?,Можно открывать?,tatoeba,CC BY 2.0 FR
oeffnen:t3529875,oeffnen,Können Sie das öffnen?,Вы можете это открыть?,tatoeba,CC BY 2.0 FR
oel:t3794364,oel,Öl schwimmt auf Wasser.,Масло плавает на поверхности воды.,tatoeba,CC BY 2.0 FR
oel:t13764662,oel,Wasser und Öl sind Flüssigkeiten.,Вода и масло — жидкости.,tatoeba,CC BY 2.0 FR
oel:t13808085,oel,Öl ist leichter als Wasser.,Масло легче воды.,tatoeba,CC BY 2.0 FR
oft:t10968971,oft,Ich habe oft Probleme.,У меня часто бывают проблемы.,tatoeba,CC BY 2.0 FR
oft:t13554153,oft,Macht er das oft?,Он это часто делает?,tatoeba,CC BY 2.0 FR
oft:t13554154,oft,Macht sie das oft?,Она часто это делает?,tatoeba,CC BY 2.0 FR
ohne:t1546090,ohne,Ich kann ohne sie nicht leben.,Я не могу без неё жить.,tatoeba,CC BY 2.0 FR
ohne:t10580734,ohne,Wir können der eine nicht ohne den anderen leben.,Мы не можем жить друг без друга.,tatoeba,CC BY 2.0 FR
ohne:t504,ohne,Was wäre die Welt ohne Frauen?,Чем был бы мир без женщин?,tatoeba,CC BY 2.0 FR
ohne-adv:t1546090,ohne-adv,Ich kann ohne sie nicht leben.,Я не могу без неё жить.,tatoeba,CC BY 2.0 FR
ohne-adv:t10580734,ohne-adv,Wir können der eine nicht ohne den anderen leben.,Мы не можем жить друг без друга.,tatoeba,CC BY 2.0 FR
ohne-adv:t504,ohne-adv,Was wäre die Welt ohne Frauen?,Чем был бы мир без женщин?,tatoeba,CC BY 2.0 FR
ohne-prep:t1546090,ohne-prep,Ich kann ohne sie nicht leben.,Я не могу без неё жить.,tatoeba,CC BY 2.0 FR
ohne-prep:t10580734,ohne-prep,Wir können der eine nicht ohne den anderen leben.,Мы не можем жить друг без друга.,tatoeba,CC BY 2.0 FR
ohne-prep:t504,ohne-prep,Was wäre die Welt ohne Frauen?,Чем был бы мир без женщин?,tatoeba,CC BY 2.0 FR
oma:t8819709,oma,Gestern haben wir Oma besucht.,Мы вчера у бабушки были.,tatoeba,CC BY 2.0 FR
oma:t8263097,oma,„Wo ist Oma?“ – „In der Küche.“,«Где бабушка?» — «На кухне».,tatoeba,CC BY 2.0 FR
oma:t7564307,oma,Die Kinder sind jetzt bei der Oma.,Дети сейчас у бабушки.,tatoeba,CC BY 2.0 FR
opa:t1096738,opa,Wo lebt dein Opa?,Где живёт твой дедушка?,tatoeba,CC BY 2.0 FR
opa:t1415468,opa,Mein Opa ist krank.,Мой дедушка болеет.,tatoeba,CC BY 2.0 FR
opa:t542204,opa,Wo wohnt dein Opa?,Где живёт твой дедушка?,tatoeba,CC BY 2.0 FR
ordnung:t13749962,ordnung,Sie sind in Ordnung.,Они в порядке.,tatoeba,CC BY 2.0 FR
ordnung:t1425288,ordnung,Ist das in Ordnung?,Так нормально?,tatoeba,CC BY 2.0 FR
ordnung:t2201479,ordnung,Ich war in Ordnung.,Я был в порядке.,tatoeba,CC BY 2.0 FR
ort:t12624382,ort,Ich war an einem anderen Ort.,Я был в другом месте.,tatoeba,CC BY 2.0 FR
ort:t13215964,ort,Dies ist ein sehr schöner Ort.,Это очень красивое место.,tatoeba,CC BY 2.0 FR
ort:t12042074,ort,Was ist der schönste Ort der Welt?,Какое самое красивое место в мире?,tatoeba,CC BY 2.0 FR
papier:t13593101,papier,Es ist aus Papier.,Оно бумажное.,tatoeba,CC BY 2.0 FR
papier:t880702,papier,Das Papier ist weiß.,Эта бумага белая.,tatoeba,CC BY 2.0 FR
papier:t370272,papier,Sie hatte kein Papier mehr.,У неё закончилась бумага.,tatoeba,CC BY 2.0 FR
papiere:t5054708,papiere,Wo sind deine Papiere?,Где твои документы?,tatoeba,CC BY 2.0 FR
papiere:t5054709,papiere,Wo sind eure Papiere?,Где ваши бумаги?,tatoeba,CC BY 2.0 FR
papiere:t5054710,papiere,Wo sind Ihre Papiere?,Где Ваши документы?,tatoeba,CC BY 2.0 FR
partner:t8821047,partner,Wir sind jetzt Partner.,Теперь мы партнёры.,tatoeba,CC BY 2.0 FR
partner:t1892438,partner,Ich bin dein Partner.,Я твой партнёр.,tatoeba,CC BY 2.0 FR
partner:t1892440,partner,Ich bin Ihr Partner.,Я ваш партнёр.,tatoeba,CC BY 2.0 FR
party:t1098616,party,Das ist eine Party.,Это вечеринка.,tatoeba,CC BY 2.0 FR
party:t2819090,party,Es war keine Party.,Это была не вечеринка.,tatoeba,CC BY 2.0 FR
party:t3320630,party,Hier ist eine Party.,Здесь вечеринка.,tatoeba,CC BY 2.0 FR
pass:t1001961,pass,Ich habe einen Pass.,У меня есть паспорт.,tatoeba,CC BY 2.0 FR
pass:t1239683,pass,Pass auf dich auf!,Береги себя!,tatoeba,CC BY 2.0 FR
pass:t12815066,pass,Ich brauch einen Pass.,Мне нужен паспорт.,tatoeba,CC BY 2.0 FR
pause:t10060237,pause,Sie brauchen eine Pause.,Им нужен перерыв.,tatoeba,CC BY 2.0 FR
pause:t10606893,pause,Ich brauchte eine Pause.,Мне нужна была пауза.,tatoeba,CC BY 2.0 FR
pause:t11998297,pause,Machen wir eine Pause!,Давай сделаем перерыв!,tatoeba,CC BY 2.0 FR
plan:t10126746,plan,Ich habe keine Pläne.,У меня нет планов.,tatoeba,CC BY 2.0 FR
plan:t1039198,plan,Wir brauchen einen Plan.,Нам нужен план.,tatoeba,CC BY 2.0 FR
plan:t10795475,plan,Es fehlt ein Plan.,Не хватает плана.,tatoeba,CC BY 2.0 FR
platz:t13318848,platz,Sein Platz ist hier.,Его место здесь.,tatoeba,CC BY 2.0 FR
platz:t444689,platz,Gehen Sie über den Platz!,Перейдите через площадь.,tatoeba,CC BY 2.0 FR
platz:t8764999,platz,Wessen Platz ist das hier?,Чьё это место?,tatoeba,CC BY 2.0 FR
polizei:t9422382,polizei,Das ist die Polizei!,Это полиция!,tatoeba,CC BY 2.0 FR
polizei:t6766088,polizei,Sind Sie von der Polizei?,Вы из полиции?,tatoeba,CC BY 2.0 FR
polizei:t3434515,polizei,Die Polizei ist hier.,Полиция здесь.,tatoeba,CC BY 2.0 FR
pommes:t12368382,pommes,Jeder mag Pommes-Chips.,Все любят картофельные чипсы.,tatoeba,CC BY 2.0 FR
pommes:t7470019,pommes,Ich liebe Pommes frites mit Ketchup.,Я люблю жареную картошку с кетчупом.,tatoeba,CC BY 2.0 FR
pommes:t839880,pommes,Ich liebe Kaninchen... mit Pommes frites und einem guten Glas Wein.,Я люблю кроликов... с картошкой фри и большим бокалом вина.,tatoeba,CC BY 2.0 FR
post:t367344,post,Wo ist die Post?,Где почта?,tatoeba,CC BY 2.0 FR
post:t3304042,post,Ich arbeite bei der Post.,Я работаю на почте.,tatoeba,CC BY 2.0 FR
post:t5853918,post,Die Post kam heute nicht.,Сегодня почта не пришла.,tatoeba,CC BY 2.0 FR
postleitzahl:t13646918,postleitzahl,"Ich habe vergessen, welche Postleitzahl wir haben.","Я забыл, какой у нас почтовый индекс.",tatoeba,CC BY 2.0 FR
postleitzahl:t5401904,postleitzahl,Berlin und München haben unterschiedliche Postleitzahlen.,Берлин и Мюнхен имеют разные почтовые индексы.,tatoeba,CC BY 2.0 FR
postleitzahl:t1845255,postleitzahl,"Aarhus, Dänemarks zweitgrößte Stadt, hat die Postleitzahl 8000.","Орхус, второй по величине город Дании, имеет почтовый индекс 8000.",tatoeba,CC BY 2.0 FR
praktikum:t7196372,praktikum,Wie läuft das Praktikum?,Как проходит стажировка?,tatoeba,CC BY 2.0 FR
praktikum:t8620928,praktikum,Ich mache gerade ein Praktikum.,Я сейчас прохожу стажировку.,tatoeba,CC BY 2.0 FR
praxis:t8662516,praxis,Was heißt das in der Praxis?,Что это означает на практике?,tatoeba,CC BY 2.0 FR
praxis:t2061553,praxis,Es fehlt mir an Praxis.,Мне не хватает практики.,tatoeba,CC BY 2.0 FR
praxis:t1541831,praxis,Er setzte seine Ideen in die Praxis um.,Он претворил свои идеи на практике.,tatoeba,CC BY 2.0 FR
preis:t353655,preis,Die Preise sind hoch.,Цены высокие.,tatoeba,CC BY 2.0 FR
preis:t6645424,preis,Der Preis ist gut.,Цена хорошая.,tatoeba,CC BY 2.0 FR
preis:t12641858,preis,Haben Sie den Preis gesehen?,Вы цену видели?,tatoeba,CC BY 2.0 FR
problem:t1037460,problem,Haben wir ein Problem?,У нас проблема?,tatoeba,CC BY 2.0 FR
problem:t1037461,problem,Wir haben kein Problem.,У нас нет никаких проблем.,tatoeba,CC BY 2.0 FR
problem:t12602770,problem,Das war ein Problem.,Это была проблема.,tatoeba,CC BY 2.0 FR
pruefung:t10285996,pruefung,Ist die Prüfung schwer?,Экзамен сложный?,tatoeba,CC BY 2.0 FR
pruefung:t1033704,pruefung,Wie lief die Prüfung?,Как экзамен прошёл?,tatoeba,CC BY 2.0 FR
pruefung:t10575873,pruefung,Die Prüfung ist einfach.,Экзамен простой.,tatoeba,CC BY 2.0 FR
puenktlich:t10362167,puenktlich,Sie ist immer pünktlich.,Она всегда пунктуальна.,tatoeba,CC BY 2.0 FR
puenktlich:t11619879,puenktlich,Komm pünktlich um 10 Uhr!,Приходи ровно в десять!,tatoeba,CC BY 2.0 FR
puenktlich:t13488931,puenktlich,Seien Sie bitte pünktlich!,"Приходите, пожалуйста, вовремя!",tatoeba,CC BY 2.0 FR
rad:t13807968,rad,Wir fahren zusammen Rad.,Мы катаемся вместе на велосипедах.,tatoeba,CC BY 2.0 FR
rad:t5868853,rad,Wo ist mein Rad?,Где мой велосипед?,tatoeba,CC BY 2.0 FR
rad:t1030310,rad,Sie reist mit dem Rad.,Она путешествует на велосипеде.,tatoeba,CC BY 2.0 FR
rauchen:t1071807,rauchen,Kein Rauch ohne Feuer.,Нет дыма без огня.,tatoeba,CC BY 2.0 FR
rauchen:t12275794,rauchen,Er raucht nicht mehr.,Он уже не курит.,tatoeba,CC BY 2.0 FR
rauchen:t12275796,rauchen,Sie raucht nicht mehr.,Она больше не курит.,tatoeba,CC BY 2.0 FR
raum:t8308228,raum,Der Raum ist zu klein.,Комната слишком маленькая.,tatoeba,CC BY 2.0 FR
raum:t1910607,raum,Es war ein sehr großer Raum.,Это было очень большое помещение.,tatoeba,CC BY 2.0 FR
raum:t5905729,raum,Was ist dies für ein Raum?,Что это за комната?,tatoeba,CC BY 2.0 FR
rechnung:t6017039,rechnung,Bringen Sie bitte die Rechnung.,"Принесите, пожалуйста, счёт.",tatoeba,CC BY 2.0 FR
rechnung:t7865955,rechnung,Bringen Sie bitte die Rechnung!,"Принесите, пожалуйста, счёт!",tatoeba,CC BY 2.0 FR
rechnung:t359588,rechnung,Die Rechnung muss heute bezahlt werden.,Счёт должен быть оплачен сегодня.,tatoeba,CC BY 2.0 FR
rechts:t12774028,rechts,Ist das rechts oder links?,Это справа или слева?,tatoeba,CC BY 2.0 FR
rechts:t12774030,rechts,Ist es rechts oder links?,Это справа или слева?,tatoeba,CC BY 2.0 FR
rechts:t8737264,rechts,Er sah nach links und rechts.,Он посмотрел налево и направо.,tatoeba,CC BY 2.0 FR
regen:t11817564,regen,Wir haben auch Regen.,У нас тоже дождь.,tatoeba,CC BY 2.0 FR
regen:t12443842,regen,Höre dem Regen zu.,Слушай дождь.,tatoeba,CC BY 2.0 FR
regen:t13609148,regen,Hört dem Regen zu!,Слушайте дождь.,tatoeba,CC BY 2.0 FR
regnen:t10060566,regnen,Heute wird es regnen.,Сегодня будет дождь.,tatoeba,CC BY 2.0 FR
regnen:t12243955,regnen,Morgen soll es regnen.,Завтра дождь будет.,tatoeba,CC BY 2.0 FR
regnen:t13190752,regnen,Heute hat es geregnet.,Сегодня был дождь.,tatoeba,CC BY 2.0 FR
reis:t12271493,reis,Ich reise oft allein.,Я часто путешествую одна.,tatoeba,CC BY 2.0 FR
reis:t12274913,reis,Ich reise immer allein.,Я всегда путешествую одна.,tatoeba,CC BY 2.0 FR
reis:t2277383,reis,Ich reise nie allein.,Я никогда не путешествую одна.,tatoeba,CC BY 2.0 FR
reise:t12271493,reise,Ich reise oft allein.,Я часто путешествую одна.,tatoeba,CC BY 2.0 FR
reise:t12274913,reise,Ich reise immer allein.,Я всегда путешествую одна.,tatoeba,CC BY 2.0 FR
reise:t2277383,reise,Ich reise nie allein.,Я никогда не путешествую одна.,tatoeba,CC BY 2.0 FR
reisebuero:t822231,reisebuero,Ich arbeite in einem Reisebüro.,Я работаю в туристическом агентстве.,tatoeba,CC BY 2.0 FR
reisebuero:t386982,reisebuero,Kennt jemand dieses Reisebüro?,Кто-нибудь знает это турагентство?,tatoeba,CC BY 2.0 FR
reisebuero:t6468110,reisebuero,Kennst du dieses Reisebüro?,Ты знаешь это турагентство?,tatoeba,CC BY 2.0 FR
reisefuehrer:t1819149,reisefuehrer,Verlassen Sie sich nicht zu sehr auf Ihren Reiseführer.,Не слишком полагайтесь на свой путеводитель.,tatoeba,CC BY 2.0 FR
reisen:t12271493,reisen,Ich reise oft allein.,Я часто путешествую одна.,tatoeba,CC BY 2.0 FR
reisen:t12274913,reisen,Ich reise immer allein.,Я всегда путешествую одна.,tatoeba,CC BY 2.0 FR
reisen:t2277383,reisen,Ich reise nie allein.,Я никогда не путешествую одна.,tatoeba,CC BY 2.0 FR
reparatur:t348431,reparatur,Mein Auto ist in Reparatur.,Моя машина в сервисе.,tatoeba,CC BY 2.0 FR
reparatur:t8634553,reparatur,Wie teuer ist die Reparatur?,Сколько будет стоить ремонт?,tatoeba,CC BY 2.0 FR
reparatur:t783839,reparatur,Die Reparaturen werden viel Geld kosten.,Ремонт будет стоить уйму денег.,tatoeba,CC BY 2.0 FR
reparieren:t1180758,reparieren,Ich muss es reparieren.,Я должен это починить.,tatoeba,CC BY 2.0 FR
reparieren:t12167330,reparieren,Ich reparierte die Tür.,Я починила дверь.,tatoeba,CC BY 2.0 FR
reparieren:t1288929,reparieren,Reparier bitte das Auto.,"Отремонтируй, пожалуйста, машину.",tatoeba,CC BY 2.0 FR
restaurant:t12569740,restaurant,Wie hieß das Restaurant?,Как тот ресторан назывался?,tatoeba,CC BY 2.0 FR
restaurant:t13079306,restaurant,Hier ist das Restaurant.,Вот ресторан.,tatoeba,CC BY 2.0 FR
restaurant:t3421262,restaurant,Wo ist das Restaurant?,Где ресторан?,tatoeba,CC BY 2.0 FR
rezeption:t11182967,rezeption,Wir haben den Schlüssel zurück zur Rezeption gebracht.,Мы вернули ключ на ресепшн.,tatoeba,CC BY 2.0 FR
richtig:t12785502,richtig,Sie macht das richtig.,Она делает это правильно.,tatoeba,CC BY 2.0 FR
richtig:t12785503,richtig,Sie macht es richtig.,Она делает это правильно.,tatoeba,CC BY 2.0 FR
richtig:t5522561,richtig,Wir machen das richtig.,Мы делаем это правильно.,tatoeba,CC BY 2.0 FR
richtig-adv:t12785502,richtig-adv,Sie macht das richtig.,Она делает это правильно.,tatoeba,CC BY 2.0 FR
richtig-adv:t12785503,richtig-adv,Sie macht es richtig.,Она делает это правильно.,tatoeba,CC BY 2.0 FR
richtig-adv:t5522561,richtig-adv,Wir machen das richtig.,Мы делаем это правильно.,tatoeba,CC BY 2.0 FR
riechen:t1100506,riechen,Es roch nach Rauch.,Пахло дымом.,tatoeba,CC BY 2.0 FR
riechen:t351219,riechen,Die Butter riecht gut.,Масло хорошо пахнет.,tatoeba,CC BY 2.0 FR
riechen:t6776931,riechen,Die Blumen riechen wunderbar.,Цветы чудесно пахнут.,tatoeba,CC BY 2.0 FR
ruhig:t12535140,ruhig,Das Haus ist ruhig.,В доме тихо.,tatoeba,CC BY 2.0 FR
ruhig:t1341964,ruhig,Wir müssen ruhig bleiben.,Мы должны сохранять спокойствие.,tatoeba,CC BY 2.0 FR
ruhig:t13769313,ruhig,Die Straße ist ruhig.,Улица спокойная.,tatoeba,CC BY 2.0 FR
ruhig-adv:t12535140,ruhig-adv,Das Haus ist ruhig.,В доме тихо.,tatoeba,CC BY 2.0 FR
ruhig-adv:t1341964,ruhig-adv,Wir müssen ruhig bleiben.,Мы должны сохранять спокойствие.,tatoeba,CC BY 2.0 FR
ruhig-adv:t13769313,ruhig-adv,Die Straße ist ruhig.,Улица спокойная.,tatoeba,CC BY 2.0 FR
ruhig-noun:t12535140,ruhig-noun,Das Haus ist ruhig.,В доме тихо.,tatoeba,CC BY 2.0 FR
ruhig-noun:t1341964,ruhig-noun,Wir müssen ruhig bleiben.,Мы должны сохранять спокойствие.,tatoeba,CC BY 2.0 FR
ruhig-noun:t13769313,ruhig-noun,Die Straße ist ruhig.,Улица спокойная.,tatoeba,CC BY 2.0 FR
saft:t4357480,saft,Haben sie Saft gekauft?,Они купили сок?,tatoeba,CC BY 2.0 FR
saft:t8100300,saft,Mein Bruder trinkt Saft.,Мой брат пьёт сок.,tatoeba,CC BY 2.0 FR
saft:t2323367,saft,Ich werde einen Saft kaufen.,Я куплю сок.,tatoeba,CC BY 2.0 FR
sagen:t10302532,sagen,Das sollte er sagen.,Это он должен говорить.,tatoeba,CC BY 2.0 FR
sagen:t10302535,sagen,Das sollte sie sagen.,Это она должна говорить.,tatoeba,CC BY 2.0 FR
sagen:t10302537,sagen,Das sollten sie sagen.,Это они должны говорить.,tatoeba,CC BY 2.0 FR
salat:t4444734,salat,Ich mag Salat nicht.,Я не люблю салат.,tatoeba,CC BY 2.0 FR
salat:t4454497,salat,Ich mag keinen Salat.,Я не люблю салат.,tatoeba,CC BY 2.0 FR
salat:t4886159,salat,Ich möchte einen Salat.,Я хотел бы салат.,tatoeba,CC BY 2.0 FR
salz:t3655168,salz,Das ist kein Salz.,Это не соль.,tatoeba,CC BY 2.0 FR
salz:t5131340,salz,Muss ich mehr salzen?,Ещё посолить?,tatoeba,CC BY 2.0 FR
salz:t6582121,salz,Nicht so viel Salz!,Куда столько соли!,tatoeba,CC BY 2.0 FR
satz:t126,satz,Das war mein Satz!,Это я должен был сказать!,tatoeba,CC BY 2.0 FR
satz:t1314609,satz,Das ist mein Satz!,Это моё предложение!,tatoeba,CC BY 2.0 FR
satz:t3324584,satz,Ich schreibe einen Satz.,Я пишу предложение.,tatoeba,CC BY 2.0 FR
schalter:t13805395,schalter,Der Schalter ist links.,Выключатель слева.,tatoeba,CC BY 2.0 FR
schalter:t13805396,schalter,Der Schalter ist rechts.,Выключатель справа.,tatoeba,CC BY 2.0 FR
schalter:t13805397,schalter,Ich habe den Schalter nicht gefunden.,Я не нашёл выключатель.,tatoeba,CC BY 2.0 FR
scheinen:t13925430,scheinen,Das ist nur Schein.,Это видимость.,tatoeba,CC BY 2.0 FR
scheinen:t11884895,scheinen,Sie scheinen viel zu wissen.,"Вы, похоже, много знаете.",tatoeba,CC BY 2.0 FR
scheinen:t13465412,scheinen,Sie scheint nicht hier zu sein.,"Непохоже, что она здесь.",tatoeba,CC BY 2.0 FR
schicken:t12650556,schicken,Schickt sie nach Hause!,Отправьте её домой.,tatoeba,CC BY 2.0 FR
schicken:t2012327,schicken,Das schickt sich nicht.,Это неприлично.,tatoeba,CC BY 2.0 FR
schicken:t4958299,schicken,Wer hat sie geschickt?,Кто её послал?,tatoeba,CC BY 2.0 FR
schicken-adj:t12650559,schicken-adj,Schicken Sie sie nach Hause!,Отправьте её домой.,tatoeba,CC BY 2.0 FR
schicken-adj:t4640827,schicken-adj,Er wird das Buch mit der Post schicken.,Он пошлёт эту книгу по почте.,tatoeba,CC BY 2.0 FR
schicken-adj:t12372948,schicken-adj,Ich möchte ein Fax schicken.,Я хотел бы отправить факс.,tatoeba,CC BY 2.0 FR
schild:t6333392,schild,Ich brauche einen Schild.,Мне нужен щит.,tatoeba,CC BY 2.0 FR
schild:t655369,schild,Was steht auf dem Schild?,Что на знаке написано?,tatoeba,CC BY 2.0 FR
schild:t13089179,schild,Was steht da auf dem Schild?,Что там на знаке написано?,tatoeba,CC BY 2.0 FR
schinken:t356584,schinken,Er mag Schinken und Eier.,Он любит ветчину и яйца.,tatoeba,CC BY 2.0 FR
schinken:t6196915,schinken,"Ich habe mir ein Sandwich mit Schinken, Salat und Tomaten bestellt.","Я заказал сэндвич с беконом, салатом и помидорами.",tatoeba,CC BY 2.0 FR
schinken:t7525379,schinken,"Tom kann nicht kochen, es sei denn, es sind Spiegeleier mit Schinken.","Том не умеет готовить, разве что яичницу с ветчиной.",tatoeba,CC BY 2.0 FR
schlafen:t10296881,schlafen,Er konnte nicht schlafen.,Он не мог спать.,tatoeba,CC BY 2.0 FR
schlafen:t10341314,schlafen,Ich brauche mehr Schlaf.,Мне нужно больше спать.,tatoeba,CC BY 2.0 FR
schlafen:t10663806,schlafen,Ich musste draußen schlafen.,Мне пришлось спать на улице.,tatoeba,CC BY 2.0 FR
schlecht:t10010190,schlecht,Das war sehr schlecht.,Это было очень плохо.,tatoeba,CC BY 2.0 FR
schlecht:t10015285,schlecht,Es war nicht schlecht.,Это было неплохо.,tatoeba,CC BY 2.0 FR
schlecht:t12593026,schlecht,Das sind schlechte Menschen.,Они плохие люди.,tatoeba,CC BY 2.0 FR
schlecht-adv:t10010190,schlecht-adv,Das war sehr schlecht.,Это было очень плохо.,tatoeba,CC BY 2.0 FR
schlecht-adv:t10015285,schlecht-adv,Es war nicht schlecht.,Это было неплохо.,tatoeba,CC BY 2.0 FR
schlecht-adv:t12696460,schlecht-adv,Das wäre nicht schlecht!,Да уж не помешало бы!,tatoeba,CC BY 2.0 FR
schliessen:t12145135,schliessen,Ich habe ein Schloss.,У меня есть за́мок.,tatoeba,CC BY 2.0 FR
schliessen:t12925489,schliessen,Sie schlossen die Schule.,Они закрыли школу.,tatoeba,CC BY 2.0 FR
schliessen:t12925501,schliessen,Die Schulen sind geschlossen.,Школы закрыты.,tatoeba,CC BY 2.0 FR
schluessel:t11182644,schluessel,Ich suche die Schlüssel.,Я ищу ключи.,tatoeba,CC BY 2.0 FR
schluessel:t12309403,schluessel,Bringen Sie den Schlüssel.,Принесите ключ.,tatoeba,CC BY 2.0 FR
schluessel:t12397900,schluessel,Ich habe einen Schlüssel.,У меня есть ключ.,tatoeba,CC BY 2.0 FR
schluss:t10839307,schluss,Ich bleibe bis zum Schluss.,Я останусь до конца.,tatoeba,CC BY 2.0 FR
schluss:t2666872,schluss,Maria kam kurz vor Schluss.,Мария пришла в самый последний момент.,tatoeba,CC BY 2.0 FR
schluss:t2874909,schluss,Mach mal Schluss damit!,Заканчивай с этим!,tatoeba,CC BY 2.0 FR
schmecken:t10323810,schmecken,Das Essen schmeckt nicht.,Еда невкусная.,tatoeba,CC BY 2.0 FR
schmecken:t10323909,schmecken,Wie schmeckt das Essen?,Как еда?,tatoeba,CC BY 2.0 FR
schmecken:t12316310,schmecken,Schmeckt es so besser?,Так вкуснее?,tatoeba,CC BY 2.0 FR
schnell:t11763245,schnell,Die Polizei kam schnell.,Полиция приехала быстро.,tatoeba,CC BY 2.0 FR
schnell:t1852671,schnell,Gehe ich zu schnell?,Я слишком быстро иду?,tatoeba,CC BY 2.0 FR
schnell:t2506466,schnell,Spreche ich zu schnell?,Я слишком быстро говорю?,tatoeba,CC BY 2.0 FR
schnell-adv:t11763245,schnell-adv,Die Polizei kam schnell.,Полиция приехала быстро.,tatoeba,CC BY 2.0 FR
schnell-adv:t1852671,schnell-adv,Gehe ich zu schnell?,Я слишком быстро иду?,tatoeba,CC BY 2.0 FR
schnell-adv:t2506466,schnell-adv,Spreche ich zu schnell?,Я слишком быстро говорю?,tatoeba,CC BY 2.0 FR
schoen:t11773014,schoen,Sein Haus ist schön.,У него красивый дом.,tatoeba,CC BY 2.0 FR
schoen:t13336665,schoen,Ich finde sie schön.,Я нахожу её красивой.,tatoeba,CC BY 2.0 FR
schoen:t1342387,schoen,Die Stadt ist schön.,Город красивый.,tatoeba,CC BY 2.0 FR
schoen-adv:t11773014,schoen-adv,Sein Haus ist schön.,У него красивый дом.,tatoeba,CC BY 2.0 FR
schoen-adv:t13336665,schoen-adv,Ich finde sie schön.,Я нахожу её красивой.,tatoeba,CC BY 2.0 FR
schoen-adv:t1342387,schoen-adv,Die Stadt ist schön.,Город красивый.,tatoeba,CC BY 2.0 FR
schon:t12012943,schon,Sie sind schon gegangen.,Они уже ушли.,tatoeba,CC BY 2.0 FR
schon:t13698695,schon,Man macht es schon.,Это уже делается.,tatoeba,CC BY 2.0 FR
schon:t13698696,schon,Es wird schon gemacht.,Это уже делается.,tatoeba,CC BY 2.0 FR
schon-verb:t12012943,schon-verb,Sie sind schon gegangen.,Они уже ушли.,tatoeba,CC BY 2.0 FR
schon-verb:t13698695,schon-verb,Man macht es schon.,Это уже делается.,tatoeba,CC BY 2.0 FR
schon-verb:t13698696,schon-verb,Es wird schon gemacht.,Это уже делается.,tatoeba,CC BY 2.0 FR
schrank:t7775032,schrank,Was ist in dem Schrank?,Что в шкафу?,tatoeba,CC BY 2.0 FR
schrank:t4105376,schrank,Was ist in dem Schrank da?,Что в том шкафу?,tatoeba,CC BY 2.0 FR
schrank:t13442510,schrank,Sieh im Schrank nach!,Поищи в шкафу.,tatoeba,CC BY 2.0 FR
schreiben:t12339959,schreiben,Was steht da geschrieben?,Что здесь написано?,tatoeba,CC BY 2.0 FR
schreiben:t1473634,schreiben,Wie schreibt man das?,Как это пишется?,tatoeba,CC BY 2.0 FR
schreiben:t3279461,schreiben,Das war gut geschrieben.,Это было хорошо написано.,tatoeba,CC BY 2.0 FR
schueler:t10049235,schueler,Er ist kein Schüler.,Он не школьник.,tatoeba,CC BY 2.0 FR
schueler:t11914796,schueler,Wir sind schlechte Schüler.,Мы плохие ученики.,tatoeba,CC BY 2.0 FR
schueler:t12445811,schueler,Es fehlten keine Schüler.,Ни один ученик не отсутствовал.,tatoeba,CC BY 2.0 FR
schuh:t2494055,schuh,Ich brauche neue Schuhe.,Мне нужны новые ботинки.,tatoeba,CC BY 2.0 FR
schuh:t2802042,schuh,Die neuen Schuhe drücken.,Новая обувь жмёт.,tatoeba,CC BY 2.0 FR
schuh:t353672,schuh,Wo sind die Schuhe?,Где обувь?,tatoeba,CC BY 2.0 FR
schule:t1054509,schule,Wo ist die Schule?,Где школа?,tatoeba,CC BY 2.0 FR
schule:t1348087,schule,Heute ist keine Schule.,Сегодня нет занятий.,tatoeba,CC BY 2.0 FR
schule:t340906,schule,Geh in die Schule.,Иди в школу.,tatoeba,CC BY 2.0 FR
schwer:t13052022,schwer,Das ist nicht schwer.,Это не трудно.,tatoeba,CC BY 2.0 FR
schwer:t13761456,schwer,Das ist sehr schwer.,Это очень трудно.,tatoeba,CC BY 2.0 FR
schwer:t1472477,schwer,Die Zeiten sind schwer.,Времена тяжёлые.,tatoeba,CC BY 2.0 FR
schwester:t2061196,schwester,Er hat keine Schwester.,У него нет сестры.,tatoeba,CC BY 2.0 FR
schwester:t2309359,schwester,Liebe Brüder und Schwestern!,Дорогие братья и сестры!,tatoeba,CC BY 2.0 FR
schwester:t2967198,schwester,Das sind keine Schwestern.,Это не сёстры.,tatoeba,CC BY 2.0 FR
schwimmbad:t1010505,schwimmbad,Ich gehe ins Schwimmbad.,Я иду в бассейн.,tatoeba,CC BY 2.0 FR
schwimmbad:t6313213,schwimmbad,In diesem Motel gibt es ein Schwimmbad.,В этом мотеле есть бассейн.,tatoeba,CC BY 2.0 FR
schwimmbad:t6572168,schwimmbad,In diesem Schwimmbad gibt es kein Trampolin.,В этом бассейне нет трамплина.,tatoeba,CC BY 2.0 FR
schwimmen:t10084613,schwimmen,Sie konnten nicht schwimmen.,Они не умели плавать.,tatoeba,CC BY 2.0 FR
schwimmen:t11525089,schwimmen,Sie schwimmt sehr gut.,Она очень хорошо плавает.,tatoeba,CC BY 2.0 FR
schwimmen:t12407485,schwimmen,Ich kann schon schwimmen.,Я уже умею плавать.,tatoeba,CC BY 2.0 FR
see:t1137137,see,Der See ist groß.,Озеро большое.,tatoeba,CC BY 2.0 FR
see:t13983208,see,Ist der See groß?,Озеро большое?,tatoeba,CC BY 2.0 FR
see:t6595414,see,Wir gehen an den See.,Мы идём на озеро.,tatoeba,CC BY 2.0 FR
sehen:t12169994,sehen,Sehen Sie sie auch?,Вы тоже её видите?,tatoeba,CC BY 2.0 FR
sehen:t12170001,sehen,Sie haben Sie gesehen.,Они Вас видели.,tatoeba,CC BY 2.0 FR
sehen:t12388000,sehen,Haben sie sie gesehen?,Они её видели?,tatoeba,CC BY 2.0 FR
sehenswuerdigkeit:t396926,sehenswuerdigkeit,In Kyoto gibt es viele Sehenswürdigkeiten.,В Киото много достопримечательностей.,tatoeba,CC BY 2.0 FR
sehenswuerdigkeit:t5244038,sehenswuerdigkeit,Kioto hat viele Sehenswürdigkeiten zu bieten.,В Киото много достопримечательностей.,tatoeba,CC BY 2.0 FR
sehenswuerdigkeit:t1103363,sehenswuerdigkeit,Ich würde gerne nach China fahren um die dortigen Sehenswürdigkeiten zu besuchen.,"Я хотел бы отправиться в Китай, чтобы посетить там местные достопримечательности.",tatoeba,CC BY 2.0 FR
sehr:t1717056,sehr,"Er ist nicht mehr der, der er war.","Он уже не тот, что прежде.",tatoeba,CC BY 2.0 FR
sehr:t9076551,sehr,Mehr hat er nicht gesagt.,Больше он ничего не сказал.,tatoeba,CC BY 2.0 FR
sehr:t356162,sehr,Das ist sehr gut.,Очень хорошо.,tatoeba,CC BY 2.0 FR
sein:t919053,sein,Das kann nicht sein!,Не может быть!,tatoeba,CC BY 2.0 FR
sein:t396856,sein,Das ist für Sie.,Это Вам.,tatoeba,CC BY 2.0 FR
sein:t5309090,sein,Das war nicht sie.,Это была не она.,tatoeba,CC BY 2.0 FR
sein-pron:t919053,sein-pron,Das kann nicht sein!,Не может быть!,tatoeba,CC BY 2.0 FR
sein-pron:t1932881,sein-pron,Wie kann das sein?,Как это может быть?,tatoeba,CC BY 2.0 FR
sein-pron:t2189717,sein-pron,So muss es sein.,Так и должно быть.,tatoeba,CC BY 2.0 FR
seit:t6401929,seit,Das habe ich schon seit 2013 nicht mehr gemacht.,Я этого с две тысячи тринадцатого года не делал.,tatoeba,CC BY 2.0 FR
seit:t7982864,seit,Wir sind schon seit 2013 hier.,Мы здесь с две тысячи тринадцатого года.,tatoeba,CC BY 2.0 FR
seit:t3549939,seit,Ich wusste das schon seit langem.,Я давно это знал.,tatoeba,CC BY 2.0 FR
seit-prep:t6401929,seit-prep,Das habe ich schon seit 2013 nicht mehr gemacht.,Я этого с две тысячи тринадцатого года не делал.,tatoeba,CC BY 2.0 FR
seit-prep:t7982864,seit-prep,Wir sind schon seit 2013 hier.,Мы здесь с две тысячи тринадцатого года.,tatoeba,CC BY 2.0 FR
seit-prep:t3549939,seit-prep,Ich wusste das schon seit langem.,Я давно это знал.,tatoeba,CC BY 2.0 FR
selbststaendig:t13994433,selbststaendig,Er will selbstständiger sein.,Он хочет быть более независимым.,tatoeba,CC BY 2.0 FR
selbststaendig:t13994435,selbststaendig,Sie will selbstständiger sein.,Она хочет быть более независимой.,tatoeba,CC BY 2.0 FR
selbststaendig:t13933856,selbststaendig,Tom und Maria haben das noch nie selbstständig gemacht.,Том с Марией никогда ещё не делали этого самостоятельно.,tatoeba,CC BY 2.0 FR
selbststaendig-adv:t13933856,selbststaendig-adv,Tom und Maria haben das noch nie selbstständig gemacht.,Том с Марией никогда ещё не делали этого самостоятельно.,tatoeba,CC BY 2.0 FR
selbststaendig-adv:t13933858,selbststaendig-adv,Tom und Maria haben das noch nie selbstständig getan.,Том с Марией никогда ещё не делали этого самостоятельно.,tatoeba,CC BY 2.0 FR
selbststaendig-adv:t2384789,selbststaendig-adv,"Wir brauchen Mitarbeiter, die selbstständig Entscheidungen treffen.","Нам нужны сотрудники, самостоятельно принимающие решения.",tatoeba,CC BY 2.0 FR
sich:t7233417,sich,Die beiden sahen sich an.,Обе посмотрели друг на друга.,tatoeba,CC BY 2.0 FR
sich:t10701685,sich,Stellen Sie sich an.,Встаньте в очередь.,tatoeba,CC BY 2.0 FR
sich:t4464154,sich,Nehmen Sie sich Zeit!,Не спешите!,tatoeba,CC BY 2.0 FR
sie:t396856,sie,Das ist für Sie.,Это Вам.,tatoeba,CC BY 2.0 FR
sie:t5309090,sie,Das war nicht sie.,Это была не она.,tatoeba,CC BY 2.0 FR
sie:t10760563,sie,Er hat sie nicht.,У него их нет.,tatoeba,CC BY 2.0 FR
sitzen:t2743246,sitzen,Wo sitzen Sie gerade?,Где Вы сейчас сидите?,tatoeba,CC BY 2.0 FR
sitzen:t4606842,sitzen,Der alte Mann sitzt.,Старик сидит.,tatoeba,CC BY 2.0 FR
sitzen:t6634303,sitzen,Auf was sitzen Sie?,На чём вы сидите?,tatoeba,CC BY 2.0 FR
so:t1291739,so,Ist das nicht so?,Разве это не так?,tatoeba,CC BY 2.0 FR
so:t2189717,so,So muss es sein.,Так и должно быть.,tatoeba,CC BY 2.0 FR
so:t5387340,so,So ist das nicht.,Это не так!,tatoeba,CC BY 2.0 FR
so-conj:t1291739,so-conj,Ist das nicht so?,Разве это не так?,tatoeba,CC BY 2.0 FR
so-conj:t2189717,so-conj,So muss es sein.,Так и должно быть.,tatoeba,CC BY 2.0 FR
so-conj:t5387340,so-conj,So ist das nicht.,Это не так!,tatoeba,CC BY 2.0 FR
so-part:t1291739,so-part,Ist das nicht so?,Разве это не так?,tatoeba,CC BY 2.0 FR
so-part:t2189717,so-part,So muss es sein.,Так и должно быть.,tatoeba,CC BY 2.0 FR
so-part:t5387340,so-part,So ist das nicht.,Это не так!,tatoeba,CC BY 2.0 FR
so-pron:t1291739,so-pron,Ist das nicht so?,Разве это не так?,tatoeba,CC BY 2.0 FR
so-pron:t2189717,so-pron,So muss es sein.,Так и должно быть.,tatoeba,CC BY 2.0 FR
so-pron:t5387340,so-pron,So ist das nicht.,Это не так!,tatoeba,CC BY 2.0 FR
sofa:t10488900,sofa,Schlaf auf dem Sofa!,Спи на диване!,tatoeba,CC BY 2.0 FR
sofa:t3536421,sofa,Das ist mein Sofa.,Это мой диван.,tatoeba,CC BY 2.0 FR
sofa:t8289638,sofa,Ich habe ein Sofa.,У меня есть диван.,tatoeba,CC BY 2.0 FR
sofort:t11603109,sofort,Ich brauche das sofort.,Мне это нужно прямо сейчас.,tatoeba,CC BY 2.0 FR
sofort:t11998266,sofort,Hören Sie sofort auf!,Перестаньте сейчас же!,tatoeba,CC BY 2.0 FR
sofort:t2023376,sofort,Geh sofort nach Hause!,Иди сейчас же домой.,tatoeba,CC BY 2.0 FR
sohn:t1151413,sohn,Haben Sie einen Sohn?,У Вас есть сын?,tatoeba,CC BY 2.0 FR
sohn:t12941002,sohn,Das ist sein Sohn.,Это его сын.,tatoeba,CC BY 2.0 FR
sohn:t3319747,sohn,Sie haben einen Sohn.,У них есть сын.,tatoeba,CC BY 2.0 FR
sollen:t10302532,sollen,Das sollte er sagen.,Это он должен говорить.,tatoeba,CC BY 2.0 FR
sollen:t10302535,sollen,Das sollte sie sagen.,Это она должна говорить.,tatoeba,CC BY 2.0 FR
sollen:t10302537,sollen,Das sollten sie sagen.,Это они должны говорить.,tatoeba,CC BY 2.0 FR
sonne:t1137139,sonne,Die Sonne ist groß.,Солнце большое.,tatoeba,CC BY 2.0 FR
sonne:t12313700,sonne,Hier scheint die Sonne.,У нас тут солнце.,tatoeba,CC BY 2.0 FR
sonne:t13139667,sonne,Das ist die Sonne.,Это солнце.,tatoeba,CC BY 2.0 FR
spaet:t10083882,spaet,Wir kamen zu spät.,Мы опоздали.,tatoeba,CC BY 2.0 FR
spaet:t10086519,spaet,Sie kam zu spät.,Она пришла поздно.,tatoeba,CC BY 2.0 FR
spaet:t10194406,spaet,Ist es schon spät?,Уже поздно?,tatoeba,CC BY 2.0 FR
spaet-adv:t10083882,spaet-adv,Wir kamen zu spät.,Мы опоздали.,tatoeba,CC BY 2.0 FR
spaet-adv:t10086519,spaet-adv,Sie kam zu spät.,Она пришла поздно.,tatoeba,CC BY 2.0 FR
spaet-adv:t10194406,spaet-adv,Ist es schon spät?,Уже поздно?,tatoeba,CC BY 2.0 FR
spaet-noun:t10083882,spaet-noun,Wir kamen zu spät.,Мы опоздали.,tatoeba,CC BY 2.0 FR
spaet-noun:t10086519,spaet-noun,Sie kam zu spät.,Она пришла поздно.,tatoeba,CC BY 2.0 FR
spaet-noun:t10194406,spaet-noun,Ist es schon spät?,Уже поздно?,tatoeba,CC BY 2.0 FR
spaeter:t13625271,spaeter,Später kamen die anderen.,Позже приехали остальные.,tatoeba,CC BY 2.0 FR
spaeter:t13807913,spaeter,Ich werde später kommen.,Я попозже приду.,tatoeba,CC BY 2.0 FR
spaeter:t1881315,spaeter,Ich erkläre es später.,Я объясню позже.,tatoeba,CC BY 2.0 FR
spaeter-adv:t13625271,spaeter-adv,Später kamen die anderen.,Позже приехали остальные.,tatoeba,CC BY 2.0 FR
spaeter-adv:t13807913,spaeter-adv,Ich werde später kommen.,Я попозже приду.,tatoeba,CC BY 2.0 FR
spaeter-adv:t1881315,spaeter-adv,Ich erkläre es später.,Я объясню позже.,tatoeba,CC BY 2.0 FR
speisekarte:t1638102,speisekarte,Darf ich die Speisekarte sehen?,Можно посмотреть меню?,tatoeba,CC BY 2.0 FR
speisekarte:t6776767,speisekarte,Dürfen wir die Speisekarte haben?,Можно нам меню?,tatoeba,CC BY 2.0 FR
speisekarte:t3072399,speisekarte,Könnte ich bitte die Speisekarte bekommen?,"Можно мне меню, пожалуйста?",tatoeba,CC BY 2.0 FR
spielen:t10007383,spielen,Was für ein Spiel!,Вот это игра!,tatoeba,CC BY 2.0 FR
spielen:t10047574,spielen,Die haben nur gespielt.,Они просто играли.,tatoeba,CC BY 2.0 FR
spielen:t12056558,spielen,Das Spiel ging 3 : 1 aus.,Игра закончилась со счётом 3:1.,tatoeba,CC BY 2.0 FR
sport:t1361407,sport,Ich mag Sport nicht.,Я не люблю спорт.,tatoeba,CC BY 2.0 FR
sport:t709669,sport,Ich mag keinen Sport.,Я не люблю спорт.,tatoeba,CC BY 2.0 FR
sport:t1973261,sport,Er mag keinen Sport. Ich auch nicht.,Он не любит спорт. Я тоже.,tatoeba,CC BY 2.0 FR
sprache:t3148859,sprache,Sie sprachen von 8 bis 10 Uhr.,Они беседовали с 8 до 10 часов.,tatoeba,CC BY 2.0 FR
sprache:t8818885,sprache,Ich spreche keine anderen Sprachen.,Я не говорю на других языках.,tatoeba,CC BY 2.0 FR
sprache:t8895817,sprache,Die Alten sprachen über das Leben.,Старики говорили о жизни.,tatoeba,CC BY 2.0 FR
sprechen:t10477861,sprechen,Können Sie lauter sprechen?,Вы можете громче говорить?,tatoeba,CC BY 2.0 FR
sprechen:t11230776,sprechen,Er spricht von sich.,Он говорит о себе.,tatoeba,CC BY 2.0 FR
sprechen:t11563915,sprechen,Ich wollte Sie sprechen.,Я хотел с Вами поговорить.,tatoeba,CC BY 2.0 FR
stadt:t7452045,stadt,Die Stadt ist groß.,Город большой.,tatoeba,CC BY 2.0 FR
stadt:t1743528,stadt,Ich komme aus der Stadt.,Я из города.,tatoeba,CC BY 2.0 FR
stadt:t2666902,stadt,Ich muss in die Stadt.,Мне нужно в город.,tatoeba,CC BY 2.0 FR
stehen:t2478957,stehen,Er stand auf und ging.,Он встал и вышел.,tatoeba,CC BY 2.0 FR
stehen:t8916551,stehen,Ich konnte nicht mehr stehen.,Я не мог больше стоять.,tatoeba,CC BY 2.0 FR
stehen:t519199,stehen,Ich stehe um 7 Uhr auf.,Я встаю в семь часов.,tatoeba,CC BY 2.0 FR
stelle:t10701685,stelle,Stellen Sie sich an.,Встаньте в очередь.,tatoeba,CC BY 2.0 FR
stelle:t11572465,stelle,Wie stelle ich das ab?,Как мне это выключить?,tatoeba,CC BY 2.0 FR
stelle:t12855910,stelle,Ich habe eine Stelle gefunden.,Я нашла работу.,tatoeba,CC BY 2.0 FR
stellen:t10701685,stellen,Stellen Sie sich an.,Встаньте в очередь.,tatoeba,CC BY 2.0 FR
stellen:t11572465,stellen,Wie stelle ich das ab?,Как мне это выключить?,tatoeba,CC BY 2.0 FR
stellen:t12855910,stellen,Ich habe eine Stelle gefunden.,Я нашла работу.,tatoeba,CC BY 2.0 FR
stock:t11834377,stock,Ich brauche einen Stock.,Мне нужна трость.,tatoeba,CC BY 2.0 FR
stock:t2939938,stock,Ich suche einen Stock.,Я ищу какую-нибудь палку.,tatoeba,CC BY 2.0 FR
stock:t10556869,stock,Ohne Stock kann ich nicht gehen.,Я не могу ходить без палки.,tatoeba,CC BY 2.0 FR
strasse:t13769315,strasse,Die Straße ist laut.,Улица шумная.,tatoeba,CC BY 2.0 FR
strasse:t13069034,strasse,Die Straße gibt es nicht.,Такой улицы нет.,tatoeba,CC BY 2.0 FR
strasse:t2328071,strasse,Sie gingen über die Straße.,Они перешли через дорогу.,tatoeba,CC BY 2.0 FR
strassenbahn:t3646658,strassenbahn,Man kann einen Bus oder eine Straßenbahn benutzen.,Можно поехать на автобусе или трамвае.,tatoeba,CC BY 2.0 FR
strassenbahn:t9542198,strassenbahn,Unsere Stadt hat Straßenbahnen.,У нас в городе есть трамваи.,tatoeba,CC BY 2.0 FR
strassenbahn:t2389417,strassenbahn,Zurückgefahren sind wir mit der Straßenbahn.,Обратно мы ехали на трамвае.,tatoeba,CC BY 2.0 FR
student:t10044336,student,Sind Sie nicht Student?,Вы не студент?,tatoeba,CC BY 2.0 FR
student:t12170343,student,Wir beide sind Studenten.,Мы оба студенты.,tatoeba,CC BY 2.0 FR
student:t12879386,student,Studenten wollen nicht lernen.,Студенты не хотят учиться.,tatoeba,CC BY 2.0 FR
studieren:t1898609,studieren,Beide Mädchen wollen studieren.,Обе девочки хотят учиться.,tatoeba,CC BY 2.0 FR
studieren:t2223216,studieren,Was wollen Sie studieren?,Что Вы хотите изучать?,tatoeba,CC BY 2.0 FR
studieren:t4964052,studieren,Wo haben Sie studiert?,Где Вы учились?,tatoeba,CC BY 2.0 FR
studium:t773915,studium,Wie läuft dein Studium?,Как у тебя с учёбой?,tatoeba,CC BY 2.0 FR
studium:t13381107,studium,"Sie fragte mich, wie mein Studium laufe.","Она спросила, как у меня дела с учёбой.",tatoeba,CC BY 2.0 FR
studium:t10967389,studium,Aktuelle Studien bestätigen dies.,Современные исследования это подтверждают.,tatoeba,CC BY 2.0 FR
stuhl:t12185781,stuhl,Ich brauche einen Stuhl.,Мне нужен стул.,tatoeba,CC BY 2.0 FR
stuhl:t6284455,stuhl,Das ist mein Stuhl.,Это мой стул.,tatoeba,CC BY 2.0 FR
stuhl:t832,stuhl,Nimm den anderen Stuhl!,Возьми другой стул!,tatoeba,CC BY 2.0 FR
stunde:t2056232,stunde,Ich gehe in einer Stunde.,Я через час ухожу.,tatoeba,CC BY 2.0 FR
stunde:t1013395,stunde,Sie kam nach einer Stunde zurück.,Она вернулась через час.,tatoeba,CC BY 2.0 FR
stunde:t13084510,stunde,Wir haben heute nur eine Stunde.,У нас сегодня только одна лекция.,tatoeba,CC BY 2.0 FR
suchen:t1012394,suchen,Sie suchen eine Arbeit?,Вы ищете работу?,tatoeba,CC BY 2.0 FR
suchen:t12071351,suchen,Die Suche geht weiter.,Поиск продолжается.,tatoeba,CC BY 2.0 FR
suchen:t12335898,suchen,Was habe ich gesucht?,Что я искал?,tatoeba,CC BY 2.0 FR
tanzen:t1754208,tanzen,Heute werden wir tanzen.,Сегодня мы будем танцевать.,tatoeba,CC BY 2.0 FR
tanzen:t2415254,tanzen,Ich möchte Tanzen lernen.,Я хочу научиться танцевать.,tatoeba,CC BY 2.0 FR
tanzen:t2755481,tanzen,Ich möchte nicht tanzen.,Мне не хочется танцевать.,tatoeba,CC BY 2.0 FR
tasche:t1998396,tasche,Wo ist die Tasche?,Где сумка?,tatoeba,CC BY 2.0 FR
tasche:t361968,tasche,Was für eine schwere Tasche!,До чего тяжёлая сумка!,tatoeba,CC BY 2.0 FR
tasche:t9451168,tasche,Leg das in die Tasche!,Положи это в сумку.,tatoeba,CC BY 2.0 FR
taxi:t1022952,taxi,Das Taxi ist da.,Такси подъехало.,tatoeba,CC BY 2.0 FR
taxi:t12939388,taxi,Sie braucht ein Taxi.,Ей нужно такси.,tatoeba,CC BY 2.0 FR
taxi:t13488938,taxi,Das Taxi kommt gleich.,Такси скоро приедет.,tatoeba,CC BY 2.0 FR
tee:t10000749,tee,Er macht gerade Tee.,Он заваривает чай.,tatoeba,CC BY 2.0 FR
tee:t10684520,tee,Ist das dein Tee?,Это твой чай?,tatoeba,CC BY 2.0 FR
tee:t1144501,tee,Das Mädchen trinkt Tee.,Девочка пьёт чай.,tatoeba,CC BY 2.0 FR
teil:t1910608,teil,Es war ein sehr großes Teil.,Это была очень большая деталь.,tatoeba,CC BY 2.0 FR
teil:t4576656,teil,Das ist nur ein Teil des Problems.,Это только часть проблемы.,tatoeba,CC BY 2.0 FR
teil:t4576650,teil,Das ist nur ein kleiner Teil des Problems.,Это только небольшая часть проблемы.,tatoeba,CC BY 2.0 FR
telefon:t12832999,telefon,Das ist ein Telefon.,Это телефон.,tatoeba,CC BY 2.0 FR
telefon:t1661232,telefon,Ich suche mein Telefon.,Я ищу свой телефон.,tatoeba,CC BY 2.0 FR
telefon:t2166663,telefon,Haben Sie ein Telefon?,У вас есть телефон?,tatoeba,CC BY 2.0 FR
telefonieren:t518,telefonieren,Wo kann man telefonieren?,Где можно позвонить?,tatoeba,CC BY 2.0 FR
telefonieren:t12554932,telefonieren,"Ich glaube, wir haben telefoniert.","Мне кажется, мы говорили по телефону.",tatoeba,CC BY 2.0 FR
telefonieren:t13948613,telefonieren,Ich mag es zu telefonieren.,Я люблю говорить по телефону.,tatoeba,CC BY 2.0 FR
termin:t6016016,termin,Ich habe einen Termin.,У меня встреча.,tatoeba,CC BY 2.0 FR
termin:t13146130,termin,Ich habe noch einen Termin.,У меня ещё одна встреча.,tatoeba,CC BY 2.0 FR
termin:t8222589,termin,Machen Sie einen Termin aus!,Запишитесь на приём.,tatoeba,CC BY 2.0 FR
test:t5826596,test,Das ist ein Test.,Это тест.,tatoeba,CC BY 2.0 FR
test:t2121346,test,Wir schreiben heute einen Test.,Мы сегодня пишем тест.,tatoeba,CC BY 2.0 FR
test:t9199315,test,Ich lerne für einen Test.,Я готовлюсь к тесту.,tatoeba,CC BY 2.0 FR
teuer:t13007163,teuer,Das wird sehr teuer.,Это будет очень дорого.,tatoeba,CC BY 2.0 FR
teuer:t1600416,teuer,Das ist nicht teuer.,Это не дорого.,tatoeba,CC BY 2.0 FR
teuer:t2138547,teuer,Das ist sehr teuer.,Это очень дорого.,tatoeba,CC BY 2.0 FR
teuer-adv:t13007163,teuer-adv,Das wird sehr teuer.,Это будет очень дорого.,tatoeba,CC BY 2.0 FR
teuer-adv:t1600416,teuer-adv,Das ist nicht teuer.,Это не дорого.,tatoeba,CC BY 2.0 FR
teuer-adv:t2138547,teuer-adv,Das ist sehr teuer.,Это очень дорого.,tatoeba,CC BY 2.0 FR
text:t10789023,text,Lesen wir den Text.,Давайте прочтём текст.,tatoeba,CC BY 2.0 FR
text:t12397112,text,Der Schüler las einen Text.,Ученик читал текст.,tatoeba,CC BY 2.0 FR
text:t13635975,text,Er hat den Text gelesen.,Он прочёл текст.,tatoeba,CC BY 2.0 FR
thema:t2671149,thema,Es geht um ein sehr wichtiges Thema.,Речь идёт об очень важном вопросе.,tatoeba,CC BY 2.0 FR
thema:t701756,thema,Kommen wir auf das Thema zurück!,Вернёмся к теме!,tatoeba,CC BY 2.0 FR
thema:t13609122,thema,"Das ist ein Thema, über das ich nicht sprechen möchte.","Это тема, которую я не хочу обсуждать.",tatoeba,CC BY 2.0 FR
ticket:t1338733,ticket,Haben Sie ein Ticket?,У Вас есть билет?,tatoeba,CC BY 2.0 FR
ticket:t450123,ticket,Ich habe kein Ticket.,У меня нет билета.,tatoeba,CC BY 2.0 FR
ticket:t5547429,ticket,Sie hat kein Ticket.,У неё нет билета.,tatoeba,CC BY 2.0 FR
tisch:t11567269,tisch,Das ist mein Tisch.,Это мой стол.,tatoeba,CC BY 2.0 FR
tisch:t12911897,tisch,Ich habe keinen Tisch.,У меня нет стола.,tatoeba,CC BY 2.0 FR
tisch:t13884483,tisch,Dies ist kein Tisch.,Это не стол.,tatoeba,CC BY 2.0 FR
tochter:t12774111,tochter,Sie hatte eine Tochter.,У неё была дочь.,tatoeba,CC BY 2.0 FR
tochter:t357487,tochter,Ich habe eine Tochter.,У меня есть дочь.,tatoeba,CC BY 2.0 FR
tochter:t357491,tochter,Er hatte eine Tochter.,У него была одна дочь.,tatoeba,CC BY 2.0 FR
toilette:t11998303,toilette,Die Toilette ist frei.,Туалет свободен.,tatoeba,CC BY 2.0 FR
toilette:t12341414,toilette,Es gab keine Toilette.,Туалета не было.,tatoeba,CC BY 2.0 FR
toilette:t689086,toilette,Wo sind die Toiletten?,Где туалет?,tatoeba,CC BY 2.0 FR
tomate:t10126770,tomate,Ich mag keine Tomaten.,Я не люблю помидоры.,tatoeba,CC BY 2.0 FR
tomate:t12458710,tomate,Haben Sie Tomaten gekauft?,Вы купили помидоры?,tatoeba,CC BY 2.0 FR
tomate:t5611223,tomate,Er isst eine Tomate.,Он ест помидор.,tatoeba,CC BY 2.0 FR
tot:t1312662,tot,Ich sehe tote Menschen.,Я вижу мёртвых людей.,tatoeba,CC BY 2.0 FR
tot:t1777634,tot,Sie muss tot sein.,"Она, должно быть, мертва.",tatoeba,CC BY 2.0 FR
tot:t2353624,tot,Vielleicht ist er tot.,"Возможно, он мёртв.",tatoeba,CC BY 2.0 FR
treppe:t8387378,treppe,Ich nehme die Treppe.,Я пойду по лестнице.,tatoeba,CC BY 2.0 FR
treppe:t4277864,treppe,Geh die Treppe hinauf.,Поднимайся по лестнице.,tatoeba,CC BY 2.0 FR
treppe:t1779827,treppe,Wir gingen die Treppe hinauf.,Мы поднялись по лестнице.,tatoeba,CC BY 2.0 FR
trinken:t10001754,trinken,Die Frau trinkt Wasser.,Женщина пьёт воду.,tatoeba,CC BY 2.0 FR
trinken:t11718965,trinken,Wie oft trinken Sie?,Как часто вы пьёте?,tatoeba,CC BY 2.0 FR
trinken:t12432510,trinken,Das trinke ich nicht.,Я не буду это пить.,tatoeba,CC BY 2.0 FR
tuer:t1019336,tuer,Mach die Tür auf.,Открой дверь.,tatoeba,CC BY 2.0 FR
tuer:t1019339,tuer,Macht die Tür auf.,Откройте дверь.,tatoeba,CC BY 2.0 FR
tuer:t1248040,tuer,Sie schloss die Tür.,Она закрыла дверь.,tatoeba,CC BY 2.0 FR
tun:t10010615,tun,Sie hat es getan.,Она это сделала.,tatoeba,CC BY 2.0 FR
tun:t10084185,tun,Sie haben das getan.,Они это сделали.,tatoeba,CC BY 2.0 FR
tun:t1020192,tun,Was will er tun?,Что он хочет делать?,tatoeba,CC BY 2.0 FR
ueber:t1384206,ueber,Sie ist schon über 70.,Ей уже за семьдесят.,tatoeba,CC BY 2.0 FR
ueber:t1384237,ueber,Er ist schon über 70.,Ему уже за семьдесят.,tatoeba,CC BY 2.0 FR
ueber:t12284862,ueber,Ich spreche über sie.,Я говорю о ней.,tatoeba,CC BY 2.0 FR
ueber-adj:t1384206,ueber-adj,Sie ist schon über 70.,Ей уже за семьдесят.,tatoeba,CC BY 2.0 FR
ueber-adj:t1384237,ueber-adj,Er ist schon über 70.,Ему уже за семьдесят.,tatoeba,CC BY 2.0 FR
ueber-adj:t12284862,ueber-adj,Ich spreche über sie.,Я говорю о ней.,tatoeba,CC BY 2.0 FR
ueber-adv:t1384206,ueber-adv,Sie ist schon über 70.,Ей уже за семьдесят.,tatoeba,CC BY 2.0 FR
ueber-adv:t1384237,ueber-adv,Er ist schon über 70.,Ему уже за семьдесят.,tatoeba,CC BY 2.0 FR
ueber-adv:t12284862,ueber-adv,Ich spreche über sie.,Я говорю о ней.,tatoeba,CC BY 2.0 FR
uebernachten:t13113356,uebernachten,Ich möchte hier nicht übernachten.,Не хочется здесь ночевать.,tatoeba,CC BY 2.0 FR
uebernachten:t13458962,uebernachten,Haben sie bei dir übernachtet?,Они ночевали у тебя?,tatoeba,CC BY 2.0 FR
uebernachten:t8342080,uebernachten,Ich übernachte heute bei Freunden.,Я сегодня ночую у друзей.,tatoeba,CC BY 2.0 FR
ueberweisen:t13631457,ueberweisen,Jeden Monat überweist er Geld an seinen Bruder.,Каждый месяц он переводит брату деньги.,tatoeba,CC BY 2.0 FR
ueberweisen:t13631734,ueberweisen,Ich überweise ihr jeden Monat einen kleinen Betrag.,Я перевожу ей каждый месяц небольшую сумму.,tatoeba,CC BY 2.0 FR
ueberweisen:t13631739,ueberweisen,Ich überweise ihm jeden Monat einen kleinen Betrag.,Я перевожу ему каждый месяц небольшую сумму.,tatoeba,CC BY 2.0 FR
uhr:t422,uhr,Es ist schon 11 Uhr.,Уже одиннадцать часов.,tatoeba,CC BY 2.0 FR
uhr:t555806,uhr,Die Uhr geht vor.,Часы спешат.,tatoeba,CC BY 2.0 FR
uhr:t6645047,uhr,Es ist keine Uhr.,Это не часы.,tatoeba,CC BY 2.0 FR
um:t10668248,um,Die kommen um 3 Uhr an.,Они приедут в три часа.,tatoeba,CC BY 2.0 FR
um:t441642,um,Ich werde um 10 Uhr gehen.,Я пойду в десять.,tatoeba,CC BY 2.0 FR
um:t519199,um,Ich stehe um 7 Uhr auf.,Я встаю в семь часов.,tatoeba,CC BY 2.0 FR
um-adj:t10668248,um-adj,Die kommen um 3 Uhr an.,Они приедут в три часа.,tatoeba,CC BY 2.0 FR
um-adj:t441642,um-adj,Ich werde um 10 Uhr gehen.,Я пойду в десять.,tatoeba,CC BY 2.0 FR
um-adj:t519199,um-adj,Ich stehe um 7 Uhr auf.,Я встаю в семь часов.,tatoeba,CC BY 2.0 FR
um-adv:t10668248,um-adv,Die kommen um 3 Uhr an.,Они приедут в три часа.,tatoeba,CC BY 2.0 FR
um-adv:t441642,um-adv,Ich werde um 10 Uhr gehen.,Я пойду в десять.,tatoeba,CC BY 2.0 FR
um-adv:t519199,um-adv,Ich stehe um 7 Uhr auf.,Я встаю в семь часов.,tatoeba,CC BY 2.0 FR
um-conj:t10668248,um-conj,Die kommen um 3 Uhr an.,Они приедут в три часа.,tatoeba,CC BY 2.0 FR
um-conj:t441642,um-conj,Ich werde um 10 Uhr gehen.,Я пойду в десять.,tatoeba,CC BY 2.0 FR
um-conj:t519199,um-conj,Ich stehe um 7 Uhr auf.,Я встаю в семь часов.,tatoeba,CC BY 2.0 FR
umziehen:t10934571,umziehen,Geh dich schnell umziehen!,Иди быстро переодевайся!,tatoeba,CC BY 2.0 FR
umziehen:t11715394,umziehen,Sie haben sich umgezogen.,Они переоделись.,tatoeba,CC BY 2.0 FR
umziehen:t13411606,umziehen,Wann sind Sie umgezogen?,Когда вы переехали?,tatoeba,CC BY 2.0 FR
und:t557470,und,"Er, und nur er, muss gehen.","Идти должен он, и только он.",tatoeba,CC BY 2.0 FR
und:t964443,und,Er ist groß und sie auch.,"Он высокий, и она тоже.",tatoeba,CC BY 2.0 FR
und:t3281450,und,Das kann man so und so machen.,"Это можно сделать и так, и так.",tatoeba,CC BY 2.0 FR
unser:t11483123,unser,Wo ist unser Kind?,Где наш ребёнок?,tatoeba,CC BY 2.0 FR
unser:t11485634,unser,Er ist unser Sohn.,Он наш сын.,tatoeba,CC BY 2.0 FR
unser:t1181968,unser,Das ist unser Haus.,Это наш дом.,tatoeba,CC BY 2.0 FR
unten:t11831062,unten,Ich werde unten warten.,Я буду ждать внизу.,tatoeba,CC BY 2.0 FR
unten:t2966505,unten,Ich sah nach unten.,Я посмотрел вниз.,tatoeba,CC BY 2.0 FR
unten:t446802,unten,Das Hotel ist dort unten.,Гостиница там внизу.,tatoeba,CC BY 2.0 FR
unter:t2707725,unter,Teilen Sie das Geld unter sich auf!,Поделите эти деньги между собой.,tatoeba,CC BY 2.0 FR
unter:t2223339,unter,Sie ist unter Freunden.,Она среди друзей.,tatoeba,CC BY 2.0 FR
unter:t3550502,unter,Sie sind unter Freunden.,Вы среди друзей.,tatoeba,CC BY 2.0 FR
unter-adj:t2707725,unter-adj,Teilen Sie das Geld unter sich auf!,Поделите эти деньги между собой.,tatoeba,CC BY 2.0 FR
unter-adj:t2223339,unter-adj,Sie ist unter Freunden.,Она среди друзей.,tatoeba,CC BY 2.0 FR
unter-adj:t3550502,unter-adj,Sie sind unter Freunden.,Вы среди друзей.,tatoeba,CC BY 2.0 FR
unterricht:t13486496,unterricht,Ich hab auch Unterricht.,У меня тоже урок.,tatoeba,CC BY 2.0 FR
unterricht:t13883298,unterricht,Unterrichten oder lernen Sie?,Вы преподаёте или учитесь?,tatoeba,CC BY 2.0 FR
unterricht:t1496948,unterricht,Haben Sie heute Unterricht?,У Вас сегодня есть занятия?,tatoeba,CC BY 2.0 FR
unterschreiben:t3135104,unterschreiben,Ich werde nichts unterschreiben.,Я не буду ничего подписывать.,tatoeba,CC BY 2.0 FR
unterschreiben:t747464,unterschreiben,Bitte unterschreiben Sie hier.,"Подпишите здесь, пожалуйста.",tatoeba,CC BY 2.0 FR
unterschreiben:t865769,unterschreiben,Unterschreiben Sie bitte hier.,"Распишитесь здесь, пожалуйста.",tatoeba,CC BY 2.0 FR
unterschrift:t12499242,unterschrift,Wessen Unterschrift ist das?,Чья это подпись?,tatoeba,CC BY 2.0 FR
unterschrift:t11496604,unterschrift,Das Mädchen hat eine sehr schöne Unterschrift.,У девушки очень красивая подпись.,tatoeba,CC BY 2.0 FR
unterschrift:t4065600,unterschrift,Das ist Toms Unterschrift.,Это подпись Тома.,tatoeba,CC BY 2.0 FR
urlaub:t12575417,urlaub,Ich bin auf Urlaub.,Я в отпуске.,tatoeba,CC BY 2.0 FR
urlaub:t12774068,urlaub,Ich nehme keinen Urlaub.,Я не беру отпусков.,tatoeba,CC BY 2.0 FR
urlaub:t361365,urlaub,Sie hat jetzt Urlaub.,Она сейчас в отпуске.,tatoeba,CC BY 2.0 FR
vater:t12579385,vater,Wollen Sie Vater werden?,Вы хотите стать отцом?,tatoeba,CC BY 2.0 FR
vater:t12579393,vater,Möchten Sie Vater werden?,Вы хотите стать отцом?,tatoeba,CC BY 2.0 FR
vater:t13382010,vater,Er hat einen Vater.,У него есть отец.,tatoeba,CC BY 2.0 FR
verboten:t8813402,verboten,Rauchen ist hier verboten.,Здесь курить запрещено.,tatoeba,CC BY 2.0 FR
verboten:t697520,verboten,"Es ist verboten, hier zu rauchen.",Здесь курить запрещено.,tatoeba,CC BY 2.0 FR
verboten:t721461,verboten,Schwimmen ist hier verboten.,Здесь купаться запрещено.,tatoeba,CC BY 2.0 FR
verboten-adj:t8813402,verboten-adj,Rauchen ist hier verboten.,Здесь курить запрещено.,tatoeba,CC BY 2.0 FR
verboten-adj:t697520,verboten-adj,"Es ist verboten, hier zu rauchen.",Здесь курить запрещено.,tatoeba,CC BY 2.0 FR
verboten-adj:t721461,verboten-adj,Schwimmen ist hier verboten.,Здесь купаться запрещено.,tatoeba,CC BY 2.0 FR
verdienen:t13231795,verdienen,Ich möchte Geld verdienen.,Я хотел бы заработать денег.,tatoeba,CC BY 2.0 FR
verdienen:t13627564,verdienen,Wie viel verdienten sie?,Сколько они заработали?,tatoeba,CC BY 2.0 FR
verdienen:t1690616,verdienen,Er hat es verdient.,Он это заслужил.,tatoeba,CC BY 2.0 FR
verein:t341494,verein,Der Verein hat dreißig Mitglieder.,В этом обществе тридцать членов.,tatoeba,CC BY 2.0 FR
verein:t8939249,verein,Die Farben des Vereins sind Blau und Schwarz.,Цвета клуба – синий и чёрный.,tatoeba,CC BY 2.0 FR
verein:t1767685,verein,Er hat die Prüfung in unserem Verein bestanden.,Он сдал экзамен в нашем клубе.,tatoeba,CC BY 2.0 FR
verheiratet:t1843984,verheiratet,Ich bin nicht verheiratet.,Я не замужем.,tatoeba,CC BY 2.0 FR
verheiratet:t1893953,verheiratet,Wir sind nicht verheiratet.,Мы не женаты.,tatoeba,CC BY 2.0 FR
verheiratet:t1918614,verheiratet,Er ist schon verheiratet.,Он уже женат.,tatoeba,CC BY 2.0 FR
verheiratet-adj:t1843984,verheiratet-adj,Ich bin nicht verheiratet.,Я не замужем.,tatoeba,CC BY 2.0 FR
verheiratet-adj:t1893953,verheiratet-adj,Wir sind nicht verheiratet.,Мы не женаты.,tatoeba,CC BY 2.0 FR
verheiratet-adj:t1918614,verheiratet-adj,Er ist schon verheiratet.,Он уже женат.,tatoeba,CC BY 2.0 FR
verkaeufer:t12174336,verkaeufer,Die Verkäufer arbeiten gut.,Продавцы работают хорошо.,tatoeba,CC BY 2.0 FR
verkaeufer:t6628902,verkaeufer,Wie heißt der Verkäufer?,Как зовут продавца?,tatoeba,CC BY 2.0 FR
verkaeufer:t8467488,verkaeufer,Ist das der Verkäufer?,Это продавец?,tatoeba,CC BY 2.0 FR
verkaufen:t12182614,verkaufen,Das wird nicht verkauft.,Это не продается.,tatoeba,CC BY 2.0 FR
verkaufen:t12440912,verkaufen,Er verkaufte sein Haus.,Он продал свой дом.,tatoeba,CC BY 2.0 FR
verkaufen:t12867603,verkaufen,Sie verkaufte sein Auto.,Она продала его машину.,tatoeba,CC BY 2.0 FR
vermieten:t13737897,vermieten,Wir haben die Wohnung vermietet.,Мы сдали квартиру.,tatoeba,CC BY 2.0 FR
vermieten:t13738569,vermieten,Er vermietet ein Zimmer an einen Studenten.,Он сдаёт комнату студенту.,tatoeba,CC BY 2.0 FR
vermieten:t344698,vermieten,Sie vermietet ein Zimmer an einen Studenten.,Она сдаёт комнату студенту.,tatoeba,CC BY 2.0 FR
vermieter:t1536393,vermieter,Wie viele Immobilien besitzt der Vermieter?,Каким количеством имущества владеет собственник?,tatoeba,CC BY 2.0 FR
verstehen:t11262965,verstehen,Wir können sie verstehen.,Мы можем их понять.,tatoeba,CC BY 2.0 FR
verstehen:t11468241,verstehen,Andere verstehen das nicht.,Другие этого не понимают.,tatoeba,CC BY 2.0 FR
verstehen:t11469870,verstehen,Verstehen Sie sich gut?,Вы в хороших отношениях?,tatoeba,CC BY 2.0 FR
verwandte:t11117484,verwandte,Das ist mein Verwandter.,Это мой родственник.,tatoeba,CC BY 2.0 FR
verwandte:t13449770,verwandte,Wir haben dort Verwandte.,У нас там родственники.,tatoeba,CC BY 2.0 FR
verwandte:t2154752,verwandte,Hatte sie dort Verwandte?,У неё там были родственники?,tatoeba,CC BY 2.0 FR
viel:t553776,viel,Das ist zu viel.,Это уже слишком.,tatoeba,CC BY 2.0 FR
viel:t5703547,viel,Es war zu viel.,Это было слишком.,tatoeba,CC BY 2.0 FR
viel:t5962730,viel,Das war zu viel.,Это было слишком много.,tatoeba,CC BY 2.0 FR
viel-adv:t1717056,viel-adv,"Er ist nicht mehr der, der er war.","Он уже не тот, что прежде.",tatoeba,CC BY 2.0 FR
viel-adv:t553776,viel-adv,Das ist zu viel.,Это уже слишком.,tatoeba,CC BY 2.0 FR
viel-adv:t5703547,viel-adv,Es war zu viel.,Это было слишком.,tatoeba,CC BY 2.0 FR
vielleicht:t1016037,vielleicht,Er wird vielleicht kommen.,"Он, может быть, придёт.",tatoeba,CC BY 2.0 FR
vielleicht:t11479031,vielleicht,Sie fährt vielleicht nicht.,"Она, может быть, не поедет.",tatoeba,CC BY 2.0 FR
vielleicht:t11923038,vielleicht,Ich habe „vielleicht“ gesagt.,"Я сказал ""может быть"".",tatoeba,CC BY 2.0 FR
von:t4878252,von,"Sie sind einer von denen, oder?",Вы ведь один из них?,tatoeba,CC BY 2.0 FR
von:t4878253,von,"Sie sind eine von denen, oder?",Вы ведь одна из них?,tatoeba,CC BY 2.0 FR
von:t6766088,von,Sind Sie von der Polizei?,Вы из полиции?,tatoeba,CC BY 2.0 FR
vor:t11529027,vor,Geh nicht zu weit vor!,Далеко не уходи!,tatoeba,CC BY 2.0 FR
vor:t5693095,vor,Ich habe vor zu kommen.,Я планирую прийти.,tatoeba,CC BY 2.0 FR
vor:t555806,vor,Die Uhr geht vor.,Часы спешат.,tatoeba,CC BY 2.0 FR
vorname:t12226877,vorname,Kann ich dich mit Vornamen anreden?,Можно мне обращаться к тебе просто по имени?,tatoeba,CC BY 2.0 FR
vorname:t12226878,vorname,Darf ich dich mit Vornamen anreden?,Можно мне обращаться к тебе просто по имени?,tatoeba,CC BY 2.0 FR
vorname:t1577952,vorname,Ich kenne Ihren Vornamen.,Я знаю Ваше имя.,tatoeba,CC BY 2.0 FR
vorsicht:t1341373,vorsicht,Vorsicht vor dem Hund!,Берегись собаки!,tatoeba,CC BY 2.0 FR
vorsicht:t1599557,vorsicht,Vorsicht vor dem Hunde!,Берегись собаки!,tatoeba,CC BY 2.0 FR
vorsicht:t13566682,vorsicht,"Vorsicht, das ist sehr heiß!","Осторожно, очень горячо!",tatoeba,CC BY 2.0 FR
wandern:t11539649,wandern,Er wanderte um den See.,Он бродил вокруг озера.,tatoeba,CC BY 2.0 FR
wandern:t13462003,wandern,Wo seid ihr gewandert?,Где вы бродили?,tatoeba,CC BY 2.0 FR
wandern:t13148682,wandern,Möchten Sie mit uns wandern?,Хотите пойти с нами в поход?,tatoeba,CC BY 2.0 FR
wann:t1116565,wann,Wann kommt er zurück?,Когда он возвращается?,tatoeba,CC BY 2.0 FR
wann:t11836207,wann,Wann ist er gekommen?,Когда он приехал?,tatoeba,CC BY 2.0 FR
wann:t11836211,wann,Wann ist sie gekommen?,Когда она приехала?,tatoeba,CC BY 2.0 FR
wann-conj:t1116565,wann-conj,Wann kommt er zurück?,Когда он возвращается?,tatoeba,CC BY 2.0 FR
wann-conj:t11836207,wann-conj,Wann ist er gekommen?,Когда он приехал?,tatoeba,CC BY 2.0 FR
wann-conj:t11836211,wann-conj,Wann ist sie gekommen?,Когда она приехала?,tatoeba,CC BY 2.0 FR
warten:t1149,warten,Ich warte seit Stunden.,Я жду уже несколько часов.,tatoeba,CC BY 2.0 FR
warten:t11690449,warten,Auf wen warten wir?,Кого мы ждём?,tatoeba,CC BY 2.0 FR
warten:t11831076,warten,Ich werde dort warten.,Я буду ждать там.,tatoeba,CC BY 2.0 FR
warum:t1008244,warum,Warum sind wir hier?,Зачем мы здесь?,tatoeba,CC BY 2.0 FR
warum:t10930871,warum,Warum tun wir nichts?,Почему мы ничего не делаем?,tatoeba,CC BY 2.0 FR
warum:t11234159,warum,Warum helfen Sie nie?,Почему Вы никогда не помогаете?,tatoeba,CC BY 2.0 FR
was:t1020191,was,Was will er machen?,Что он хочет делать?,tatoeba,CC BY 2.0 FR
was:t1090450,was,Was haben Sie gemacht?,Что Вы сделали?,tatoeba,CC BY 2.0 FR
was:t12026010,was,Was könnte besser sein?,Что может быть лучше?,tatoeba,CC BY 2.0 FR
was-adv:t1020191,was-adv,Was will er machen?,Что он хочет делать?,tatoeba,CC BY 2.0 FR
was-adv:t1090450,was-adv,Was haben Sie gemacht?,Что Вы сделали?,tatoeba,CC BY 2.0 FR
was-adv:t12026010,was-adv,Was könnte besser sein?,Что может быть лучше?,tatoeba,CC BY 2.0 FR
wasser:t12462458,wasser,Ich brauchte einfach Wasser.,Мне просто нужна была вода.,tatoeba,CC BY 2.0 FR
wasser:t1600967,wasser,Es fehlt an Wasser.,Воды недостаточно.,tatoeba,CC BY 2.0 FR
wasser:t1795738,wasser,Wir haben kein Wasser.,У нас нет воды.,tatoeba,CC BY 2.0 FR
weg:t11857494,weg,Geld ist schnell weg.,Деньги быстро заканчиваются.,tatoeba,CC BY 2.0 FR
weg:t12166001,weg,Ist der Weg gut?,Дорога хорошая?,tatoeba,CC BY 2.0 FR
weg:t12365518,weg,Ich war weit weg.,Я был далеко.,tatoeba,CC BY 2.0 FR
weg-adj:t11857494,weg-adj,Geld ist schnell weg.,Деньги быстро заканчиваются.,tatoeba,CC BY 2.0 FR
weg-adj:t12166001,weg-adj,Ist der Weg gut?,Дорога хорошая?,tatoeba,CC BY 2.0 FR
weg-adj:t12365518,weg-adj,Ich war weit weg.,Я был далеко.,tatoeba,CC BY 2.0 FR
weg-conj:t11857494,weg-conj,Geld ist schnell weg.,Деньги быстро заканчиваются.,tatoeba,CC BY 2.0 FR
weg-conj:t12166001,weg-conj,Ist der Weg gut?,Дорога хорошая?,tatoeba,CC BY 2.0 FR
weg-conj:t12365518,weg-conj,Ich war weit weg.,Я был далеко.,tatoeba,CC BY 2.0 FR
weh:t1040007,weh,Das tut nicht weh.,Не болит.,tatoeba,CC BY 2.0 FR
weh:t10733586,weh,Tut dein Arm weh?,У тебя болит рука?,tatoeba,CC BY 2.0 FR
weh:t1097741,weh,Tut es sehr weh?,Очень больно?,tatoeba,CC BY 2.0 FR
weiblich:t1556013,weiblich,Susie war nicht sehr weiblich.,Сьюзи была не очень женственной.,tatoeba,CC BY 2.0 FR
weiblich:t621566,weiblich,"Ich habe drei Hunde: einer ist männlich, und die anderen sind weiblich.","У меня три собаки: один кобель, остальные суки.",tatoeba,CC BY 2.0 FR
weiblich:t755416,weiblich,Koko ist ein weiblicher Gorilla.,Коко — самка гориллы.,tatoeba,CC BY 2.0 FR
wein:t10061356,wein,Er mag keinen Wein.,Он не любит вино.,tatoeba,CC BY 2.0 FR
wein:t1064757,wein,Ich trinke nie Wein.,Я никогда не пью вино.,tatoeba,CC BY 2.0 FR
wein:t11199655,wein,Große Jungen weinen nicht.,Большие мальчики не плачут.,tatoeba,CC BY 2.0 FR
weit:t3582160,weit,Ist es noch weit?,Это еще далеко?,tatoeba,CC BY 2.0 FR
weit:t7817203,weit,Ist es so weit?,"Ну что, пора?",tatoeba,CC BY 2.0 FR
weit:t341651,weit,Es ist nicht so weit.,Это не так далеко.,tatoeba,CC BY 2.0 FR
weit-adv:t3582160,weit-adv,Ist es noch weit?,Это еще далеко?,tatoeba,CC BY 2.0 FR
weit-adv:t7817203,weit-adv,Ist es so weit?,"Ну что, пора?",tatoeba,CC BY 2.0 FR
weit-adv:t341651,weit-adv,Es ist nicht so weit.,Это не так далеко.,tatoeba,CC BY 2.0 FR
weiter:t6928060,weiter,Es ist nicht viel weiter.,Это не намного дальше.,tatoeba,CC BY 2.0 FR
weiter:t370245,weiter,Ich kann nicht mehr weiter gehen.,Я дальше идти не могу.,tatoeba,CC BY 2.0 FR
weiter:t12670020,weiter,Also machen wir weiter.,"Итак, мы продолжаем.",tatoeba,CC BY 2.0 FR
weiter-adv:t6928060,weiter-adv,Es ist nicht viel weiter.,Это не намного дальше.,tatoeba,CC BY 2.0 FR
weiter-adv:t370245,weiter-adv,Ich kann nicht mehr weiter gehen.,Я дальше идти не могу.,tatoeba,CC BY 2.0 FR
weiter-adv:t12670020,weiter-adv,Also machen wir weiter.,"Итак, мы продолжаем.",tatoeba,CC BY 2.0 FR
welt:t358303,welt,Die Welt ist klein.,Мир тесен.,tatoeba,CC BY 2.0 FR
welt:t3842928,welt,Die Welt ist groß.,Мир велик.,tatoeba,CC BY 2.0 FR
welt:t10292456,welt,Eine bessere Welt ist möglich.,Возможен лучший мир.,tatoeba,CC BY 2.0 FR
wenig:t4640575,wenig,Ich habe wenig Zeit.,У меня мало времени.,tatoeba,CC BY 2.0 FR
wenig:t8501596,wenig,Ist das zu wenig?,Это слишком мало?,tatoeba,CC BY 2.0 FR
wenig:t13444359,wenig,Es bleibt sehr wenig Zeit.,Времени осталось очень мало.,tatoeba,CC BY 2.0 FR
wenig-adv:t4640575,wenig-adv,Ich habe wenig Zeit.,У меня мало времени.,tatoeba,CC BY 2.0 FR
wenig-adv:t8501596,wenig-adv,Ist das zu wenig?,Это слишком мало?,tatoeba,CC BY 2.0 FR
wenig-adv:t13444359,wenig-adv,Es bleibt sehr wenig Zeit.,Времени осталось очень мало.,tatoeba,CC BY 2.0 FR
wenig-pron:t4640575,wenig-pron,Ich habe wenig Zeit.,У меня мало времени.,tatoeba,CC BY 2.0 FR
wenig-pron:t8501596,wenig-pron,Ist das zu wenig?,Это слишком мало?,tatoeba,CC BY 2.0 FR
wenig-pron:t13444359,wenig-pron,Es bleibt sehr wenig Zeit.,Времени осталось очень мало.,tatoeba,CC BY 2.0 FR
wer:t12376604,wer,Wessen Kind ist das?,Чей это ребёнок?,tatoeba,CC BY 2.0 FR
wer:t8764999,wer,Wessen Platz ist das hier?,Чьё это место?,tatoeba,CC BY 2.0 FR
wer:t4181531,wer,Wessen Haus ist das?,Чей это дом?,tatoeba,CC BY 2.0 FR
wer-noun:t10057702,wer-noun,Wer war nicht hier?,Кого здесь не было?,tatoeba,CC BY 2.0 FR
wer-noun:t10921888,wer-noun,Wer möchte hier leben?,Кто бы хотел тут жить?,tatoeba,CC BY 2.0 FR
wer-noun:t11239619,wer-noun,Wer sind Sie denn?,Так кто Вы такая?,tatoeba,CC BY 2.0 FR
werden:t2213408,werden,Wird das nicht zu viel werden?,Не многовато ли будет?,tatoeba,CC BY 2.0 FR
werden:t6987632,werden,Es wurde viel gesagt.,Многое было сказано.,tatoeba,CC BY 2.0 FR
wetter:t1551305,wetter,Es ist schlechtes Wetter.,Погода плохая.,tatoeba,CC BY 2.0 FR
wetter:t353008,wetter,Heute ist schönes Wetter.,Сегодня хорошая погода.,tatoeba,CC BY 2.0 FR
wetter:t6068,wetter,Wie ist das Wetter?,Как погода?,tatoeba,CC BY 2.0 FR
wichtig:t10086646,wichtig,Es war sehr wichtig.,Это было очень важно.,tatoeba,CC BY 2.0 FR
wichtig:t10097544,wichtig,Sie sind sehr wichtig.,Они очень важны.,tatoeba,CC BY 2.0 FR
wichtig:t10278531,wichtig,Das ist viel wichtiger.,Это гораздо важнее.,tatoeba,CC BY 2.0 FR
wichtig-adv:t10086646,wichtig-adv,Es war sehr wichtig.,Это было очень важно.,tatoeba,CC BY 2.0 FR
wichtig-adv:t10097544,wichtig-adv,Sie sind sehr wichtig.,Они очень важны.,tatoeba,CC BY 2.0 FR
wichtig-adv:t12971013,wichtig-adv,Das ist nicht wichtig!,Неважно!,tatoeba,CC BY 2.0 FR
wie:t1932881,wie,Wie kann das sein?,Как это может быть?,tatoeba,CC BY 2.0 FR
wie:t13112895,wie,Er ist nicht wie Sie.,"Он не такой, как Вы.",tatoeba,CC BY 2.0 FR
wie:t13113065,wie,Sie ist nicht wie Sie.,"Она не такая, как Вы.",tatoeba,CC BY 2.0 FR
wie-conj:t1932881,wie-conj,Wie kann das sein?,Как это может быть?,tatoeba,CC BY 2.0 FR
wie-conj:t13112895,wie-conj,Er ist nicht wie Sie.,"Он не такой, как Вы.",tatoeba,CC BY 2.0 FR
wie-conj:t13113065,wie-conj,Sie ist nicht wie Sie.,"Она не такая, как Вы.",tatoeba,CC BY 2.0 FR
wiederhoeren:t13838292,wiederhoeren,Vielen Dank und auf Wiederhören!,"Большое спасибо, до свидания!",tatoeba,CC BY 2.0 FR
wiederholen:t1073820,wiederholen,Wiederholen Sie das bitte!,"Повторите, пожалуйста!",tatoeba,CC BY 2.0 FR
wiederholen:t1317808,wiederholen,Könnten Sie das wiederholen?,Вы не могли бы это повторить?,tatoeba,CC BY 2.0 FR
wiederholen:t1555945,wiederholen,Bitte wiederholen Sie das.,"Повторите это, пожалуйста.",tatoeba,CC BY 2.0 FR
wiedersehen:t10319911,wiedersehen,Werde ich sie wiedersehen?,Я её ещё увижу?,tatoeba,CC BY 2.0 FR
wiedersehen:t12581695,wiedersehen,"Auf Wiedersehen, mein Freund.","До свидания, друг мой.",tatoeba,CC BY 2.0 FR
wiedersehen:t13327606,wiedersehen,Ich wollte sie wiedersehen.,Я хотела увидеть её снова.,tatoeba,CC BY 2.0 FR
willkommen:t11983304,willkommen,"Herzlich willkommen, liebe Gäste!","Добро пожаловать, дорогие гости!",tatoeba,CC BY 2.0 FR
willkommen:t11989794,willkommen,Sind wir hier nicht willkommen?,Нам здесь не рады?,tatoeba,CC BY 2.0 FR
willkommen:t1799689,willkommen,Er ist hier nicht mehr willkommen.,Ему здесь больше не рады.,tatoeba,CC BY 2.0 FR
wind:t13607714,wind,Es war kein Wind.,Ветра не было.,tatoeba,CC BY 2.0 FR
wind:t3519356,wind,Der Wind legte sich.,Ветер улёгся.,tatoeba,CC BY 2.0 FR
wind:t386266,wind,Der Wind nimmt zu.,Ветер усиливается.,tatoeba,CC BY 2.0 FR
wir:t10725335,wir,Machen wir es so.,Давайте так и сделаем.,tatoeba,CC BY 2.0 FR
wir:t11354514,wir,Das hatten wir gesagt.,А мы говорили.,tatoeba,CC BY 2.0 FR
wir:t13248121,wir,Wir müssen besser werden.,Мы должны стать лучше.,tatoeba,CC BY 2.0 FR
wissen:t10013898,wissen,Wir beide wissen das.,Мы оба это знаем.,tatoeba,CC BY 2.0 FR
wissen:t10740636,wissen,Was wollen sie wissen?,Что они хотят знать?,tatoeba,CC BY 2.0 FR
wissen:t10794507,wissen,Wussten Sie das nicht?,Вы этого не знали?,tatoeba,CC BY 2.0 FR
wo:t1098358,wo,Aber wo sind wir?,Но где мы?,tatoeba,CC BY 2.0 FR
wo:t11534087,wo,Wo war die Polizei?,Где была полиция?,tatoeba,CC BY 2.0 FR
wo:t12073902,wo,Wo wurde er gefunden?,Где он был найден?,tatoeba,CC BY 2.0 FR
wo-conj:t1098358,wo-conj,Aber wo sind wir?,Но где мы?,tatoeba,CC BY 2.0 FR
wo-conj:t11534087,wo-conj,Wo war die Polizei?,Где была полиция?,tatoeba,CC BY 2.0 FR
wo-conj:t12073902,wo-conj,Wo wurde er gefunden?,Где он был найден?,tatoeba,CC BY 2.0 FR
wo-pron:t1098358,wo-pron,Aber wo sind wir?,Но где мы?,tatoeba,CC BY 2.0 FR
wo-pron:t11534087,wo-pron,Wo war die Polizei?,Где была полиция?,tatoeba,CC BY 2.0 FR
wo-pron:t12073902,wo-pron,Wo wurde er gefunden?,Где он был найден?,tatoeba,CC BY 2.0 FR
woher:t1088088,woher,Woher kommt dein Freund?,Откуда твой друг?,tatoeba,CC BY 2.0 FR
woher:t1881455,woher,Woher wussten Sie das?,Как Вы это узнали?,tatoeba,CC BY 2.0 FR
woher:t6214603,woher,Woher kommt das Licht?,Откуда идёт свет?,tatoeba,CC BY 2.0 FR
wohin:t12505973,wohin,Wohin schickte man sie?,Куда их отправили?,tatoeba,CC BY 2.0 FR
wohin:t12505977,wohin,Wohin wurden sie geschickt?,Куда они были отправлены?,tatoeba,CC BY 2.0 FR
wohin:t1343492,wohin,Wohin sollen wir gehen?,Куда бы нам пойти?,tatoeba,CC BY 2.0 FR
wohnen:t10282589,wohnen,Wir wohnen seit 2012 zusammen.,Мы живем вместе с 2012 года.,tatoeba,CC BY 2.0 FR
wohnen:t10966984,wohnen,"Ja, er wohnt hier.","Да, он живёт здесь.",tatoeba,CC BY 2.0 FR
wohnen:t10969053,wohnen,Er wohnt weit weg.,Он далеко живёт.,tatoeba,CC BY 2.0 FR
wohnung:t12236865,wohnung,Sie braucht eine Wohnung.,Ей нужна квартира.,tatoeba,CC BY 2.0 FR
wohnung:t12236871,wohnung,Ich brauche eine Wohnung.,Мне нужна квартира.,tatoeba,CC BY 2.0 FR
wohnung:t13088707,wohnung,Wir suchen eine Wohnung.,Мы ищем квартиру.,tatoeba,CC BY 2.0 FR
wollen:t12433331,wollen,Die wollen besser werden.,Они хотят стать лучше.,tatoeba,CC BY 2.0 FR
wollen:t7854554,wollen,Man muss nur wollen.,Надо только захотеть.,tatoeba,CC BY 2.0 FR
wollen:t4914192,wollen,Wir wollen das nicht mehr.,Мы этого больше не хотим.,tatoeba,CC BY 2.0 FR
wollen-verb:t1133801,wollen-verb,"Er will, sie nicht.","Он хочет, она - нет.",tatoeba,CC BY 2.0 FR
wollen-verb:t12433331,wollen-verb,Die wollen besser werden.,Они хотят стать лучше.,tatoeba,CC BY 2.0 FR
wollen-verb:t7854554,wollen-verb,Man muss nur wollen.,Надо только захотеть.,tatoeba,CC BY 2.0 FR
wort:t1177418,wort,Sie schrieb das Wort.,Она написала слово.,tatoeba,CC BY 2.0 FR
wort:t12732465,wort,"Ein Mann, ein Wort.",Пацан сказал — пацан сделал.,tatoeba,CC BY 2.0 FR
wort:t1846571,wort,Sprechen Sie kein Wort!,Не говорите ни слова!,tatoeba,CC BY 2.0 FR
wunderbar:t4007592,wunderbar,Aber es ist wunderbar!,Так это же замечательно!,tatoeba,CC BY 2.0 FR
wunderbar:t4532558,wunderbar,Das ist einfach wunderbar!,Это просто замечательно!,tatoeba,CC BY 2.0 FR
wunderbar:t5984829,wunderbar,Ist das nicht wunderbar?,Разве не замечательно?,tatoeba,CC BY 2.0 FR
zahlen:t4321188,zahlen,Sie haben nicht gezahlt.,Они не заплатили.,tatoeba,CC BY 2.0 FR
zahlen:t5360278,zahlen,Wo muss ich zahlen?,Где я должен заплатить?,tatoeba,CC BY 2.0 FR
zahlen:t9165319,zahlen,Das ist eine gerade Zahl.,Это чётное число.,tatoeba,CC BY 2.0 FR
zeit:t11511284,zeit,Das waren andere Zeiten.,Это были другие времена.,tatoeba,CC BY 2.0 FR
zeit:t12164535,zeit,Ich habe viel Zeit.,У меня много времени.,tatoeba,CC BY 2.0 FR
zeit:t1492632,zeit,Wir hatten keine Zeit.,У нас не было времени.,tatoeba,CC BY 2.0 FR
zeitung:t2082368,zeitung,Wessen Zeitung ist das?,Чья это газета?,tatoeba,CC BY 2.0 FR
zeitung:t3578399,zeitung,Das ist eine Zeitung.,Это газета.,tatoeba,CC BY 2.0 FR
zeitung:t367114,zeitung,Wir nehmen eine Zeitung.,Мы берём газету.,tatoeba,CC BY 2.0 FR
zigarette:t1606230,zigarette,Ich brauche eine Zigarette.,Мне нужна сигарета.,tatoeba,CC BY 2.0 FR
zigarette:t1788462,zigarette,Hätten Sie eine Zigarette?,У Вас сигареты не найдётся?,tatoeba,CC BY 2.0 FR
zigarette:t3923873,zigarette,Sie hat eine Zigarette geraucht.,Она выкурила сигарету.,tatoeba,CC BY 2.0 FR
zimmer:t11677050,zimmer,Das ist mein Zimmer.,Это моя комната.,tatoeba,CC BY 2.0 FR
zimmer:t12941558,zimmer,Es gibt 5 große Zimmer.,Есть пять больших комнат.,tatoeba,CC BY 2.0 FR
zimmer:t1479660,zimmer,Geh aus dem Zimmer.,Выйди из комнаты.,tatoeba,CC BY 2.0 FR
zoll:t7371680,zoll,Der Zoll wird die Fracht beschlagnahmen.,Таможня арестует груз.,tatoeba,CC BY 2.0 FR
zoll:t11885254,zoll,Er ist drei Zoll größer als ich.,Он выше меня на три дюйма.,tatoeba,CC BY 2.0 FR
zoll:t11885257,zoll,Sie ist drei Zoll größer als ich.,Она на три дюйма выше меня.,tatoeba,CC BY 2.0 FR
zu:t553776,zu,Das ist zu viel.,Это уже слишком.,tatoeba,CC BY 2.0 FR
zu:t5703547,zu,Es war zu viel.,Это было слишком.,tatoeba,CC BY 2.0 FR
zu:t5962730,zu,Das war zu viel.,Это было слишком много.,tatoeba,CC BY 2.0 FR
zu-adj:t553776,zu-adj,Das ist zu viel.,Это уже слишком.,tatoeba,CC BY 2.0 FR
zu-adj:t5703547,zu-adj,Es war zu viel.,Это было слишком.,tatoeba,CC BY 2.0 FR
zu-adj:t5962730,zu-adj,Das war zu viel.,Это было слишком много.,tatoeba,CC BY 2.0 FR
zu-adv:t553776,zu-adv,Das ist zu viel.,Это уже слишком.,tatoeba,CC BY 2.0 FR
zu-adv:t5703547,zu-adv,Es war zu viel.,Это было слишком.,tatoeba,CC BY 2.0 FR
zu-adv:t5962730,zu-adv,Das war zu viel.,Это было слишком много.,tatoeba,CC BY 2.0 FR
zu-part:t553776,zu-part,Das ist zu viel.,Это уже слишком.,tatoeba,CC BY 2.0 FR
zu-part:t5703547,zu-part,Es war zu viel.,Это было слишком.,tatoeba,CC BY 2.0 FR
zu-part:t5962730,zu-part,Das war zu viel.,Это было слишком много.,tatoeba,CC BY 2.0 FR
zufrieden:t11796743,zufrieden,Sie sollten zufrieden sein.,Вы должны быть довольны.,tatoeba,CC BY 2.0 FR
zufrieden:t12543821,zufrieden,Wir Kinder waren zufrieden.,"Мы, дети, были довольны.",tatoeba,CC BY 2.0 FR
zufrieden:t12667279,zufrieden,Sind Sie nicht zufrieden?,Вы разве не довольны?,tatoeba,CC BY 2.0 FR
zug:t1990116,zug,Wo ist der Zug?,Где поезд?,tatoeba,CC BY 2.0 FR
zug:t2339625,zug,Der Zug fährt schnell.,Поезд едет быстро.,tatoeba,CC BY 2.0 FR
zug:t4901303,zug,Wie oft fahren Züge?,Как часто ходят поезда?,tatoeba,CC BY 2.0 FR
zurueck:t12170355,zurueck,Ich gab es zurück.,Я его вернул.,tatoeba,CC BY 2.0 FR
zurueck:t1601049,zurueck,Es gibt kein Zurück.,Пути назад нет.,tatoeba,CC BY 2.0 FR
zurueck:t1724049,zurueck,Wir können nicht zurück.,Мы не можем повернуть назад.,tatoeba,CC BY 2.0 FR
zurzeit:t516062,zurzeit,Ich bin zurzeit beschäftigt.,В данный момент у меня нет времени.,tatoeba,CC BY 2.0 FR
zurzeit:t13019324,zurzeit,Ich arbeite zurzeit in England.,Я сейчас работаю в Англии.,tatoeba,CC BY 2.0 FR
zurzeit:t13019351,zurzeit,Sie arbeitet zurzeit in Frankreich.,Она сейчас работает во Франции.,tatoeba,CC BY 2.0 FR
zusammen:t13736602,zusammen,Wir werden zusammen sein.,Мы будем вместе.,tatoeba,CC BY 2.0 FR
zusammen:t1918742,zusammen,Wir sind zusammen gegangen.,Мы ушли вместе.,tatoeba,CC BY 2.0 FR
zusammen:t4352149,zusammen,Wir leben jetzt zusammen.,Сейчас мы живем вместе.,tatoeba,CC BY 2.0 FR
zusammen-adj:t13736602,zusammen-adj,Wir werden zusammen sein.,Мы будем вместе.,tatoeba,CC BY 2.0 FR
zusammen-adj:t1918742,zusammen-adj,Wir sind zusammen gegangen.,Мы ушли вместе.,tatoeba,CC BY 2.0 FR
zusammen-adj:t4352149,zusammen-adj,Wir leben jetzt zusammen.,Сейчас мы живем вместе.,tatoeba,CC BY 2.0 FR
zwischen:t1585064,zwischen,Ich sehe einen Mann zwischen den Bäumen.,Я вижу человека между деревьями.,tatoeba,CC BY 2.0 FR
zwischen:t3001635,zwischen,Zwischen dem Apfel und dem Buch ist ein Kugelschreiber.,Между яблоком и книгой - ручка.,tatoeba,CC BY 2.0 FR
zwischen:t11154680,zwischen,Er stand zwischen uns.,Он стоял между нами.,tatoeba,CC BY 2.0 FR
