id,lexeme,translation,note,source,license
auslaender:1,auslaender,иностранец,,kaikki-ru,CC BY-SA 4.0
in:1,in,"в, на",,kaikki-ru,CC BY-SA 4.0
in:2,in,в; за; через,,kaikki-ru,CC BY-SA 4.0
man:1,man,"неопределённое местоимение, переводится неопределённо-личной формой мотивирующего глагола",,kaikki-ru,CC BY-SA 4.0
er:1,er,он,,kaikki-ru,CC BY-SA 4.0
es:1,es,(личное местоимение) оно,,kaikki-ru,CC BY-SA 4.0
es:2,es,"(указательное местоимение, сокр. 's, при переводе на русский часто опускается) это",,kaikki-ru,CC BY-SA 4.0
es:3,es,"(безличное местоимение, не переводится)",,kaikki-ru,CC BY-SA 4.0
so:1,so,"так, таким образом",,kaikki-ru,CC BY-SA 4.0
zusammen:1,zusammen,"вместе, сообща",,kaikki-ru,CC BY-SA 4.0
zusammen:2,zusammen,"в итоге; в целом, в совокупности",,kaikki-ru,CC BY-SA 4.0
zusammen:3,zusammen,лингв. слитно,,kaikki-ru,CC BY-SA 4.0
strassenbahn:1,strassenbahn,трамвай (транспортное средство),,kaikki-ru,CC BY-SA 4.0
milch:1,milch,молоко,,kaikki-ru,CC BY-SA 4.0
milch:2,milch,млечный сок (растений),,kaikki-ru,CC BY-SA 4.0
milch:3,milch,"техн. эмульсия, беловатая жидкость каких-либо веществ",,kaikki-ru,CC BY-SA 4.0
milch:4,milch,молоки (рыб),,kaikki-ru,CC BY-SA 4.0
lied:1,lied,песня; романс,,kaikki-ru,CC BY-SA 4.0
lied:2,lied,песнь,,kaikki-ru,CC BY-SA 4.0
apfel:1,apfel,яблоко,,kaikki-ru,CC BY-SA 4.0
apfel:2,apfel,разг. упрощ. от Apfelbaum (яблоня),,kaikki-ru,CC BY-SA 4.0
apfel:3,apfel,"эвф., мн. ч., Äpfelchen: женские груди, перси",,kaikki-ru,CC BY-SA 4.0
apfel:4,apfel,разг. упрощ. от Pferdeapfel (кусок лошадиного навоза),,kaikki-ru,CC BY-SA 4.0
auge:1,auge,анат. глаз; око,,kaikki-ru,CC BY-SA 4.0
auge:2,auge,"очко (при игре в карты, кости, домино и т. п.)",,kaikki-ru,CC BY-SA 4.0
auge:3,auge,точка (на игральной кости),,kaikki-ru,CC BY-SA 4.0
auge:4,auge,"метеорол. глаз бури, глаз урагана, глаз циклона, бычий глаз",,kaikki-ru,CC BY-SA 4.0
auge:5,auge,"ботан. глазок (картофельный), почка",,kaikki-ru,CC BY-SA 4.0
auge:6,auge,"архит. опейон, окулус (круглое отверстие в центре крыши или купола)",,kaikki-ru,CC BY-SA 4.0
auge:7,auge,зоол. глазчатое пятно,,kaikki-ru,CC BY-SA 4.0
auge:8,auge,"капля жира, жиринка (на поверхности жидкости, напр. в супе)",,kaikki-ru,CC BY-SA 4.0
ei:1,ei,яйцо,,kaikki-ru,CC BY-SA 4.0
geben:1,geben,"давать (дать), подавать (подать), вручать (вручить), предоставлять (предоставить) — Дайте мне пожалуйста сигарету",,kaikki-ru,CC BY-SA 4.0
geben:2,geben,"безличный: быть, существовать — Холодно.",,kaikki-ru,CC BY-SA 4.0
geben:3,geben,форма настоящего времени первого лица множественного числа изъявительного наклонения глагола geben,,kaikki-ru,CC BY-SA 4.0
geben:4,geben,форма настоящего времени третьего лица множественного числа изъявительного наклонения глагола geben,,kaikki-ru,CC BY-SA 4.0
freund:1,freund,"друг, приятель, товарищ",,kaikki-ru,CC BY-SA 4.0
freund:2,freund,"друг, молодой человек, любимый",,kaikki-ru,CC BY-SA 4.0
sonne:1,sonne,астрон. Солнце,,kaikki-ru,CC BY-SA 4.0
sonne:2,sonne,"солнце, солнечный свет",,kaikki-ru,CC BY-SA 4.0
baum:1,baum,ботан. дерево (растение); древесный ствол,,kaikki-ru,CC BY-SA 4.0
baum:2,baum,техн. вал; текст. навой,,kaikki-ru,CC BY-SA 4.0
baum:3,baum,морск. рей,,kaikki-ru,CC BY-SA 4.0
baum:4,baum,морск. мачта; стрела; рангоутное дерево; гик,,kaikki-ru,CC BY-SA 4.0
baum:5,baum,матем. дерево,,kaikki-ru,CC BY-SA 4.0
baum:6,baum,"разг., сокр. от Weihnachtsbaum; ёлка (2), новогодняя ёлка, рождественская ёлка",,kaikki-ru,CC BY-SA 4.0
baum:7,baum,"диал. оглобля, дышло",,kaikki-ru,CC BY-SA 4.0
maedchen:1,maedchen,девочка; девушка,,kaikki-ru,CC BY-SA 4.0
maedchen:2,maedchen,"девочка, дочь",,kaikki-ru,CC BY-SA 4.0
maedchen:3,maedchen,"устар. домработница; прислуга, служанка",,kaikki-ru,CC BY-SA 4.0
maedchen:4,maedchen,"разг. девушка, подруга, возлюбленная, любимая",,kaikki-ru,CC BY-SA 4.0
junge:1,junge,мальчик,,kaikki-ru,CC BY-SA 4.0
junge:2,junge,зоол. детёныш,,kaikki-ru,CC BY-SA 4.0
junge:3,junge,морск. юнга,,kaikki-ru,CC BY-SA 4.0
welt:1,welt,"неисч. мир, вселенная, свет (в значении «планета Земля»), земной шар",,kaikki-ru,CC BY-SA 4.0
welt:2,welt,"исч. мир (в значении «некое общество, сообщество либо отделённое от других пространство существования»)",,kaikki-ru,CC BY-SA 4.0
welt:3,welt,"филос., неисч. вселенная, космос",,kaikki-ru,CC BY-SA 4.0
welt:4,welt,мир (чего-либо); сфера; среда,,kaikki-ru,CC BY-SA 4.0
welt:5,welt,век,,kaikki-ru,CC BY-SA 4.0
buch:1,buch,книга (печатное издание),,kaikki-ru,CC BY-SA 4.0
buch:2,buch,книга (литературное произведение),,kaikki-ru,CC BY-SA 4.0
buch:3,buch,сценарий,,kaikki-ru,CC BY-SA 4.0
buch:4,buch,книга,,kaikki-ru,CC BY-SA 4.0
bleistift:1,bleistift,карандаш,,kaikki-ru,CC BY-SA 4.0
arbeitslos:1,arbeitslos,безработный,,kaikki-ru,CC BY-SA 4.0
wasser:1,wasser,"неисч. вода, влага, жидкость",,kaikki-ru,CC BY-SA 4.0
wasser:2,wasser,неисч. H₂O,,kaikki-ru,CC BY-SA 4.0
wasser:3,wasser,"исч. сок, напиток",,kaikki-ru,CC BY-SA 4.0
wasser:4,wasser,"поэт., библейск. водоём, река (мн. ч.: во́ды)",,kaikki-ru,CC BY-SA 4.0
wasser:5,wasser,"неисч., устар. мера качества алмаза; также перен. «чистейшей воды»",,kaikki-ru,CC BY-SA 4.0
wasser:6,wasser,"спец., крепкоалкогольный напиток, настойка",,kaikki-ru,CC BY-SA 4.0
wasser:7,wasser,"спец., : духи́",,kaikki-ru,CC BY-SA 4.0
adresse:1,adresse,адрес во всех значениях,,kaikki-ru,CC BY-SA 4.0
adresse:2,adresse,"в качестве приставки «adressen-», «adreß-»: адресный",,kaikki-ru,CC BY-SA 4.0
baby:1,baby,"младенец, грудной ребёнок, дитя",,kaikki-ru,CC BY-SA 4.0
baby:2,baby,"перен. милая/милый, милашка, деточка",,kaikki-ru,CC BY-SA 4.0
baby:3,baby,"разг. чикса, крутая девчонка",,kaikki-ru,CC BY-SA 4.0
baby:4,baby,перен. разг. трус,,kaikki-ru,CC BY-SA 4.0
bad:1,bad,ванная (комната); купальня,,kaikki-ru,CC BY-SA 4.0
bad:2,bad,ванна в значении «лечебная либо гигиеническая процедура»,,kaikki-ru,CC BY-SA 4.0
bad:3,bad,"целебный источник, во́ды",,kaikki-ru,CC BY-SA 4.0
bad:4,bad,"хим., техн.: особая жидкость, раствор либо электролит, в который опускаются детали для химической обработки",,kaikki-ru,CC BY-SA 4.0
bad:5,bad,"регион., разг.: сокр. от Hallenbad (бассейн), Badeanstalt (купальный пляж, бассейн, купальня, баня), Badestrand (купальный пляж)",,kaikki-ru,CC BY-SA 4.0
bad:6,bad,"как часть названия города означает, что в оном имеется официально признанный целебный источник: Bad Kreuznach, Bad Godesberg, Bad Salzuflen и т. п. Ср. тж. Karlsbad (Карловы Вары)",,kaikki-ru,CC BY-SA 4.0
chef:1,chef,"шеф, начальник",,kaikki-ru,CC BY-SA 4.0
film:1,film,"кинокартина, кинофильм, фильм",,kaikki-ru,CC BY-SA 4.0
film:2,film,"кино, кинематография, киноиндустрия",,kaikki-ru,CC BY-SA 4.0
film:3,film,"киноплёнка, фотоплёнка",,kaikki-ru,CC BY-SA 4.0
film:4,film,"пенка, плёнка",,kaikki-ru,CC BY-SA 4.0
geschenk:1,geschenk,"подарок, дар (für A, an A кому-либо), гостинец",,kaikki-ru,CC BY-SA 4.0
hand:1,hand,анат. рука; кисть руки,,kaikki-ru,CC BY-SA 4.0
hand:2,hand,"устар. то же, что Handschrift; почерк",,kaikki-ru,CC BY-SA 4.0
hand:3,hand,"спорт. то же, что Handspiel; игра рукой (в футболе)",,kaikki-ru,CC BY-SA 4.0
hand:4,hand,"игра в карты: карты которые держит игрок в руке, insbesondere beim Skat: ein Spiel ohne den Skat aufzunehmen",,kaikki-ru,CC BY-SA 4.0
meer:1,meer,море; океан,,kaikki-ru,CC BY-SA 4.0
meer:2,meer,большое озеро,,kaikki-ru,CC BY-SA 4.0
meer:3,meer,"перен. море, большое количество (чего-л.)",,kaikki-ru,CC BY-SA 4.0
mutter:1,mutter,мать; мама,,kaikki-ru,CC BY-SA 4.0
mutter:2,mutter,"перен. поэт. мать, прародительница, источник жизни",,kaikki-ru,CC BY-SA 4.0
mutter:3,mutter,мать (присоединяется к имени или званию монахини),,kaikki-ru,CC BY-SA 4.0
mutter:4,mutter,анат. матка,,kaikki-ru,CC BY-SA 4.0
mutter:5,mutter,техн. пресс-форма; матрица,,kaikki-ru,CC BY-SA 4.0
mutter:6,mutter,"рег. (ю.-нем.) осадок, гуща",,kaikki-ru,CC BY-SA 4.0
mutter:7,mutter,техн. гайка,,kaikki-ru,CC BY-SA 4.0
opa:1,opa,разг. дедушка,,kaikki-ru,CC BY-SA 4.0
papier:1,papier,бумага во всех значениях,,kaikki-ru,CC BY-SA 4.0
papier:2,papier,"бумажка, обёртка",,kaikki-ru,CC BY-SA 4.0
papier:3,papier,"документ, бумага, удостоверение",,kaikki-ru,CC BY-SA 4.0
post:1,post,почта; почтовое отделение; почтамт,,kaikki-ru,CC BY-SA 4.0
post:2,post,"почта, письма, корреспонденция",,kaikki-ru,CC BY-SA 4.0
post:3,post,"почта, почтовая машина, почтовый автомобиль",,kaikki-ru,CC BY-SA 4.0
post:4,post,"устар. вести, новости, известия",,kaikki-ru,CC BY-SA 4.0
post:5,post,комп. пост,,kaikki-ru,CC BY-SA 4.0
see:1,see,озеро,,kaikki-ru,CC BY-SA 4.0
see:2,see,море,,kaikki-ru,CC BY-SA 4.0
sport:1,sport,спорт,,kaikki-ru,CC BY-SA 4.0
wind:1,wind,ветер,,kaikki-ru,CC BY-SA 4.0
zeit:1,zeit,неисч. время,,kaikki-ru,CC BY-SA 4.0
zeit:2,zeit,"время, часы; момент",,kaikki-ru,CC BY-SA 4.0
zeit:3,zeit,"время, период, отрезок времени; срок",,kaikki-ru,CC BY-SA 4.0
zeit:4,zeit,"исч. время, эпоха, эра",,kaikki-ru,CC BY-SA 4.0
zeit:5,zeit,грам. время (глагола); категория времени,,kaikki-ru,CC BY-SA 4.0
zeit:6,zeit,муз. такт,,kaikki-ru,CC BY-SA 4.0
zeit:7,zeit,движение моря; прилив и отлив,,kaikki-ru,CC BY-SA 4.0
zeit:8,zeit,"библейск. (бренный) мир, мир земной, жизнь земная",,kaikki-ru,CC BY-SA 4.0
zeitung:1,zeitung,газета,,kaikki-ru,CC BY-SA 4.0
zeitung:2,zeitung,"устар. известие, весть, новость",,kaikki-ru,CC BY-SA 4.0
wort:1,wort,"слово, речь",,kaikki-ru,CC BY-SA 4.0
wort:2,wort,глагол,,kaikki-ru,CC BY-SA 4.0
wort:3,wort,"слово, обещание",,kaikki-ru,CC BY-SA 4.0
kind:1,kind,"ребёнок, дитя",,kaikki-ru,CC BY-SA 4.0
kind:2,kind,"ребёнок сын, дочь в семье; чадо, отпрыск",,kaikki-ru,CC BY-SA 4.0
kind:3,kind,"употр. в качестве фам. обращения: детка!, голубчик! и т. п.",,kaikki-ru,CC BY-SA 4.0
fisch:1,fisch,зоол. рыба,,kaikki-ru,CC BY-SA 4.0
fisch:2,fisch,кулин. рыба,,kaikki-ru,CC BY-SA 4.0
fisch:3,fisch,"астрон., астрол. Рыбы",,kaikki-ru,CC BY-SA 4.0
ja-part:1,ja-part,да,,kaikki-ru,CC BY-SA 4.0
ja-part:2,ja-part,"ж, же, ведь, но ведь",,kaikki-ru,CC BY-SA 4.0
ja-part:3,ja-part,"ни в коем случае, не вздумай, не смей, не … а не то",,kaikki-ru,CC BY-SA 4.0
ja-part:4,ja-part,"и чтоб, либо как повел. наклонение с отрицанием",,kaikki-ru,CC BY-SA 4.0
ja-part:5,ja-part,"даже, и даже, больше того, да что там, да что я говорю; (и) вообще",,kaikki-ru,CC BY-SA 4.0
ruhig-noun:1,ruhig-noun,тихий,,kaikki-ru,CC BY-SA 4.0
ruhig-noun:2,ruhig-noun,спокойный,,kaikki-ru,CC BY-SA 4.0
ruhig:1,ruhig,тихо,,kaikki-ru,CC BY-SA 4.0
ruhig:2,ruhig,спокойно,,kaikki-ru,CC BY-SA 4.0
ruhig:3,ruhig,"не раздумывая, запросто, спокойно",,kaikki-ru,CC BY-SA 4.0
hund:1,hund,"зоол. собака, пёс",,kaikki-ru,CC BY-SA 4.0
hund:2,hund,"бран. собака, негодяй",,kaikki-ru,CC BY-SA 4.0
hund:3,hund,"в качестве усилительной приставки : очень, совсем, ужасно",,kaikki-ru,CC BY-SA 4.0
hund:4,hund,"разг., горн. вагонетка, тележка",,kaikki-ru,CC BY-SA 4.0
hund:5,hund,доска на роликах для передвижения мебели,,kaikki-ru,CC BY-SA 4.0
tisch:1,tisch,стол (предмет мебели),,kaikki-ru,CC BY-SA 4.0
tisch:2,tisch,"обед, трапеза, еда; застолье",,kaikki-ru,CC BY-SA 4.0
brot:1,brot,неисч. хлеб (продукт питания),,kaikki-ru,CC BY-SA 4.0
brot:2,brot,"батон, буханка",,kaikki-ru,CC BY-SA 4.0
brot:3,brot,определённый сорт хлеба,,kaikki-ru,CC BY-SA 4.0
brot:4,brot,"кусок, ломоть хлеба; бутерброд",,kaikki-ru,CC BY-SA 4.0
brot:5,brot,"неисч. пропитание, хлеб насущный",,kaikki-ru,CC BY-SA 4.0
brot:6,brot,"разг. рег. дурень, тупица",,kaikki-ru,CC BY-SA 4.0
langsam:1,langsam,"медленный, неторопливый; замедленный",,kaikki-ru,CC BY-SA 4.0
langsam:2,langsam,"медлительный, неповоротливый",,kaikki-ru,CC BY-SA 4.0
langsam-adv:1,langsam-adv,"медленно, тихо",,kaikki-ru,CC BY-SA 4.0
bauch:1,bauch,"живот, брюхо; желудок; чрево; пузо",,kaikki-ru,CC BY-SA 4.0
arbeit:1,arbeit,"труд, работа; дело; занятие; деятельность; действие",,kaikki-ru,CC BY-SA 4.0
arbeit:2,arbeit,"работа, труд, произведение",,kaikki-ru,CC BY-SA 4.0
arbeit:3,arbeit,"работа, изделие",,kaikki-ru,CC BY-SA 4.0
grossvater:1,grossvater,"дедушка, дед",,kaikki-ru,CC BY-SA 4.0
grossvater:2,grossvater,разг. старичок,,kaikki-ru,CC BY-SA 4.0
grossmutter:1,grossmutter,бабушка,,kaikki-ru,CC BY-SA 4.0
grossmutter:2,grossmutter,разг. старушка,,kaikki-ru,CC BY-SA 4.0
gross:1,gross,"большой, крупный",,kaikki-ru,CC BY-SA 4.0
gross:2,gross,"высокий, рослый; высотою в, ростом в",,kaikki-ru,CC BY-SA 4.0
gross:3,gross,великий,,kaikki-ru,CC BY-SA 4.0
gross:4,gross,взрослый,,kaikki-ru,CC BY-SA 4.0
gross:5,gross,"разг. замечательный, прекрасный",,kaikki-ru,CC BY-SA 4.0
gross-adv:1,gross-adv,крупно,,kaikki-ru,CC BY-SA 4.0
gross-adv:2,gross-adv,"по-большому, тж. перен.",,kaikki-ru,CC BY-SA 4.0
gross-adv:3,gross-adv,"особо, особенно",,kaikki-ru,CC BY-SA 4.0
gross-adv:4,gross-adv,"jdn groß ansehen: смотреть удивлённо, делать большие глаза",,kaikki-ru,CC BY-SA 4.0
gross-adv:5,gross-adv,etw (A) groß schreiben: писать с большой буквы (тж. перен.),,kaikki-ru,CC BY-SA 4.0
stunde:1,stunde,час (как отрезок времени),,kaikki-ru,CC BY-SA 4.0
stunde:2,stunde,урок,,kaikki-ru,CC BY-SA 4.0
schueler:1,schueler,"ученик, школьник",,kaikki-ru,CC BY-SA 4.0
schueler:2,schueler,"ученик, последователь",,kaikki-ru,CC BY-SA 4.0
essen-noun:1,essen-noun,"неисч. пища, продукты питания",,kaikki-ru,CC BY-SA 4.0
essen-noun:2,essen-noun,"блюдо, кушанье",,kaikki-ru,CC BY-SA 4.0
essen-noun:3,essen-noun,"застолье, обед",,kaikki-ru,CC BY-SA 4.0
essen-noun:4,essen-noun,неисч. процесс приёма пищи,,kaikki-ru,CC BY-SA 4.0
essen-noun:5,essen-noun,"Эссен (город в ФРГ, в федеральной земле Северный Рейн-Вестфалия, рядом с Бонном, Кёльном и Дюссельдорфом)",,kaikki-ru,CC BY-SA 4.0
alt:1,alt,старый,,kaikki-ru,CC BY-SA 4.0
wir:1,wir,мы,,kaikki-ru,CC BY-SA 4.0
tomate:1,tomate,помидор,,kaikki-ru,CC BY-SA 4.0
riechen:1,riechen,"перех. обонять, слышать носом, чуять тж. перен.",,kaikki-ru,CC BY-SA 4.0
riechen:2,riechen,"перех. и неперех. нюхать, понюхать",,kaikki-ru,CC BY-SA 4.0
riechen:3,riechen,неперех. пахнуть тж. перен.,,kaikki-ru,CC BY-SA 4.0
riechen:4,riechen,неперех. вонять,,kaikki-ru,CC BY-SA 4.0
riechen:5,riechen,форма настоящего времени первого лица множественного числа изъявительного наклонения глагола riechen,,kaikki-ru,CC BY-SA 4.0
riechen:6,riechen,форма настоящего времени третьего лица множественного числа изъявительного наклонения глагола riechen,,kaikki-ru,CC BY-SA 4.0
billig:1,billig,"дешевый, недорогой",,kaikki-ru,CC BY-SA 4.0
billig:2,billig,справедливый,,kaikki-ru,CC BY-SA 4.0
tochter:1,tochter,дочь,,kaikki-ru,CC BY-SA 4.0
tochter:2,tochter,"экон.жарг. дочка, дочерняя компания, дочернее предприятие (сокр. от Tochtergesellschaft)",,kaikki-ru,CC BY-SA 4.0
sohn:1,sohn,сын,,kaikki-ru,CC BY-SA 4.0
vater:1,vater,отец,,kaikki-ru,CC BY-SA 4.0
vater:2,vater,"мн. ч. праотцы, предки",,kaikki-ru,CC BY-SA 4.0
vater:3,vater,"перен. отец, творец, создатель; инициатор, автор",,kaikki-ru,CC BY-SA 4.0
da:1,da,"тут, здесь",,kaikki-ru,CC BY-SA 4.0
da:2,da,там,,kaikki-ru,CC BY-SA 4.0
kurz:1,kurz,короткий (длина),,kaikki-ru,CC BY-SA 4.0
kurz:2,kurz,"короткий, краткий, непродолжительный; ненадолго (по времени)",,kaikki-ru,CC BY-SA 4.0
dies:1,dies,это,,kaikki-ru,CC BY-SA 4.0
laut:1,laut,"громкий, звонкий, звучный (о звуках)",,kaikki-ru,CC BY-SA 4.0
laut:2,laut,"шумный (об улице, о человеке)",,kaikki-ru,CC BY-SA 4.0
laut-prep:1,laut-prep,"согласно, по (чему-либо), в соответствии с (чем-либо)",,kaikki-ru,CC BY-SA 4.0
laut-adv:1,laut-adv,"громко, звонко, шумно",,kaikki-ru,CC BY-SA 4.0
sein:1,sein,"быть, существовать",,kaikki-ru,CC BY-SA 4.0
sein:2,sein,"быть, случаться, происходить, состояться",,kaikki-ru,CC BY-SA 4.0
sein:3,sein,"быть, находиться",,kaikki-ru,CC BY-SA 4.0
sein:4,sein,"происходить, быть родом (откуда-либо)",,kaikki-ru,CC BY-SA 4.0
sein:5,sein,"быть, являться (в функции связки в составном сказуемом)",,kaikki-ru,CC BY-SA 4.0
sein:6,sein,"в безличн. предлож. выражает состояние, настроение",,kaikki-ru,CC BY-SA 4.0
sein:7,sein,выражает долженствование или возможность,,kaikki-ru,CC BY-SA 4.0
sein:8,sein,"вспомогательный глагол, служащий для образования сложных временных форм; на русский язык отдельным словом не переводится",,kaikki-ru,CC BY-SA 4.0
sein:9,sein,его,,kaikki-ru,CC BY-SA 4.0
sein:10,sein,"(при указании на принадлежность подлежащему) свой (своя, своё, свои)",,kaikki-ru,CC BY-SA 4.0
bar-adv:1,bar-adv,устар. без,,kaikki-ru,CC BY-SA 4.0
bitter:1,bitter,горький,,kaikki-ru,CC BY-SA 4.0
gut:1,gut,"хороший, добрый, качественный",,kaikki-ru,CC BY-SA 4.0
gut-adv:1,gut-adv,хорошо,,kaikki-ru,CC BY-SA 4.0
tot:1,tot,"мёртвый (в разн. знач.); безжизненный, умерший",,kaikki-ru,CC BY-SA 4.0
abfahrt:1,abfahrt,"отъезд, отправление (начало движения)",,kaikki-ru,CC BY-SA 4.0
achtung:1,achtung,внимание,,kaikki-ru,CC BY-SA 4.0
achtung:2,achtung,"почтение, уважение",,kaikki-ru,CC BY-SA 4.0
bahn:1,bahn,железная дорога,,kaikki-ru,CC BY-SA 4.0
bahn:2,bahn,"поезд, трамвай",,kaikki-ru,CC BY-SA 4.0
bahn:3,bahn,"колея, перен. тж. русло, путь",,kaikki-ru,CC BY-SA 4.0
bahn:4,bahn,"физ., техн. колея, траектория",,kaikki-ru,CC BY-SA 4.0
bahn:5,bahn,спорт. дорожка,,kaikki-ru,CC BY-SA 4.0
bahn:6,bahn,стезя,,kaikki-ru,CC BY-SA 4.0
bahnhof:1,bahnhof,вокзал,,kaikki-ru,CC BY-SA 4.0
balkon:1,balkon,балкон,,kaikki-ru,CC BY-SA 4.0
banane:1,banane,банан,,kaikki-ru,CC BY-SA 4.0
bank:1,bank,"скамья, скамейка, лавка; парта; банка, банкетка",,kaikki-ru,CC BY-SA 4.0
bank:2,bank,"верстак, станок",,kaikki-ru,CC BY-SA 4.0
bank:3,bank,прилавок,,kaikki-ru,CC BY-SA 4.0
bank:4,bank,банк,,kaikki-ru,CC BY-SA 4.0
beamte:1,beamte,"чиновник; служащий; государственный служащий, должностное лицо",,kaikki-ru,CC BY-SA 4.0
bein:1,bein,нога (от таза до щиколотки),,kaikki-ru,CC BY-SA 4.0
bein:2,bein,ножка (какой-либо мебели),,kaikki-ru,CC BY-SA 4.0
bein:3,bein,кость,,kaikki-ru,CC BY-SA 4.0
beispiel:1,beispiel,пример,,kaikki-ru,CC BY-SA 4.0
beruf:1,beruf,"профессия, специальность",,kaikki-ru,CC BY-SA 4.0
beruf:2,beruf,"устар., высок. призвание",,kaikki-ru,CC BY-SA 4.0
bett:1,bett,"постель, кровать, койка",,kaikki-ru,CC BY-SA 4.0
alter:1,alter,возраст,,kaikki-ru,CC BY-SA 4.0
bier:1,bier,пиво (слабоалкогольный напиток),,kaikki-ru,CC BY-SA 4.0
bier:2,bier,"порция (кружка, стакан, бутылка) пива",,kaikki-ru,CC BY-SA 4.0
bild:1,bild,"картина, портрет, рисунок, изображение.",,kaikki-ru,CC BY-SA 4.0
bild:2,bild,"фотография, снимок, кадр. — Где были сделаны эти фотографии?",,kaikki-ru,CC BY-SA 4.0
birne:1,birne,груша (растение),,kaikki-ru,CC BY-SA 4.0
birne:2,birne,груша (плод),,kaikki-ru,CC BY-SA 4.0
birne:3,birne,голова,,kaikki-ru,CC BY-SA 4.0
birne:4,birne,лампочка,,kaikki-ru,CC BY-SA 4.0
bitte-noun:1,bitte-noun,"просьба, прошение, ходатайство (о чём-либо)",,kaikki-ru,CC BY-SA 4.0
blick:1,blick,взгляд,,kaikki-ru,CC BY-SA 4.0
blick:2,blick,вид на что-либо,,kaikki-ru,CC BY-SA 4.0
blume:1,blume,цветок,,kaikki-ru,CC BY-SA 4.0
blume:2,blume,"перен. поэт. цвет, венец",,kaikki-ru,CC BY-SA 4.0
blume:3,blume,"невинность, девственность, непорочность, чистота",,kaikki-ru,CC BY-SA 4.0
blume:4,blume,букет (вина),,kaikki-ru,CC BY-SA 4.0
blume:5,blume,пена (на пиве); первый глоток из бокала,,kaikki-ru,CC BY-SA 4.0
blume:6,blume,цветистое (витиеватое) выражение,,kaikki-ru,CC BY-SA 4.0
blume:7,blume,"хвост (зайца), кончик хвоста (лисы, волка)",,kaikki-ru,CC BY-SA 4.0
blume:8,blume,"тонкая пушистая шерсть, заячий пух",,kaikki-ru,CC BY-SA 4.0
blume:9,blume,оковалок (мясной туши),,kaikki-ru,CC BY-SA 4.0
blume:10,blume,кочан (цветной капусты),,kaikki-ru,CC BY-SA 4.0
blume:11,blume,"геол. выцветы, налёт минеральных солей",,kaikki-ru,CC BY-SA 4.0
bogen:1,bogen,лук оружие,,kaikki-ru,CC BY-SA 4.0
bogen:2,bogen,дуга,,kaikki-ru,CC BY-SA 4.0
bogen:3,bogen,лист бумаги и т. п.,,kaikki-ru,CC BY-SA 4.0
anfang:1,anfang,начало,,kaikki-ru,CC BY-SA 4.0
angebot:1,angebot,предложение,,kaikki-ru,CC BY-SA 4.0
angebot:2,angebot,экон. предложение: Количество и / или номенклатура товара,,kaikki-ru,CC BY-SA 4.0
angebot:3,angebot,"юр. оферта: Волеизъвление, выражающее окончательное и связывающее оферента предложение заключить договор",,kaikki-ru,CC BY-SA 4.0
ankunft:1,ankunft,"прибытие, приезд, приход",,kaikki-ru,CC BY-SA 4.0
brief:1,brief,"письмо, послание.",,kaikki-ru,CC BY-SA 4.0
brief:2,brief,"устар. грамота; документ, акт, удостоверение",,kaikki-ru,CC BY-SA 4.0
brief:3,brief,бирж. курс продавцов,,kaikki-ru,CC BY-SA 4.0
brief:4,brief,чековый курс,,kaikki-ru,CC BY-SA 4.0
brief:5,brief,фин. вексель,,kaikki-ru,CC BY-SA 4.0
brief:6,brief,фин. ценная бумага,,kaikki-ru,CC BY-SA 4.0
brief:7,brief,"пачка, конверт",,kaikki-ru,CC BY-SA 4.0
brief:8,brief,"образцы, узоры (для рукоделия)",,kaikki-ru,CC BY-SA 4.0
brief:9,brief,"диал. листок, газета",,kaikki-ru,CC BY-SA 4.0
briefmarke:1,briefmarke,почтовая марка,,kaikki-ru,CC BY-SA 4.0
anschluss:1,anschluss,(an A) подключение (к чему-л),,kaikki-ru,CC BY-SA 4.0
anschluss:2,anschluss,"соединение (телефон, транспорт)",,kaikki-ru,CC BY-SA 4.0
anschluss:3,anschluss,"(an A) присоединение (к кому-л, чему-л)",,kaikki-ru,CC BY-SA 4.0
anschluss:4,anschluss,истор. аншлюс,,kaikki-ru,CC BY-SA 4.0
ecke:1,ecke,угол; выступ,,kaikki-ru,CC BY-SA 4.0
ecke:2,ecke,матем. вершина угла,,kaikki-ru,CC BY-SA 4.0
ecke:3,ecke,матем. телесный угол,,kaikki-ru,CC BY-SA 4.0
ecke:4,ecke,кромка (материи),,kaikki-ru,CC BY-SA 4.0
ecke:5,ecke,залысина,,kaikki-ru,CC BY-SA 4.0
ecke:6,ecke,разг. кусок; отрезок (пути),,kaikki-ru,CC BY-SA 4.0
bruder:1,bruder,брат,,kaikki-ru,CC BY-SA 4.0
bruder:2,bruder,"перен. собрат, приятель, единомышленник",,kaikki-ru,CC BY-SA 4.0
bruder:3,bruder,"религ. брат (член религиозной общины), монах",,kaikki-ru,CC BY-SA 4.0
bruder:4,bruder,"разг., презр. тип, субъект",,kaikki-ru,CC BY-SA 4.0
fahrer:1,fahrer,"водитель (автомашины), шофёр",,kaikki-ru,CC BY-SA 4.0
fahrer:2,fahrer,вагоновожатый,,kaikki-ru,CC BY-SA 4.0
fahrer:3,fahrer,ездок; велосипедист; мотоциклист,,kaikki-ru,CC BY-SA 4.0
fahrkarte:1,fahrkarte,билет,,kaikki-ru,CC BY-SA 4.0
fahrrad:1,fahrrad,велосипед,,kaikki-ru,CC BY-SA 4.0
ehefrau:1,ehefrau,"жена, супруга",,kaikki-ru,CC BY-SA 4.0
ehemann:1,ehemann,"муж, супруг",,kaikki-ru,CC BY-SA 4.0
familie:1,familie,семья; семейство,,kaikki-ru,CC BY-SA 4.0
familie:2,familie,"семья, род",,kaikki-ru,CC BY-SA 4.0
familie:3,familie,биол. семейство,,kaikki-ru,CC BY-SA 4.0
familienname:1,familienname,фамилия,,kaikki-ru,CC BY-SA 4.0
farbe:1,farbe,цвет,,kaikki-ru,CC BY-SA 4.0
farbe:2,farbe,краска,,kaikki-ru,CC BY-SA 4.0
farbe:3,farbe,карточная масть,,kaikki-ru,CC BY-SA 4.0
buchstabe:1,buchstabe,буква; литера,,kaikki-ru,CC BY-SA 4.0
antwort:1,antwort,ответ (на вопрос),,kaikki-ru,CC BY-SA 4.0
antwort:2,antwort,"ответ (на запрос, письмо, телеграмму и т. п.)",,kaikki-ru,CC BY-SA 4.0
anzeige:1,anzeige,"извещение; заявление, уведомление",,kaikki-ru,CC BY-SA 4.0
anzeige:2,anzeige,сообщение о правонарушении; донос,,kaikki-ru,CC BY-SA 4.0
anzeige:3,anzeige,"объявление (в газете и т. п.); (печатное) извещение (напр., о смерти, браке)",,kaikki-ru,CC BY-SA 4.0
anzeige:4,anzeige,техн. показание; отсчёт (измерительного прибора),,kaikki-ru,CC BY-SA 4.0
anzeige:5,anzeige,"устар. признак, примета",,kaikki-ru,CC BY-SA 4.0
anzeige:6,anzeige,"устар. весть, известие",,kaikki-ru,CC BY-SA 4.0
eingang:1,eingang,"вход (напр., в здание)",,kaikki-ru,CC BY-SA 4.0
eingang:2,eingang,доступ,,kaikki-ru,CC BY-SA 4.0
eingang:3,eingang,"прибытие, поступление, получение (корреспонденции, заказов)",,kaikki-ru,CC BY-SA 4.0
eingang:4,eingang,"поступления (почта, товары и т. п.)",,kaikki-ru,CC BY-SA 4.0
eingang:5,eingang,"начало; вступление; введение (напр., к статье)",,kaikki-ru,CC BY-SA 4.0
eingang:6,eingang,радио. вход (приёмника),,kaikki-ru,CC BY-SA 4.0
fehler:1,fehler,ошибка; погрешность; промах; неправильность; заблуждение; обмолвка; описка,,kaikki-ru,CC BY-SA 4.0
fehler:2,fehler,"изъян, дефект; порок; повреждение",,kaikki-ru,CC BY-SA 4.0
eintritt:1,eintritt,вход,,kaikki-ru,CC BY-SA 4.0
eintritt:2,eintritt,вступление (в партию и т. п.); поступление (в школу и т. п.),,kaikki-ru,CC BY-SA 4.0
eintritt:3,eintritt,"наступление (темноты, холодов и т. п.)",,kaikki-ru,CC BY-SA 4.0
bus:1,bus,автобус,,kaikki-ru,CC BY-SA 4.0
bus:2,bus,техн. шина,,kaikki-ru,CC BY-SA 4.0
butter:1,butter,масло (животное),,kaikki-ru,CC BY-SA 4.0
appetit:1,appetit,аппетит,,kaikki-ru,CC BY-SA 4.0
feuer:1,feuer,"неисч. огонь, пламя",,kaikki-ru,CC BY-SA 4.0
feuer:2,feuer,пожар,,kaikki-ru,CC BY-SA 4.0
feuer:3,feuer,исч. костёр; огонь; очаг; топка,,kaikki-ru,CC BY-SA 4.0
feuer:4,feuer,"стрельба, огонь",,kaikki-ru,CC BY-SA 4.0
feuer:5,feuer,морск. (сигнальный) огонь (светящегося буя и т. п.); маяк,,kaikki-ru,CC BY-SA 4.0
feuer:6,feuer,"блеск, сияние",,kaikki-ru,CC BY-SA 4.0
feuer:7,feuer,"пылкость, пыл; горячность, жар, пламенность; страстность",,kaikki-ru,CC BY-SA 4.0
fieber:1,fieber,"мед. жар; лихорадка, горячка; (повышенная) температура",,kaikki-ru,CC BY-SA 4.0
eltern:1,eltern,родители,,kaikki-ru,CC BY-SA 4.0
firma:1,firma,фирма,,kaikki-ru,CC BY-SA 4.0
garten:1,garten,сад; огород,,kaikki-ru,CC BY-SA 4.0
ende:1,ende,конец; исход; окончание,,kaikki-ru,CC BY-SA 4.0
ende:2,ende,край; конец,,kaikki-ru,CC BY-SA 4.0
ende:3,ende,"высок. смерть, кончина",,kaikki-ru,CC BY-SA 4.0
flasche:1,flasche,"бутылка, бутыль; баллон (для газа)",,kaikki-ru,CC BY-SA 4.0
flasche:2,flasche,"разг., бран. бездарный, ни к чему не способный человек, «пустое место»; болван, остолоп; неудачник",,kaikki-ru,CC BY-SA 4.0
fleisch:1,fleisch,мясо,,kaikki-ru,CC BY-SA 4.0
fleisch:2,fleisch,мякоть (плода и т. п.),,kaikki-ru,CC BY-SA 4.0
fleisch:3,fleisch,тело,,kaikki-ru,CC BY-SA 4.0
fleisch:4,fleisch,плоть,,kaikki-ru,CC BY-SA 4.0
fleisch:5,fleisch,мездра,,kaikki-ru,CC BY-SA 4.0
arm:1,arm,"анат. рука, верхняя конечность от плеча до запястья",,kaikki-ru,CC BY-SA 4.0
arm:2,arm,рукав (реки),,kaikki-ru,CC BY-SA 4.0
flughafen:1,flughafen,аэропорт,,kaikki-ru,CC BY-SA 4.0
flugzeug:1,flugzeug,"самолёт, аэроплан",,kaikki-ru,CC BY-SA 4.0
geburtsort:1,geburtsort,место рождения,,kaikki-ru,CC BY-SA 4.0
geburtstag:1,geburtstag,день рождения,,kaikki-ru,CC BY-SA 4.0
computer:1,computer,компьютер,,kaikki-ru,CC BY-SA 4.0
foto:1,foto,фото,,kaikki-ru,CC BY-SA 4.0
geld:1,geld,деньги,,kaikki-ru,CC BY-SA 4.0
frage:1,frage,вопрос,,kaikki-ru,CC BY-SA 4.0
arzt:1,arzt,"врач, доктор",,kaikki-ru,CC BY-SA 4.0
ergebnis:1,ergebnis,результат; последствие; итог,,kaikki-ru,CC BY-SA 4.0
frau:1,frau,женщина,,kaikki-ru,CC BY-SA 4.0
frau:2,frau,"жена, супруга",,kaikki-ru,CC BY-SA 4.0
frau:3,frau,"госпожа, фрау (обращение к замужней женщине)",,kaikki-ru,CC BY-SA 4.0
freizeit:1,freizeit,свободное время,,kaikki-ru,CC BY-SA 4.0
geschwister:1,geschwister,собир. братья и сёстры,,kaikki-ru,CC BY-SA 4.0
aufgabe:1,aufgabe,задача; задание; урок,,kaikki-ru,CC BY-SA 4.0
aufgabe:2,aufgabe,"сдача, отправление (письма, багажа); подача; загрузка, засыпка; питание",,kaikki-ru,CC BY-SA 4.0
aufgabe:3,aufgabe,"отказ; отречение; капитуляция, сдача",,kaikki-ru,CC BY-SA 4.0
gewicht:1,gewicht,вес; тяжесть,,kaikki-ru,CC BY-SA 4.0
gewicht:2,gewicht,техн. груз; нагрузка,,kaikki-ru,CC BY-SA 4.0
gewicht:3,gewicht,"спорт. вес, весовая категория",,kaikki-ru,CC BY-SA 4.0
gewicht:4,gewicht,гиря,,kaikki-ru,CC BY-SA 4.0
gewicht:5,gewicht,"перен. вес, влияние, влиятельность; важность",,kaikki-ru,CC BY-SA 4.0
dame:1,dame,"дама, госпожа (обращение)",,kaikki-ru,CC BY-SA 4.0
dame:2,dame,дама (игральная карта),,kaikki-ru,CC BY-SA 4.0
dame:3,dame,неисч. игра в шашки,,kaikki-ru,CC BY-SA 4.0
dame:4,dame,дамка,,kaikki-ru,CC BY-SA 4.0
dame:5,dame,шахм. ферзь,,kaikki-ru,CC BY-SA 4.0
aufzug:1,aufzug,лифт,,kaikki-ru,CC BY-SA 4.0
glas:1,glas,стекло,,kaikki-ru,CC BY-SA 4.0
glas:2,glas,стакан; рюмка (также как мера),,kaikki-ru,CC BY-SA 4.0
glas:3,glas,банка,,kaikki-ru,CC BY-SA 4.0
glas:4,glas,мн. ч. очки,,kaikki-ru,CC BY-SA 4.0
glas:5,glas,бинокль,,kaikki-ru,CC BY-SA 4.0
glas:6,glas,"морск., склянка",,kaikki-ru,CC BY-SA 4.0
ausflug:1,ausflug,"экскурсия, прогулка, поход",,kaikki-ru,CC BY-SA 4.0
gleis:1,gleis,рельс,,kaikki-ru,CC BY-SA 4.0
gleis:2,gleis,ж.-д. путь,,kaikki-ru,CC BY-SA 4.0
ausgang:1,ausgang,"выход (место), выходная дверь",,kaikki-ru,CC BY-SA 4.0
ausgang:2,ausgang,выход (действие),,kaikki-ru,CC BY-SA 4.0
ausland:1,ausland,"заграница, зарубежье; зарубежные государства, иностранные государства",,kaikki-ru,CC BY-SA 4.0
datum:1,datum,дата,,kaikki-ru,CC BY-SA 4.0
datum:2,datum,"данное, единица информации",,kaikki-ru,CC BY-SA 4.0
aussage:1,aussage,высказывание,,kaikki-ru,CC BY-SA 4.0
aussage:2,aussage,"показание, свидетельство",,kaikki-ru,CC BY-SA 4.0
aussage:3,aussage,"выражение, содержание (художественное)",,kaikki-ru,CC BY-SA 4.0
aussage:4,aussage,лингв. сказуемое,,kaikki-ru,CC BY-SA 4.0
haar:1,haar,волос,,kaikki-ru,CC BY-SA 4.0
haar:2,haar,"собир., ед. ч. волосы",,kaikki-ru,CC BY-SA 4.0
auto:1,auto,"автомобиль, (авто)машина",,kaikki-ru,CC BY-SA 4.0
autobahn:1,autobahn,"автомагистраль, автотрасса",,kaikki-ru,CC BY-SA 4.0
grad:1,grad,неизм. градус,,kaikki-ru,CC BY-SA 4.0
grad:2,grad,степень во всех значениях. Gleichung dritten Grades. Akademischer Grad. Bis zu einem gewissen Grad.,,kaikki-ru,CC BY-SA 4.0
halle:1,halle,зал,,kaikki-ru,CC BY-SA 4.0
halle:2,halle,павильон; пассаж; крытый рынок,,kaikki-ru,CC BY-SA 4.0
halle:3,halle,гараж,,kaikki-ru,CC BY-SA 4.0
halle:4,halle,крытый перрон,,kaikki-ru,CC BY-SA 4.0
halle:5,halle,ангар; эллинг,,kaikki-ru,CC BY-SA 4.0
halle:6,halle,цех,,kaikki-ru,CC BY-SA 4.0
halle:7,halle,Галле (город в Германии),,kaikki-ru,CC BY-SA 4.0
haltestelle:1,haltestelle,остановка;,,kaikki-ru,CC BY-SA 4.0
gruppe:1,gruppe,группа,,kaikki-ru,CC BY-SA 4.0
gruppe:2,gruppe,отделение,,kaikki-ru,CC BY-SA 4.0
gruppe:3,gruppe,отряд,,kaikki-ru,CC BY-SA 4.0
gruppe:4,gruppe,категория,,kaikki-ru,CC BY-SA 4.0
gruppe:5,gruppe,ансамбль,,kaikki-ru,CC BY-SA 4.0
gruppe:6,gruppe,партия,,kaikki-ru,CC BY-SA 4.0
gruppe:7,gruppe,звено,,kaikki-ru,CC BY-SA 4.0
gruppe:8,gruppe,блок,,kaikki-ru,CC BY-SA 4.0
gruppe:9,gruppe,кластер,,kaikki-ru,CC BY-SA 4.0
gruppe:10,gruppe,устройство,,kaikki-ru,CC BY-SA 4.0
handy:1,handy,"разг. мобильник, мобильный телефон",,kaikki-ru,CC BY-SA 4.0
information:1,information,"информация, сведение",,kaikki-ru,CC BY-SA 4.0
information:2,information,"справочная (на вокзале, в аэропорту и т. п.)",,kaikki-ru,CC BY-SA 4.0
haus:1,haus,"дом, здание, строение, постройка",,kaikki-ru,CC BY-SA 4.0
haus:2,haus,"дом, жилище; домашний очаг; хозяйство, семейство",,kaikki-ru,CC BY-SA 4.0
haus:3,haus,"династия, дом, род",,kaikki-ru,CC BY-SA 4.0
haus:4,haus,"парламент, палата (парламента)",,kaikki-ru,CC BY-SA 4.0
haus:5,haus,"разг. панцирь, скорлупа, раковина, ракушка (моллюсков, брюхоногих)",,kaikki-ru,CC BY-SA 4.0
haus:6,haus,спорт. дом (в кёрлинге),,kaikki-ru,CC BY-SA 4.0
hausaufgabe:1,hausaufgabe,домашнее задание,,kaikki-ru,CC BY-SA 4.0
hausfrau:1,hausfrau,хозяйка (дома); домохозяйка; домашняя хозяйка,,kaikki-ru,CC BY-SA 4.0
jacke:1,jacke,"куртка, кофта, кофточка; жакет",,kaikki-ru,CC BY-SA 4.0
jacke:2,jacke,кожух (орудия),,kaikki-ru,CC BY-SA 4.0
jacke:3,jacke,"глыба (руды, породы)",,kaikki-ru,CC BY-SA 4.0
heimat:1,heimat,"родина, отечество, отчизна",,kaikki-ru,CC BY-SA 4.0
internet:1,internet,Интернет (глобальная компьютерная сеть),,kaikki-ru,CC BY-SA 4.0
laden:1,laden,"лавка, магазин",,kaikki-ru,CC BY-SA 4.0
laden:2,laden,ставень,,kaikki-ru,CC BY-SA 4.0
laden:3,laden,толстая доска,,kaikki-ru,CC BY-SA 4.0
laden:4,laden,опока,,kaikki-ru,CC BY-SA 4.0
laden:5,laden,нагрузка; погрузка; загрузка; навалка (груза),,kaikki-ru,CC BY-SA 4.0
laden:6,laden,заряжание; зарядка (аккумулятора),,kaikki-ru,CC BY-SA 4.0
land:1,land,"земля, суша",,kaikki-ru,CC BY-SA 4.0
land:2,land,"страна, край, местность",,kaikki-ru,CC BY-SA 4.0
land:3,land,"деревня, сельская местность (в противоположность городу)",,kaikki-ru,CC BY-SA 4.0
land:4,land,"земля (единица административного деления ФРГ, Австрии; ГДР до 1952 г.)",,kaikki-ru,CC BY-SA 4.0
land:5,land,"устар. лен, вотчина",,kaikki-ru,CC BY-SA 4.0
land:6,land,страна (о населении),,kaikki-ru,CC BY-SA 4.0
land:7,land,"земля, почва, грунт",,kaikki-ru,CC BY-SA 4.0
herr:1,herr,господин (вежливая форма упоминания мужчины),,kaikki-ru,CC BY-SA 4.0
herr:2,herr,"господин, герр (вежливая форма обращения к мужчине)",,kaikki-ru,CC BY-SA 4.0
herr:3,herr,"господин, барин, государь",,kaikki-ru,CC BY-SA 4.0
herr:4,herr,"господь (Господь), бог (Бог)",,kaikki-ru,CC BY-SA 4.0
jugendliche:1,jugendliche,"подросток, юноша или девушка, мн. ч. — молодёжь",,kaikki-ru,CC BY-SA 4.0
hilfe:1,hilfe,"помощь, поддержка",,kaikki-ru,CC BY-SA 4.0
hilfe:2,hilfe,спорт. страховка,,kaikki-ru,CC BY-SA 4.0
hilfe:3,hilfe,пособие,,kaikki-ru,CC BY-SA 4.0
hilfe:4,hilfe,"помощник, помощница (по дому, по хозяйству и т. п.)",,kaikki-ru,CC BY-SA 4.0
hilfe:5,hilfe,"работник, специалист",,kaikki-ru,CC BY-SA 4.0
hilfe:6,hilfe,спорт. посылка (приём в верховой езде),,kaikki-ru,CC BY-SA 4.0
kaffee:1,kaffee,кофе (напиток),,kaikki-ru,CC BY-SA 4.0
kaffee:2,kaffee,"ботан. кофе (растение), кофейное дерево (Coffea L.)",,kaikki-ru,CC BY-SA 4.0
kaffee:3,kaffee,кофе (зёрна),,kaikki-ru,CC BY-SA 4.0
kaffee:4,kaffee,кофе (молотый),,kaikki-ru,CC BY-SA 4.0
kaffee:5,kaffee,кофе (питьё кофе),,kaikki-ru,CC BY-SA 4.0
kaffee:6,kaffee,рег. первый завтрак или полдник (необильный утренний приём пищи с кофе),,kaikki-ru,CC BY-SA 4.0
leben-noun:1,leben-noun,"жизнь (в разн. знач.), существование",,kaikki-ru,CC BY-SA 4.0
lehrer:1,lehrer,"учитель, преподаватель",,kaikki-ru,CC BY-SA 4.0
lehrer:2,lehrer,воен. инструктор,,kaikki-ru,CC BY-SA 4.0
hotel:1,hotel,"гостиница, отель",,kaikki-ru,CC BY-SA 4.0
hunger:1,hunger,"голод, сильное желание есть",,kaikki-ru,CC BY-SA 4.0
hunger:2,hunger,"перен. (nach D) сильное желание, жажда чего-либо ◆ Отсутствует пример употребления (см. рекомендации).",,kaikki-ru,CC BY-SA 4.0
karte:1,karte,карта (географическая),,kaikki-ru,CC BY-SA 4.0
karte:2,karte,карта (игральная),,kaikki-ru,CC BY-SA 4.0
karte:3,karte,открытка,,kaikki-ru,CC BY-SA 4.0
karte:4,karte,билет,,kaikki-ru,CC BY-SA 4.0
kartoffel:1,kartoffel,картофель,,kaikki-ru,CC BY-SA 4.0
kartoffel:2,kartoffel,картофелина,,kaikki-ru,CC BY-SA 4.0
kartoffel:3,kartoffel,шутл. нос картошкой,,kaikki-ru,CC BY-SA 4.0
leute:1,leute,люди; народ; (простой) люд,,kaikki-ru,CC BY-SA 4.0
leute:2,leute,"разг. люди, работники, сотрудники, коллеги",,kaikki-ru,CC BY-SA 4.0
leute:3,leute,"устар. прислуга, дворовые, челядь; батраки",,kaikki-ru,CC BY-SA 4.0
leute:4,leute,разг. члены семьи,,kaikki-ru,CC BY-SA 4.0
leute:5,leute,"фам. как обращение: ребята!, мужики!, люди!, народ!",,kaikki-ru,CC BY-SA 4.0
doktor:1,doktor,доктор (учёная степень),,kaikki-ru,CC BY-SA 4.0
doktor:2,doktor,"разг. доктор, врач",,kaikki-ru,CC BY-SA 4.0
licht:1,licht,"свет, освещение",,kaikki-ru,CC BY-SA 4.0
licht:2,licht,источник света,,kaikki-ru,CC BY-SA 4.0
licht:3,licht,астрон. светило,,kaikki-ru,CC BY-SA 4.0
licht:4,licht,"перен. светило, ум",,kaikki-ru,CC BY-SA 4.0
dorf:1,dorf,"село, деревня",,kaikki-ru,CC BY-SA 4.0
dorf:2,dorf,"жители, население деревни",,kaikki-ru,CC BY-SA 4.0
dorf:3,dorf,перен. деревня (о захолустье),,kaikki-ru,CC BY-SA 4.0
kindergarten:1,kindergarten,детский сад,,kaikki-ru,CC BY-SA 4.0
kino:1,kino,"кинотеатр, кино",,kaikki-ru,CC BY-SA 4.0
kino:2,kino,"(кино)сеанс, фильм",,kaikki-ru,CC BY-SA 4.0
name:1,name,"имя; прозвище, прозвание; кличка; название",,kaikki-ru,CC BY-SA 4.0
name:2,name,"перен. имя, репутация, слава",,kaikki-ru,CC BY-SA 4.0
mann:1,mann,мужчина,,kaikki-ru,CC BY-SA 4.0
mann:2,mann,муж,,kaikki-ru,CC BY-SA 4.0
mann:3,mann,человек,,kaikki-ru,CC BY-SA 4.0
mann:4,mann,мужик,,kaikki-ru,CC BY-SA 4.0
klasse:1,klasse,класс (общества),,kaikki-ru,CC BY-SA 4.0
klasse:2,klasse,"класс (категория, разряд)",,kaikki-ru,CC BY-SA 4.0
klasse:3,klasse,"класс (тип вагона, каюты)",,kaikki-ru,CC BY-SA 4.0
klasse:4,klasse,класс (группа учащихся),,kaikki-ru,CC BY-SA 4.0
klasse:5,klasse,"класс, классная комната",,kaikki-ru,CC BY-SA 4.0
klasse:6,klasse,"раздел, отделение, класс",,kaikki-ru,CC BY-SA 4.0
kleidung:1,kleidung,"одежда, платье, одеяние",,kaikki-ru,CC BY-SA 4.0
kleidung:2,kleidung,воен. обмундирование; вещевое довольствие,,kaikki-ru,CC BY-SA 4.0
maschine:1,maschine,машина,,kaikki-ru,CC BY-SA 4.0
maschine:2,maschine,мотор автомобиля,,kaikki-ru,CC BY-SA 4.0
maschine:3,maschine,определённый самолёт,,kaikki-ru,CC BY-SA 4.0
maschine:4,maschine,"разг. толстуха, толстячка",,kaikki-ru,CC BY-SA 4.0
koffer:1,koffer,чемодан; сундук; кофр,,kaikki-ru,CC BY-SA 4.0
koffer:2,koffer,багажник (у автомобиля),,kaikki-ru,CC BY-SA 4.0
koffer:3,koffer,спец. слой балласта (на пути); слой щебня (на дороге),,kaikki-ru,CC BY-SA 4.0
kollege:1,kollege,сослуживец; коллега (по профессии),,kaikki-ru,CC BY-SA 4.0
kollege:2,kollege,"сотрудник (учреждения), работник предприятия",,kaikki-ru,CC BY-SA 4.0
kollege:3,kollege,"товарищ; (как обращение, более официальное) коллега",,kaikki-ru,CC BY-SA 4.0
mensch:1,mensch,"человек, человеческая личность, индивидуум; мн. ч. люди",,kaikki-ru,CC BY-SA 4.0
konto:1,konto,счёт,,kaikki-ru,CC BY-SA 4.0
obst:1,obst,фрукты,,kaikki-ru,CC BY-SA 4.0
obst:2,obst,плоды,,kaikki-ru,CC BY-SA 4.0
nummer:1,nummer,(сокр. Nr.) (порядковый) номер,,kaikki-ru,CC BY-SA 4.0
nummer:2,nummer,номер (обуви); размер (одежды),,kaikki-ru,CC BY-SA 4.0
nummer:3,nummer,театр. номер (программы),,kaikki-ru,CC BY-SA 4.0
nummer:4,nummer,"разг. тип, чудак, фрукт",,kaikki-ru,CC BY-SA 4.0
nummer:5,nummer,"разг. проделка, проказа, номер",,kaikki-ru,CC BY-SA 4.0
kopf:1,kopf,анат. голова,,kaikki-ru,CC BY-SA 4.0
kopf:2,kopf,"глава (организации); главарь (банды, шайки, группировки)",,kaikki-ru,CC BY-SA 4.0
kopf:3,kopf,глава (книги),,kaikki-ru,CC BY-SA 4.0
kopf:4,kopf,кочан,,kaikki-ru,CC BY-SA 4.0
kopf:5,kopf,"головка (булавки, спички, цветка, кристалла, рельса и пр.); шляпка (гвоздя)",,kaikki-ru,CC BY-SA 4.0
kopf:6,kopf,заголовок; шапка (текста),,kaikki-ru,CC BY-SA 4.0
kopf:7,kopf,верхняя или передняя часть чего-либо,,kaikki-ru,CC BY-SA 4.0
kopf:8,kopf,"голова, ум (тж. о самом человеке); память",,kaikki-ru,CC BY-SA 4.0
kopf:9,kopf,"голова, душа, человек (как единица учёта, счёта, при расчёте и т. п.)",,kaikki-ru,CC BY-SA 4.0
miete:1,miete,наём; прокат; съём,,kaikki-ru,CC BY-SA 4.0
miete:2,miete,плата за наём [за прокат]; квартирная [арендная] плата,,kaikki-ru,CC BY-SA 4.0
miete:3,miete,"помещение, сдаваемое внаём, квартира",,kaikki-ru,CC BY-SA 4.0
miete:4,miete,абонемент (театральный),,kaikki-ru,CC BY-SA 4.0
miete:5,miete,"с.-х. скирда, стог",,kaikki-ru,CC BY-SA 4.0
miete:6,miete,"бурт, кагат",,kaikki-ru,CC BY-SA 4.0
miete:7,miete,диал. клещ,,kaikki-ru,CC BY-SA 4.0
oma:1,oma,разг. бабушка,,kaikki-ru,CC BY-SA 4.0
oma:2,oma,"разг., часто шутл. или неодобр. бабка, старуха",,kaikki-ru,CC BY-SA 4.0
oma:3,oma,"фам. баба, старуха, тётка (о взрослой женщине)",,kaikki-ru,CC BY-SA 4.0
mitte:1,mitte,середина,,kaikki-ru,CC BY-SA 4.0
rad:1,rad,колесо,,kaikki-ru,CC BY-SA 4.0
rad:2,rad,"техн. зубчатое колесо; шестерня; ротор, диск",,kaikki-ru,CC BY-SA 4.0
rad:3,rad,"разг., сокр. от Fahrrad; велосипед",,kaikki-ru,CC BY-SA 4.0
rad:4,rad,истор. колесо (орудие казни); колесование,,kaikki-ru,CC BY-SA 4.0
rad:5,rad,спорт. колесо (элемент в гимнастике),,kaikki-ru,CC BY-SA 4.0
rad:6,rad,веерообразный хвост птицы,,kaikki-ru,CC BY-SA 4.0
rad:7,rad,спец. рад (внесистемная единица поглощённой дозы ионизированного излучения),,kaikki-ru,CC BY-SA 4.0
ordnung:1,ordnung,порядок,,kaikki-ru,CC BY-SA 4.0
ordnung:2,ordnung,"упорядочение, наведение порядка, приведение в порядок, урегулирование, систематизация",,kaikki-ru,CC BY-SA 4.0
ordnung:3,ordnung,"общественный строй, устройство",,kaikki-ru,CC BY-SA 4.0
ordnung:4,ordnung,"воен. построение, строй",,kaikki-ru,CC BY-SA 4.0
ordnung:5,ordnung,"устав, положение, правила, порядок",,kaikki-ru,CC BY-SA 4.0
ordnung:6,ordnung,архит. ордер,,kaikki-ru,CC BY-SA 4.0
ordnung:7,ordnung,порядок (следования),,kaikki-ru,CC BY-SA 4.0
raum:1,raum,пространство,,kaikki-ru,CC BY-SA 4.0
raum:2,raum,помещение,,kaikki-ru,CC BY-SA 4.0
raum:3,raum,"район, окрестность",,kaikki-ru,CC BY-SA 4.0
raum:4,raum,космос,,kaikki-ru,CC BY-SA 4.0
raum:5,raum,место,,kaikki-ru,CC BY-SA 4.0
kuchen:1,kuchen,"торт, пирог",,kaikki-ru,CC BY-SA 4.0
moment:1,moment,"момент, миг, мгновение",,kaikki-ru,CC BY-SA 4.0
moment:2,moment,"момент, фактор, обстоятельство",,kaikki-ru,CC BY-SA 4.0
moment:3,moment,физ. момент,,kaikki-ru,CC BY-SA 4.0
kugelschreiber:1,kugelschreiber,шариковая ручка,,kaikki-ru,CC BY-SA 4.0
kunde:1,kunde,клиент; заказчик; покупатель; потребитель,,kaikki-ru,CC BY-SA 4.0
kunde:2,kunde,"устар., поэт. известие, весть",,kaikki-ru,CC BY-SA 4.0
rechnung:1,rechnung,"бухг. расчёт, счёт",,kaikki-ru,CC BY-SA 4.0
rechnung:2,rechnung,матем. исчисление,,kaikki-ru,CC BY-SA 4.0
ort:1,ort,"место, пункт",,kaikki-ru,CC BY-SA 4.0
ort:2,ort,"местность; местечко, городок, деревня, населённый пункт",,kaikki-ru,CC BY-SA 4.0
ort:3,ort,"архит. щипец, край",,kaikki-ru,CC BY-SA 4.0
ort:4,ort,рег. (швейц.) кантон,,kaikki-ru,CC BY-SA 4.0
ort:5,ort,рег. (ю.-нем.) шило,,kaikki-ru,CC BY-SA 4.0
ort:6,ort,рег. (ю.-нем.) боковая часть кровати,,kaikki-ru,CC BY-SA 4.0
ort:7,ort,устар. угол,,kaikki-ru,CC BY-SA 4.0
kurs:1,kurs,"курс, направление",,kaikki-ru,CC BY-SA 4.0
kurs:2,kurs,курс (биржевой),,kaikki-ru,CC BY-SA 4.0
regen:1,regen,метеорол. дождь,,kaikki-ru,CC BY-SA 4.0
mund:1,mund,рот,,kaikki-ru,CC BY-SA 4.0
mund:2,mund,уста,,kaikki-ru,CC BY-SA 4.0
saft:1,saft,сок (из растений),,kaikki-ru,CC BY-SA 4.0
saft:2,saft,"физиол. сок; лимфа, плазма",,kaikki-ru,CC BY-SA 4.0
reis:1,reis,ботан. рис (Oryza L.),,kaikki-ru,CC BY-SA 4.0
reis:2,reis,рис (крупа),,kaikki-ru,CC BY-SA 4.0
reis:3,reis,"ботан. отросток, росток, побег; ветка, веточка",,kaikki-ru,CC BY-SA 4.0
reis:4,reis,хворост; хворостинка,,kaikki-ru,CC BY-SA 4.0
reis:5,reis,ботан. привой,,kaikki-ru,CC BY-SA 4.0
reis:6,reis,"истор., глава; капитан (арабского или турецкого судна)",,kaikki-ru,CC BY-SA 4.0
reise:1,reise,"поездка, путешествие",,kaikki-ru,CC BY-SA 4.0
reise:2,reise,морск. рейс; плавание,,kaikki-ru,CC BY-SA 4.0
reise:3,reise,техн. эксплуатационный период,,kaikki-ru,CC BY-SA 4.0
reise:4,reise,истор. служба в наёмных войсках,,kaikki-ru,CC BY-SA 4.0
reise:5,reise,рег. воз (как мера); партия (товара); груз,,kaikki-ru,CC BY-SA 4.0
salat:1,salat,салат,,kaikki-ru,CC BY-SA 4.0
party:1,party,"вечеринка, вечер",,kaikki-ru,CC BY-SA 4.0
salz:1,salz,"соль, поваренная соль, столовая соль",,kaikki-ru,CC BY-SA 4.0
salz:2,salz,хим. соль,,kaikki-ru,CC BY-SA 4.0
salz:3,salz,"перен. соль, острота",,kaikki-ru,CC BY-SA 4.0
reparatur:1,reparatur,"починка, ремонт; восстановление",,kaikki-ru,CC BY-SA 4.0
pause:1,pause,пауза,,kaikki-ru,CC BY-SA 4.0
pause:2,pause,перерыв; перемена (в школе); антракт (в театре),,kaikki-ru,CC BY-SA 4.0
pause:3,pause,"приостановка, перерыв",,kaikki-ru,CC BY-SA 4.0
satz:1,satz,грам. предложение,,kaikki-ru,CC BY-SA 4.0
satz:2,satz,прыжок,,kaikki-ru,CC BY-SA 4.0
satz:3,satz,"набор, комплект",,kaikki-ru,CC BY-SA 4.0
satz:4,satz,спорт. сет,,kaikki-ru,CC BY-SA 4.0
schalter:1,schalter,"окошко (в учреждении, конторе) ; касса",,kaikki-ru,CC BY-SA 4.0
schalter:2,schalter,"техн. выключатель, переключатель, коммутатор, коммутационный аппарат",,kaikki-ru,CC BY-SA 4.0
restaurant:1,restaurant,ресторан,,kaikki-ru,CC BY-SA 4.0
rezeption:1,rezeption,"принятие, заимствование; рецепция",,kaikki-ru,CC BY-SA 4.0
rezeption:2,rezeption,приём (торжественный обед и т. п.),,kaikki-ru,CC BY-SA 4.0
rezeption:3,rezeption,приёмка,,kaikki-ru,CC BY-SA 4.0
rezeption:4,rezeption,"администрация, стол регистрации, ресепшн (в гостинице)",,kaikki-ru,CC BY-SA 4.0
uhr:1,uhr,часы,,kaikki-ru,CC BY-SA 4.0
uhr:2,uhr,час (при определении времени),,kaikki-ru,CC BY-SA 4.0
schild:1,schild,щит,,kaikki-ru,CC BY-SA 4.0
schild:2,schild,"истор., устар. герб",,kaikki-ru,CC BY-SA 4.0
schild:3,schild,"козырёк кепки, фуражки",,kaikki-ru,CC BY-SA 4.0
schild:4,schild,"плечо говядины, свинины",,kaikki-ru,CC BY-SA 4.0
schild:5,schild,вывеска,,kaikki-ru,CC BY-SA 4.0
schild:6,schild,"указатель, в т. ч. дорожный",,kaikki-ru,CC BY-SA 4.0
schild:7,schild,"табличка, ярлык, этикетка",,kaikki-ru,CC BY-SA 4.0
schild:8,schild,"автомоб. номерной знак, номер",,kaikki-ru,CC BY-SA 4.0
tasche:1,tasche,"сумка, сума",,kaikki-ru,CC BY-SA 4.0
tasche:2,tasche,карман,,kaikki-ru,CC BY-SA 4.0
tasche:3,tasche,луза,,kaikki-ru,CC BY-SA 4.0
tasche:4,tasche,мед. десневой карман,,kaikki-ru,CC BY-SA 4.0
tasche:5,tasche,матем. мультимножество,,kaikki-ru,CC BY-SA 4.0
tasche:6,tasche,"изделие из теста с начинкой, типа пельменей, вареников, равиоли",,kaikki-ru,CC BY-SA 4.0
tee:1,tee,чай (напиток),,kaikki-ru,CC BY-SA 4.0
tee:2,tee,чай (сушёные листья),,kaikki-ru,CC BY-SA 4.0
tee:3,tee,ботан. чай (растение),,kaikki-ru,CC BY-SA 4.0
tee:4,tee,"чай, настой (из высушенных лекарственных трав)",,kaikki-ru,CC BY-SA 4.0
tee:5,tee,"чай, чаепитие, чайное застолье (обычно после обеда)",,kaikki-ru,CC BY-SA 4.0
teil:1,teil,"часть, доля",,kaikki-ru,CC BY-SA 4.0
teil:2,teil,деталь; элемент; часть,,kaikki-ru,CC BY-SA 4.0
teil:3,teil,юр. сторона,,kaikki-ru,CC BY-SA 4.0
teil:4,teil,"удел, доля (человека)",,kaikki-ru,CC BY-SA 4.0
teil:5,teil,воен. часть; подразделение,,kaikki-ru,CC BY-SA 4.0
telefon:1,telefon,телефон,,kaikki-ru,CC BY-SA 4.0
schluss:1,schluss,затвор (окна и т. п.),,kaikki-ru,CC BY-SA 4.0
schluss:2,schluss,конец; окончание,,kaikki-ru,CC BY-SA 4.0
schluss:3,schluss,"завершение, закрытие (магазина и т. п.)",,kaikki-ru,CC BY-SA 4.0
schluss:4,schluss,"вывод, заключение",,kaikki-ru,CC BY-SA 4.0
schluss:5,schluss,короткое замыкание,,kaikki-ru,CC BY-SA 4.0
unterschrift:1,unterschrift,подпись,,kaikki-ru,CC BY-SA 4.0
toilette:1,toilette,туалет (одежда),,kaikki-ru,CC BY-SA 4.0
toilette:2,toilette,"туалет, уборная",,kaikki-ru,CC BY-SA 4.0
urlaub:1,urlaub,отпуск; временное увольнение,,kaikki-ru,CC BY-SA 4.0
schrank:1,schrank,шкаф,,kaikki-ru,CC BY-SA 4.0
schrank:2,schrank,"перен., разг. шкаф (о крупном, широкоплечем мужчине, парне), косая сажень в плечах",,kaikki-ru,CC BY-SA 4.0
schuh:1,schuh,"ботинок, башмак, туфля; мн. ч. обувь",,kaikki-ru,CC BY-SA 4.0
schule:1,schule,"школа, училище",,kaikki-ru,CC BY-SA 4.0
schule:2,schule,"перен. школа, выучка",,kaikki-ru,CC BY-SA 4.0
schule:3,schule,"перен. школа, направление, метод",,kaikki-ru,CC BY-SA 4.0
schule:4,schule,синагога,,kaikki-ru,CC BY-SA 4.0
treppe:1,treppe,лестница,,kaikki-ru,CC BY-SA 4.0
schwester:1,schwester,сестра,,kaikki-ru,CC BY-SA 4.0
schwester:2,schwester,"медсестра, устар. сестра милосердия",,kaikki-ru,CC BY-SA 4.0
schwester:3,schwester,сестра (обращение к монахине),,kaikki-ru,CC BY-SA 4.0
verein:1,verein,"союз, общество, объединение, корпорация",,kaikki-ru,CC BY-SA 4.0
wein:1,wein,вино,,kaikki-ru,CC BY-SA 4.0
wein:2,wein,виноград,,kaikki-ru,CC BY-SA 4.0
plan:1,plan,"план (мероприятий, порядок действий)",,kaikki-ru,CC BY-SA 4.0
plan:2,plan,"план, замысел, намерение",,kaikki-ru,CC BY-SA 4.0
plan:3,plan,"план, чертёж",,kaikki-ru,CC BY-SA 4.0
plan:4,plan,горизонтальная проекция,,kaikki-ru,CC BY-SA 4.0
plan:5,plan,площадь; равнина; плоскость,,kaikki-ru,CC BY-SA 4.0
wetter:1,wetter,метеорол. погода,,kaikki-ru,CC BY-SA 4.0
wetter:2,wetter,"экспр. буря, гроза, непогода, ненастье",,kaikki-ru,CC BY-SA 4.0
wetter:3,wetter,"мн. ч. горн. рудничный воздух, рудничная атмосфера",,kaikki-ru,CC BY-SA 4.0
wetter:4,wetter,"понтёр; участник (пари, игры), делающий ставку; играющий на бегах",,kaikki-ru,CC BY-SA 4.0
wiedersehen:1,wiedersehen,повторная встреча,,kaikki-ru,CC BY-SA 4.0
platz:1,platz,место (часть пространства),,kaikki-ru,CC BY-SA 4.0
platz:2,platz,"место (в соревнованиях, рейтингах и т. п.)",,kaikki-ru,CC BY-SA 4.0
platz:3,platz,"место, должность, позиция",,kaikki-ru,CC BY-SA 4.0
platz:4,platz,воен. поле боя; позиция,,kaikki-ru,CC BY-SA 4.0
platz:5,platz,площадь (в городе и т. п.),,kaikki-ru,CC BY-SA 4.0
platz:6,platz,воен. плац,,kaikki-ru,CC BY-SA 4.0
platz:7,platz,спорт. площадка; поле,,kaikki-ru,CC BY-SA 4.0
platz:8,platz,рынок,,kaikki-ru,CC BY-SA 4.0
verwandte:1,verwandte,родственница,,kaikki-ru,CC BY-SA 4.0
zigarette:1,zigarette,"сигарета, папироса",,kaikki-ru,CC BY-SA 4.0
wohnung:1,wohnung,"жильё, квартира",,kaikki-ru,CC BY-SA 4.0
zimmer:1,zimmer,комната; кабинет (служебный); номер (в гостинице),,kaikki-ru,CC BY-SA 4.0
zimmer:2,zimmer,"деревянная обшивка, облицовка",,kaikki-ru,CC BY-SA 4.0
zimmer:3,zimmer,"циммер, копа, (мера)",,kaikki-ru,CC BY-SA 4.0
sofa:1,sofa,"софа, кушетка, диван",,kaikki-ru,CC BY-SA 4.0
zoll:1,zoll,дюйм,,kaikki-ru,CC BY-SA 4.0
zoll:2,zoll,долг,,kaikki-ru,CC BY-SA 4.0
zoll:3,zoll,пошлина; таможенный тариф,,kaikki-ru,CC BY-SA 4.0
zoll:4,zoll,истор. дань,,kaikki-ru,CC BY-SA 4.0
zoll:5,zoll,перен. дань,,kaikki-ru,CC BY-SA 4.0
polizei:1,polizei,полиция (как институт),,kaikki-ru,CC BY-SA 4.0
polizei:2,polizei,"полиция, полицейский (полицейские)",,kaikki-ru,CC BY-SA 4.0
polizei:3,polizei,"полиция, отделение полиции",,kaikki-ru,CC BY-SA 4.0
zug:1,zug,"поезд, состав",,kaikki-ru,CC BY-SA 4.0
zug:2,zug,"шествие, процессия, ход; см. Trauerzug, Festzug, Umzug, Karnevalszug",,kaikki-ru,CC BY-SA 4.0
zug:3,zug,"колонна, вереница, группа, эшелон",,kaikki-ru,CC BY-SA 4.0
zug:4,zug,"воен. поход, кампания; см. Feldzug, Kreuzzug",,kaikki-ru,CC BY-SA 4.0
zug:5,zug,"воен., расчёт; см. Infanteriezug, Löschzug, Bergungszug",,kaikki-ru,CC BY-SA 4.0
zug:6,zug,"клин, стая перелётных птиц; перелёт птиц; см. Vogelzug",,kaikki-ru,CC BY-SA 4.0
zug:7,zug,"сквозняк, тяга, ветерок, движение воздуха; см. Luftzug, Durchzug, Windzug",,kaikki-ru,CC BY-SA 4.0
zug:8,zug,"вдох, затяжка. см. Atemzug, Lungenzug",,kaikki-ru,CC BY-SA 4.0
zug:9,zug,глоток.,,kaikki-ru,CC BY-SA 4.0
zug:10,zug,"ход в настольной игре; битве, поединке.",,kaikki-ru,CC BY-SA 4.0
zug:11,zug,"черта лица, характера; см. Gesichtszug, Charakterzug, Wesenszug",,kaikki-ru,CC BY-SA 4.0
zug:12,zug,"тяга, влечение",,kaikki-ru,CC BY-SA 4.0
zug:13,zug,спорт. гребок пловца,,kaikki-ru,CC BY-SA 4.0
zug:14,zug,"спорт., разг. упрощ. от Klimmzug (подтягивание на перекладине)",,kaikki-ru,CC BY-SA 4.0
zug:15,zug,нарезка в дуле огнестрельного оружия,,kaikki-ru,CC BY-SA 4.0
vorname:1,vorname,имя (в отличие от фамилии),,kaikki-ru,CC BY-SA 4.0
postleitzahl:1,postleitzahl,"номер почтового отделения, почтовый индекс",,kaikki-ru,CC BY-SA 4.0
praktikum:1,praktikum,практика,,kaikki-ru,CC BY-SA 4.0
praktikum:2,praktikum,"практические занятия, практикум",,kaikki-ru,CC BY-SA 4.0
sprache:1,sprache,язык (средство общения); речь,,kaikki-ru,CC BY-SA 4.0
praxis:1,praxis,"практика, опыт",,kaikki-ru,CC BY-SA 4.0
praxis:2,praxis,"практика (врача, юриста)",,kaikki-ru,CC BY-SA 4.0
preis:1,preis,цена,,kaikki-ru,CC BY-SA 4.0
preis:2,preis,"награда, приз, премия",,kaikki-ru,CC BY-SA 4.0
stadt:1,stadt,город,,kaikki-ru,CC BY-SA 4.0
stadt:2,stadt,(население города),,kaikki-ru,CC BY-SA 4.0
stadt:3,stadt,"(администрация, правительство города)",,kaikki-ru,CC BY-SA 4.0
stadt:4,stadt,(экономический или культурный центр города),,kaikki-ru,CC BY-SA 4.0
problem:1,problem,проблема,,kaikki-ru,CC BY-SA 4.0
stelle:1,stelle,"место, местность",,kaikki-ru,CC BY-SA 4.0
stelle:2,stelle,"пост, место, должность",,kaikki-ru,CC BY-SA 4.0
stock:1,stock,"палка; трость, посох; шест",,kaikki-ru,CC BY-SA 4.0
stock:2,stock,"чурбан, чурка, дубина",,kaikki-ru,CC BY-SA 4.0
stock:3,stock,болванка; колодка,,kaikki-ru,CC BY-SA 4.0
stock:4,stock,пень; корень; стебель; куст; чубук (винограда),,kaikki-ru,CC BY-SA 4.0
stock:5,stock,"корпус, туловище; основа, основание",,kaikki-ru,CC BY-SA 4.0
stock:6,stock,"борть, улей",,kaikki-ru,CC BY-SA 4.0
stock:7,stock,полигр. клише,,kaikki-ru,CC BY-SA 4.0
stock:8,stock,техн. шток; стержень,,kaikki-ru,CC BY-SA 4.0
stock:9,stock,геол. шток (жила),,kaikki-ru,CC BY-SA 4.0
stock:10,stock,геол. горный массив,,kaikki-ru,CC BY-SA 4.0
stock:11,stock,спорт. клюшка,,kaikki-ru,CC BY-SA 4.0
stock:12,stock,шомпол,,kaikki-ru,CC BY-SA 4.0
stock:13,stock,этаж,,kaikki-ru,CC BY-SA 4.0
stock:14,stock,устар. темница,,kaikki-ru,CC BY-SA 4.0
stock:15,stock,основной состав,,kaikki-ru,CC BY-SA 4.0
stock:16,stock,запас (запасы),,kaikki-ru,CC BY-SA 4.0
stock:17,stock,основной инвестированный капитал,,kaikki-ru,CC BY-SA 4.0
stock:18,stock,фин. ценная бумага; акция; долговое обязательство,,kaikki-ru,CC BY-SA 4.0
student:1,student,студент,,kaikki-ru,CC BY-SA 4.0
studium:1,studium,"учёба, изучение, исследование",,kaikki-ru,CC BY-SA 4.0
bitte-part:1,bitte-part,пожалуйста,,kaikki-ru,CC BY-SA 4.0
bitte-verb:1,bitte-verb,форма настоящего времени первого лица единственного числа изъявительного наклонения глагола bitten,,kaikki-ru,CC BY-SA 4.0
lange:1,lange,долго,,kaikki-ru,CC BY-SA 4.0
von:1,von,от (во всех значениях),,kaikki-ru,CC BY-SA 4.0
von:2,von,из,,kaikki-ru,CC BY-SA 4.0
von:3,von,"с (при указании места или времени, но не совокупности)",,kaikki-ru,CC BY-SA 4.0
von:4,von,"опускается при переводе, переводится с помощью род. п.",,kaikki-ru,CC BY-SA 4.0
von:5,von,"о, об",,kaikki-ru,CC BY-SA 4.0
von:6,von,фон (часть дворянских имён собственных),,kaikki-ru,CC BY-SA 4.0
vor:1,vor,"(D, указывает на местонахождение — где?) перед — Она стояла перед ним.",,kaikki-ru,CC BY-SA 4.0
vor:2,vor,"(A, указывает на направление — куда?) перед, к — Неприятель подошёл к городу.",,kaikki-ru,CC BY-SA 4.0
vor:3,vor,"(D, указывает на время) до, тому назад, перед — до восхода солнца — перед пасхой — два года тому назад — без десяти (минут) пять",,kaikki-ru,CC BY-SA 4.0
vor:4,vor,"(D, указывает на чувство, испытываемое по отношению к кому-либо или чему-либо или действие по отношению к кому-либо или чему-либо) перед, к, от — Я боюсь его.",,kaikki-ru,CC BY-SA 4.0
vor:5,vor,"(D, указывает на причину) от — дрожать от холода — покраснеть от стыда — стиснуть зубы от боли",,kaikki-ru,CC BY-SA 4.0
baeckerei:1,baeckerei,пекарня,,kaikki-ru,CC BY-SA 4.0
gemuese:1,gemuese,"овощ, зелень",,kaikki-ru,CC BY-SA 4.0
geschaeft:1,geschaeft,"дело, занятие",,kaikki-ru,CC BY-SA 4.0
geschaeft:2,geschaeft,"дело, сделка, торговая операция",,kaikki-ru,CC BY-SA 4.0
geschaeft:3,geschaeft,"фирма, предприятие, дело; бизнес, гешефт; торговый дом, магазин",,kaikki-ru,CC BY-SA 4.0
geschaeft:4,geschaeft,"разг. испражнение, выделение кала",,kaikki-ru,CC BY-SA 4.0
gespraech:1,gespraech,"разговор, беседа",,kaikki-ru,CC BY-SA 4.0
gespraech:2,gespraech,"встреча, собеседование; совещание; слёт; переговоры",,kaikki-ru,CC BY-SA 4.0
getraenk:1,getraenk,напиток,,kaikki-ru,CC BY-SA 4.0
glueck:1,glueck,"счастье; благополучие; удача, успех",,kaikki-ru,CC BY-SA 4.0
moebel:1,moebel,мебель,,kaikki-ru,CC BY-SA 4.0
moebel:2,moebel,"разг., шутл., ед. ч. бандура, махина (предмет больших размеров, громоздкий, неудобный или надоевший)",,kaikki-ru,CC BY-SA 4.0
kueche:1,kueche,кухня (помещение),,kaikki-ru,CC BY-SA 4.0
kueche:2,kueche,"кухня, кухонная мебель",,kaikki-ru,CC BY-SA 4.0
kueche:3,kueche,"кухня, стол, пища",,kaikki-ru,CC BY-SA 4.0
kuehlschrank:1,kuehlschrank,холодильник.,,kaikki-ru,CC BY-SA 4.0
loesung:1,loesung,решение,,kaikki-ru,CC BY-SA 4.0
loesung:2,loesung,ответ,,kaikki-ru,CC BY-SA 4.0
loesung:3,loesung,"матем. ответ, решение",,kaikki-ru,CC BY-SA 4.0
loesung:4,loesung,отгадка,,kaikki-ru,CC BY-SA 4.0
loesung:5,loesung,хим. раствор,,kaikki-ru,CC BY-SA 4.0
haehnchen:1,haehnchen,"петушок, бройлер",,kaikki-ru,CC BY-SA 4.0
haehnchen:2,haehnchen,"мясо такого бройлера, употребляемое в пищу",,kaikki-ru,CC BY-SA 4.0
schluessel:1,schluessel,ключ от замка,,kaikki-ru,CC BY-SA 4.0
schluessel:2,schluessel,ключ нотный,,kaikki-ru,CC BY-SA 4.0
schluessel:3,schluessel,ключ гаечный,,kaikki-ru,CC BY-SA 4.0
fruehstueck:1,fruehstueck,завтрак,,kaikki-ru,CC BY-SA 4.0
sehenswuerdigkeit:1,sehenswuerdigkeit,достопримечательность,,kaikki-ru,CC BY-SA 4.0
reisefuehrer:1,reisefuehrer,путеводитель,,kaikki-ru,CC BY-SA 4.0
fuehrung:1,fuehrung,"руководство, управление",,kaikki-ru,CC BY-SA 4.0
hell:1,hell,"светлый, яркий, освещённый",,kaikki-ru,CC BY-SA 4.0
hell-adv:1,hell-adv,светло,,kaikki-ru,CC BY-SA 4.0
nicht-part:1,nicht-part,"не, нет, ни; употребляется перед всеми частями речи кроме существительных || в сочетании «не …, а …» в зависимости от контекста перед существительными",,kaikki-ru,CC BY-SA 4.0
schoen:1,schoen,"красивый, прекрасный",,kaikki-ru,CC BY-SA 4.0
schoen:2,schoen,"хороший, прекрасный, приятный",,kaikki-ru,CC BY-SA 4.0
schoen:3,schoen,"разг. хороший, приличный, порядочный (о количестве, степени, сумме и т. д. чего-либо)",,kaikki-ru,CC BY-SA 4.0
schoen:4,schoen,"разг., ирон. хорошенький",,kaikki-ru,CC BY-SA 4.0
schoen-adv:1,schoen-adv,"хорошо, прекрасно",,kaikki-ru,CC BY-SA 4.0
schoen-adv:2,schoen-adv,"употр. для выражения согласия: хорошо, прекрасно, ладно",,kaikki-ru,CC BY-SA 4.0
schoen-adv:3,schoen-adv,употр. в формулах вежливости,,kaikki-ru,CC BY-SA 4.0
schoen-adv:4,schoen-adv,в знач. усиления:,,kaikki-ru,CC BY-SA 4.0
was:1,was,вопросительное местоимение: что?,,kaikki-ru,CC BY-SA 4.0
was:2,was,относительное местоимение: что,,kaikki-ru,CC BY-SA 4.0
was:3,was,"то же, что etwas",,kaikki-ru,CC BY-SA 4.0
weg:1,weg,"прочь, вдаль",,kaikki-ru,CC BY-SA 4.0
hoch-noun:1,hoch-noun,высокий,,kaikki-ru,CC BY-SA 4.0
hoch-adv:1,hoch-adv,высоко,,kaikki-ru,CC BY-SA 4.0
neu:1,neu,новый,,kaikki-ru,CC BY-SA 4.0
hier:1,hier,"здесь, тут",,kaikki-ru,CC BY-SA 4.0
um-adv:1,um-adv,кругом,,kaikki-ru,CC BY-SA 4.0
um-conj:1,um-conj,"чтобы, с целью, для",,kaikki-ru,CC BY-SA 4.0
international:1,international,международный; интернациональный,,kaikki-ru,CC BY-SA 4.0
normal:1,normal,"нормальный, обыкновенный, обычный",,kaikki-ru,CC BY-SA 4.0
normal:2,normal,"психически нормальный, находящийся в здравом уме (о человеке)",,kaikki-ru,CC BY-SA 4.0
mit:1,mit,"с, с помощью",,kaikki-ru,CC BY-SA 4.0
mit:2,mit,на,,kaikki-ru,CC BY-SA 4.0
abflug:1,abflug,"вылет, взлёт, отправление (самолёта); старт",,kaikki-ru,CC BY-SA 4.0
abflug:2,abflug,отлёт (птиц),,kaikki-ru,CC BY-SA 4.0
bahnsteig:1,bahnsteig,"ж.-д. платформа, перрон",,kaikki-ru,CC BY-SA 4.0
dank:1,dank,благодарность,,kaikki-ru,CC BY-SA 4.0
durst:1,durst,"жажда, сильное желание пить",,kaikki-ru,CC BY-SA 4.0
durst:2,durst,"перен. (nach D) жажда, сильное желание чего-либо",,kaikki-ru,CC BY-SA 4.0
dusche:1,dusche,душ (процедура),,kaikki-ru,CC BY-SA 4.0
dusche:2,dusche,душ (устройство),,kaikki-ru,CC BY-SA 4.0
entschuldigung:1,entschuldigung,"извинение, оправдание",,kaikki-ru,CC BY-SA 4.0
entschuldigung:2,entschuldigung,оправдательный документ; документ с извинениями,,kaikki-ru,CC BY-SA 4.0
feier:1,feier,праздник,,kaikki-ru,CC BY-SA 4.0
gast:1,gast,"гость, гостья",,kaikki-ru,CC BY-SA 4.0
gast:2,gast,"постоялец, приезжий, приезжая (в гостинице); отдыхающий, отдыхающая (в санатории, на курорте); пассажир",,kaikki-ru,CC BY-SA 4.0
gast:3,gast,"театр. гастролёр, гастролёрша",,kaikki-ru,CC BY-SA 4.0
herd:1,herd,"очаг, плита",,kaikki-ru,CC BY-SA 4.0
herd:2,herd,"перен. домашний очаг, дом",,kaikki-ru,CC BY-SA 4.0
herd:3,herd,"очаг (центр, средоточие), эпицентр (ядерного взрыва)",,kaikki-ru,CC BY-SA 4.0
herd:4,herd,"мед. очаг, гнездо, фокус",,kaikki-ru,CC BY-SA 4.0
herd:5,herd,"техн. горнило, горн; под (печи); рабочее пространство (печи); камера плавления",,kaikki-ru,CC BY-SA 4.0
herd:6,herd,горн. концентрационный стол (обогащения); вашгерд (для промывки россыпей),,kaikki-ru,CC BY-SA 4.0
hochzeit:1,hochzeit,"свадьба, брак",,kaikki-ru,CC BY-SA 4.0
speisekarte:1,speisekarte,"меню (в ресторане, кафе)",,kaikki-ru,CC BY-SA 4.0
gepaeck:1,gepaeck,багаж,,kaikki-ru,CC BY-SA 4.0
oel:1,oel,"масло жидкое, растительное либо машинное",,kaikki-ru,CC BY-SA 4.0
oel:2,oel,масло масляные краски,,kaikki-ru,CC BY-SA 4.0
oel:3,oel,"нефть, топочный мазут",,kaikki-ru,CC BY-SA 4.0
termin:1,termin,"назначенный час, время встречи, в особенности деловой; назначенный срок; ср. Abgabetermin. Notfalls können wir den Termin um eine Stunde verlegen.",,kaikki-ru,CC BY-SA 4.0
termin:2,termin,"деловая встреча как таковая, посещение врача и т. п. Nächste Woche hab' ich keine Zeit, ich hab' lauter Termine.",,kaikki-ru,CC BY-SA 4.0
test:1,test,испытание (тж. тех.); проба; опробование,,kaikki-ru,CC BY-SA 4.0
test:2,test,"психол. тест, испытание",,kaikki-ru,CC BY-SA 4.0
test:3,test,матем. тест; критерий,,kaikki-ru,CC BY-SA 4.0
text:1,text,текст,,kaikki-ru,CC BY-SA 4.0
thema:1,thema,тема,,kaikki-ru,CC BY-SA 4.0
unterricht:1,unterricht,"преподавание, обучение; (учебные) занятия, уроки",,kaikki-ru,CC BY-SA 4.0
lieben:1,lieben,любить,,kaikki-ru,CC BY-SA 4.0
arbeiten:1,arbeiten,"работать, трудиться; заниматься; действовать; функционировать",,kaikki-ru,CC BY-SA 4.0
baden:1,baden,"купаться, купать",,kaikki-ru,CC BY-SA 4.0
baden:2,baden,принимать ванну,,kaikki-ru,CC BY-SA 4.0
brauchen:1,brauchen,"употреблять (что-л.), пользоваться (чем-л.)",,kaikki-ru,CC BY-SA 4.0
brauchen:2,brauchen,нуждаться (в чём-л.),,kaikki-ru,CC BY-SA 4.0
brauchen:3,brauchen,"использовать, расходовать",,kaikki-ru,CC BY-SA 4.0
brauchen:4,brauchen,"(с отрицанием + zu + inf) не нужно, не стоит, не следует (делать чего-л.)",,kaikki-ru,CC BY-SA 4.0
danken:1,danken,(j-m für A) благодарить (кого-л. за что-л.),,kaikki-ru,CC BY-SA 4.0
danken:2,danken,"отвечать (на приветствие, приглашение)",,kaikki-ru,CC BY-SA 4.0
fragen:1,fragen,"(nach D, wegen G) спрашивать, справляться, осведомляться, задавать вопрос(ы) (о ком-л., о чём-л.)",,kaikki-ru,CC BY-SA 4.0
fragen:2,fragen,юр. допрашивать,,kaikki-ru,CC BY-SA 4.0
fragen:3,fragen,предъявлять спрос (на что-л.),,kaikki-ru,CC BY-SA 4.0
fruehstuecken:1,fruehstuecken,завтракать,,kaikki-ru,CC BY-SA 4.0
glauben:1,glauben,"полагать, думать; верить",,kaikki-ru,CC BY-SA 4.0
glauben:2,glauben,"верить (в кого-л., во что-л.), веровать (во что-л.)",,kaikki-ru,CC BY-SA 4.0
hoeren:1,hoeren,слышать; слушать,,kaikki-ru,CC BY-SA 4.0
hoeren:2,hoeren,"слушать, слушаться; выслушать (кого-л., чьё-л. мнение)",,kaikki-ru,CC BY-SA 4.0
kaufen:1,kaufen,покупать (купить),,kaikki-ru,CC BY-SA 4.0
kochen:1,kochen,"варить, готовить (пищу); стряпать; кипятить",,kaikki-ru,CC BY-SA 4.0
kochen:2,kochen,вариться; кипеть (тж. перен.),,kaikki-ru,CC BY-SA 4.0
kosten:1,kosten,"стоить (чего-л.), обходиться (в какую-л. сумму)",,kaikki-ru,CC BY-SA 4.0
lachen:1,lachen,"смеяться, хохотать",,kaikki-ru,CC BY-SA 4.0
lachen:2,lachen,(über A) смеяться (над кем-либо / чем-либо),,kaikki-ru,CC BY-SA 4.0
lachen:3,lachen,"спец. метить (дерево, предназначенное для срубки); делать зарубки (на дереве)",,kaikki-ru,CC BY-SA 4.0
lachen:4,lachen,надрезать (кору для сбора живицы),,kaikki-ru,CC BY-SA 4.0
leben:1,leben,"жить; быть, существовать",,kaikki-ru,CC BY-SA 4.0
lernen:1,lernen,"учиться, обучаться, научиться (чему-л.); учить, изучать, выучить (что-л.)",,kaikki-ru,CC BY-SA 4.0
machen:1,machen,"делать, совершать, выполнить (какую-л. работу); заниматься (чем-л.)",,kaikki-ru,CC BY-SA 4.0
machen:2,machen,"делать, изготовлять, производить",,kaikki-ru,CC BY-SA 4.0
machen:3,machen,делать; поступать (каким-л. образом),,kaikki-ru,CC BY-SA 4.0
machen:4,machen,"приводить в порядок, убирать; приготовлять",,kaikki-ru,CC BY-SA 4.0
machen:5,machen,"заставлять, побуждать (делать что-л.)",,kaikki-ru,CC BY-SA 4.0
rauchen:1,rauchen,дымить; дымиться; чадить,,kaikki-ru,CC BY-SA 4.0
rauchen:2,rauchen,курить,,kaikki-ru,CC BY-SA 4.0
regnen:1,regnen,безл. es regnet — идёт дождь,,kaikki-ru,CC BY-SA 4.0
reisen:1,reisen,"путешествовать, ездить",,kaikki-ru,CC BY-SA 4.0
reisen:2,reisen,"уезжать, отправляться (в путь, в путешествие)",,kaikki-ru,CC BY-SA 4.0
reisen:3,reisen,быть коммивояжёром,,kaikki-ru,CC BY-SA 4.0
sagen:1,sagen,"сказать, говорить",,kaikki-ru,CC BY-SA 4.0
sagen:2,sagen,"значить, означать",,kaikki-ru,CC BY-SA 4.0
schmecken:1,schmecken,"пробовать на вкус, отведывать",,kaikki-ru,CC BY-SA 4.0
schmecken:2,schmecken,иметь вкус,,kaikki-ru,CC BY-SA 4.0
schmecken:3,schmecken,быть по вкусу,,kaikki-ru,CC BY-SA 4.0
spielen:1,spielen,играть,,kaikki-ru,CC BY-SA 4.0
suchen:1,suchen,"искать, разыскивать",,kaikki-ru,CC BY-SA 4.0
suchen:2,suchen,"собирать, искать",,kaikki-ru,CC BY-SA 4.0
suchen:3,suchen,"искать, жаждать (чего-либо), стремиться (к чему-либо)",,kaikki-ru,CC BY-SA 4.0
suchen:4,suchen,"пытаться, стараться; домогаться (чего-либо)",,kaikki-ru,CC BY-SA 4.0
tanzen:1,tanzen,"танцевать, плясать",,kaikki-ru,CC BY-SA 4.0
warten:1,warten,"(auf A) ждать (кого-л., чего-л.), ожидать, дожидаться",,kaikki-ru,CC BY-SA 4.0
wohnen:1,wohnen,"жить, обитать; проживать (в каком-л. месте)",,kaikki-ru,CC BY-SA 4.0
kriegen:1,kriegen,получать,,kaikki-ru,CC BY-SA 4.0
legen:1,legen,"класть (положить), укладывать (уложить)",,kaikki-ru,CC BY-SA 4.0
legen:2,legen,"сажать (овощи, растения)",,kaikki-ru,CC BY-SA 4.0
legen:3,legen,помещать (поместить),,kaikki-ru,CC BY-SA 4.0
legen:4,legen,"биол. откладывать, нести (яйца)",,kaikki-ru,CC BY-SA 4.0
abfahren:1,abfahren,"отъезжать, отплывать, отходить;отправляться, трогаться, уезжать",,kaikki-ru,CC BY-SA 4.0
abfahren:2,abfahren,"неперех. сворачивать (с пути), изменять направление",,kaikki-ru,CC BY-SA 4.0
abfahren:3,abfahren,изнашиваться (о шинах),,kaikki-ru,CC BY-SA 4.0
abfahren:4,abfahren,"перех. объезжать, объездить, изъездить",,kaikki-ru,CC BY-SA 4.0
abfahren:5,abfahren,"перех. вывозить; свозить, увозить",,kaikki-ru,CC BY-SA 4.0
abfahren:6,abfahren,"отдавливать, отрезать (колёсами); отбивать, разрушать (при наезде)",,kaikki-ru,CC BY-SA 4.0
abfahren:7,abfahren,"изнашивать, портить (ездой)",,kaikki-ru,CC BY-SA 4.0
abfahren:8,abfahren,плениться,,kaikki-ru,CC BY-SA 4.0
abgeben:1,abgeben,"отдавать, сдавать",,kaikki-ru,CC BY-SA 4.0
abgeben:2,abgeben,"спорт. пасовать, подавать",,kaikki-ru,CC BY-SA 4.0
abgeben:3,abgeben,форма настоящего времени первого лица множественного числа изъявительного наклонения глагола abgeben,,kaikki-ru,CC BY-SA 4.0
abgeben:4,abgeben,форма настоящего времени третьего лица множественного числа изъявительного наклонения глагола abgeben,,kaikki-ru,CC BY-SA 4.0
anbieten:1,anbieten,предлагать,,kaikki-ru,CC BY-SA 4.0
anbieten:2,anbieten,угощать; подносить,,kaikki-ru,CC BY-SA 4.0
anbieten:3,anbieten,экон. делать оферту,,kaikki-ru,CC BY-SA 4.0
anbieten:4,anbieten,форма настоящего времени первого лица множественного числа изъявительного наклонения глагола anbieten,,kaikki-ru,CC BY-SA 4.0
anbieten:5,anbieten,форма настоящего времени третьего лица множественного числа изъявительного наклонения глагола anbieten,,kaikki-ru,CC BY-SA 4.0
anfangen:1,anfangen,начинать,,kaikki-ru,CC BY-SA 4.0
anfangen:2,anfangen,начинаться,,kaikki-ru,CC BY-SA 4.0
ankommen:1,ankommen,"прибывать, приходить, приезжать",,kaikki-ru,CC BY-SA 4.0
ankommen:2,ankommen,спорт. финишировать,,kaikki-ru,CC BY-SA 4.0
ankommen:3,ankommen,"(bei D) подступать, подходить (к кому-л., к чему-либо)",,kaikki-ru,CC BY-SA 4.0
ankommen:4,ankommen,"(bei D) быть принятым (кем-л.), встречать приём (у кого-л.) ◆ Mit seiner unkonventionellen und radikal ehrlichen Kunst konnte der junge Maler zunächst nicht bei den etablierten Kritikern ankommen, fand jedoch eine begeisterte Fangemeinde unter der jüngeren Generation. — Со своим нетрадиционным и радикально честным искусством молодой художник поначалу не мог быть принят признанными критиками, однако нашёл восторженное сообщество поклонников среди молодого поколения.",,kaikki-ru,CC BY-SA 4.0
ankommen:5,ankommen,"быть принятым (на место), устроиться ◆ Nach zahlreichen Absagen und enttäuschenden Vorstellungsgesprächen gelang es ihm endlich, bei einer innovativen Tech-Firma in Berlin anzukommen, wo man seine kreativen Ideen sofort zu schätzen wusste. — После многочисленных отказов и разочаровывающих собеседований ему наконец удалось устроиться в инновационную IT-компанию в Берлине, где его творческие идеи сразу же оценили по достоинству.",,kaikki-ru,CC BY-SA 4.0
ankommen:6,ankommen,"(gegen A) тягаться, мериться (с кем-л.) ◆ Als Newcomer in der Liga wusste das junge Team, dass es mit den etablierten, erfahrenen Mannschaften noch nicht wirklich ankommen konnte, aber es kämpfte in jedem Spiel um Respekt und Erfahrung. — Как новичок в лиге, молодая команда понимала, что она пока не может по-настоящему тягаться с устоявшимися, опытными коллективами, но в каждом матче она боролась за уважение и опыт.",,kaikki-ru,CC BY-SA 4.0
ankommen:7,ankommen,"(auf A) зависеть (от кого-л., от чего-л.), определяться (чем-л.) ◆ Der Erfolg des gesamten Projekts wird letztlich darauf ankommen, ob es gelingt, die letzten technischen Hürden zu überwinden und die Finanzierung für die entscheidende Phase zu sichern. — Успех всего проекта в конечном счёте будет зависеть от того, удастся ли преодолеть последние технические препятствия и обеспечить финансирование решающего этапа.",,kaikki-ru,CC BY-SA 4.0
ankommen:8,ankommen,"охватывать, овладевать (о чувствах) ◆ In der Stille des alten Waldes kam eine tiefe, fast vergessene Ruhe über sie, die alle Sorgen des Alltags für einen kurzen Moment verschwinden ließ. — В тишине старого леса её охватило глубокое, почти забытое спокойствие, заставившее все повседневные заботы на мгновение исчезнуть.",,kaikki-ru,CC BY-SA 4.0
ankommen:9,ankommen,иметь существенное значение (для кого-либо),,kaikki-ru,CC BY-SA 4.0
ankommen:10,ankommen,форма настоящего времени первого лица множественного числа изъявительного наклонения глагола ankommen,,kaikki-ru,CC BY-SA 4.0
ankommen:11,ankommen,форма настоящего времени третьего лица множественного числа изъявительного наклонения глагола ankommen,,kaikki-ru,CC BY-SA 4.0
ankreuzen:1,ankreuzen,отмечать (обычно крестиком),,kaikki-ru,CC BY-SA 4.0
anmachen:1,anmachen,кулин. заправлять,,kaikki-ru,CC BY-SA 4.0
anmachen:2,anmachen,разг. замешивать что-либо,,kaikki-ru,CC BY-SA 4.0
anmachen:3,anmachen,разг. разводить (костер),,kaikki-ru,CC BY-SA 4.0
anmachen:4,anmachen,разг. включать,,kaikki-ru,CC BY-SA 4.0
anmachen:5,anmachen,разг. заканчивать какую-либо работу,,kaikki-ru,CC BY-SA 4.0
anmachen:6,anmachen,разг. (jmdn.) флиртовать,,kaikki-ru,CC BY-SA 4.0
anmachen:7,anmachen,"разг. доводить до ссоры, до конфликта",,kaikki-ru,CC BY-SA 4.0
anmachen:8,anmachen,возбуждать аппетит,,kaikki-ru,CC BY-SA 4.0
antworten:1,antworten,"отвечать, давать ответ",,kaikki-ru,CC BY-SA 4.0
antworten:2,antworten,"реагировать, отвечать (на раздражение)",,kaikki-ru,CC BY-SA 4.0
antworten:3,antworten,"устар. отвечать, соответствовать чему-либо",,kaikki-ru,CC BY-SA 4.0
aufstehen:1,aufstehen,"вставать, подниматься",,kaikki-ru,CC BY-SA 4.0
aufstehen:2,aufstehen,"восставать, подниматься на борьбу",,kaikki-ru,CC BY-SA 4.0
aufstehen:3,aufstehen,"возникать, зарождаться (о чувстве и т. п.)",,kaikki-ru,CC BY-SA 4.0
aufstehen:4,aufstehen,"быть открытым (о двери, окне)",,kaikki-ru,CC BY-SA 4.0
aufstehen:5,aufstehen,фин. объявлять себя банкротом,,kaikki-ru,CC BY-SA 4.0
aussehen:1,aussehen,выглядеть,,kaikki-ru,CC BY-SA 4.0
aussehen:2,aussehen,форма настоящего времени первого лица множественного числа изъявительного наклонения глагола aussehen,,kaikki-ru,CC BY-SA 4.0
aussehen:3,aussehen,форма настоящего времени третьего лица множественного числа изъявительного наклонения глагола aussehen,,kaikki-ru,CC BY-SA 4.0
bedeuten:1,bedeuten,"значить, означать; иметь значение",,kaikki-ru,CC BY-SA 4.0
beginnen:1,beginnen,"начинать (что-л., mit D что-л. с чего-л.); приступать (к чему-л.)",,kaikki-ru,CC BY-SA 4.0
beginnen:2,beginnen,"делать, предпринимать; затевать",,kaikki-ru,CC BY-SA 4.0
bekommen:1,bekommen,получать; приобретать,,kaikki-ru,CC BY-SA 4.0
bekommen:2,bekommen,форма настоящего времени первого лица множественного числа изъявительного наклонения глагола bekommen,,kaikki-ru,CC BY-SA 4.0
bekommen:3,bekommen,форма настоящего времени третьего лица множественного числа изъявительного наклонения глагола bekommen,,kaikki-ru,CC BY-SA 4.0
benutzen:1,benutzen,"пользоваться (чем-л.), использовать (кого-л., что-л.), употреблять (что-л.)",,kaikki-ru,CC BY-SA 4.0
besuchen:1,besuchen,"посещать, навещать",,kaikki-ru,CC BY-SA 4.0
besuchen:2,besuchen,"наведываться, проведывать",,kaikki-ru,CC BY-SA 4.0
bezahlen:1,bezahlen,"оплатить, платить за что-либо",,kaikki-ru,CC BY-SA 4.0
bitten:1,bitten,просить,,kaikki-ru,CC BY-SA 4.0
bitten:2,bitten,приглашать (на что-либо),,kaikki-ru,CC BY-SA 4.0
bitten:3,bitten,форма настоящего времени первого лица множественного числа изъявительного наклонения глагола bitten,,kaikki-ru,CC BY-SA 4.0
bitten:4,bitten,форма настоящего времени третьего лица множественного числа изъявительного наклонения глагола bitten,,kaikki-ru,CC BY-SA 4.0
bleiben:1,bleiben,"оставаться, остаться (где-либо)",,kaikki-ru,CC BY-SA 4.0
bleiben:2,bleiben,"оставаться (кем-либо, каким-либо)",,kaikki-ru,CC BY-SA 4.0
bleiben:3,bleiben,продолжать (делать что-либо),,kaikki-ru,CC BY-SA 4.0
bleiben:4,bleiben,"оставаться, сохраняться (в наличии, после расходования); получаться (в остатке, при вычитании)",,kaikki-ru,CC BY-SA 4.0
bleiben:5,bleiben,форма настоящего времени первого лица множественного числа изъявительного наклонения глагола bleiben,,kaikki-ru,CC BY-SA 4.0
bleiben:6,bleiben,форма настоящего времени третьего лица множественного числа изъявительного наклонения глагола bleiben,,kaikki-ru,CC BY-SA 4.0
bringen:1,bringen,"приносить, привозить; относить, отвозить, доставлять (что-либо куда-либо)",,kaikki-ru,CC BY-SA 4.0
bringen:2,bringen,"приводить, доставлять, провожать, сопровождать (кого-либо куда-либо)",,kaikki-ru,CC BY-SA 4.0
bringen:3,bringen,"приносить; преподносить, предлагать",,kaikki-ru,CC BY-SA 4.0
bringen:4,bringen,"перен. приносить, влечь за собой, оказывать (помощь и т. п.)",,kaikki-ru,CC BY-SA 4.0
bringen:5,bringen,"приводить (в какое-либо состояние), доводить (до чего-либо); заставлять (делать что-либо)",,kaikki-ru,CC BY-SA 4.0
bringen:6,bringen,"достигать, добиваться (чего-либо); осуществлять (что-либо)",,kaikki-ru,CC BY-SA 4.0
bringen:7,bringen,выводить (из состояния),,kaikki-ru,CC BY-SA 4.0
bringen:8,bringen,лишать (кого-либо чего-либо),,kaikki-ru,CC BY-SA 4.0
drucken:1,drucken,давить прессом,,kaikki-ru,CC BY-SA 4.0
drucken:2,drucken,печатать,,kaikki-ru,CC BY-SA 4.0
drucken:3,drucken,набивать (ткань),,kaikki-ru,CC BY-SA 4.0
einladen:1,einladen,"грузить, нагружать (судно); погружать; наваливать",,kaikki-ru,CC BY-SA 4.0
einladen:2,einladen,разг. уплетать,,kaikki-ru,CC BY-SA 4.0
einladen:3,einladen,приглашать,,kaikki-ru,CC BY-SA 4.0
erlauben:1,erlauben,позволять,,kaikki-ru,CC BY-SA 4.0
essen:1,essen,"есть, кушать",,kaikki-ru,CC BY-SA 4.0
essen:2,essen,форма настоящего времени первого лица множественного числа изъявительного наклонения глагола essen,,kaikki-ru,CC BY-SA 4.0
essen:3,essen,форма настоящего времени третьего лица множественного числа изъявительного наклонения глагола essen,,kaikki-ru,CC BY-SA 4.0
fahren:1,fahren,"возить, везти",,kaikki-ru,CC BY-SA 4.0
fahren:2,fahren,"управлять (автомашиной), водить, вести (автомашину)",,kaikki-ru,CC BY-SA 4.0
fahren:3,fahren,"техн. пускать, приводить в действие (установку)",,kaikki-ru,CC BY-SA 4.0
fahren:4,fahren,"радио., передавать",,kaikki-ru,CC BY-SA 4.0
fahren:5,fahren,"ехать, ездить",,kaikki-ru,CC BY-SA 4.0
fahren:6,fahren,"уезжать; идти, отправляться (о поезде и т. п.)",,kaikki-ru,CC BY-SA 4.0
fahren:7,fahren,ездить; кататься,,kaikki-ru,CC BY-SA 4.0
fahren:8,fahren,горн. опускаться (в шахту); подниматься (из шахты); передвигаться (в шахте),,kaikki-ru,CC BY-SA 4.0
fahren:9,fahren,указывает на быстрое движение,,kaikki-ru,CC BY-SA 4.0
fahren:10,fahren,форма настоящего времени первого лица множественного числа изъявительного наклонения глагола fahren,,kaikki-ru,CC BY-SA 4.0
fahren:11,fahren,форма настоящего времени третьего лица множественного числа изъявительного наклонения глагола fahren,,kaikki-ru,CC BY-SA 4.0
fernsehen:1,fernsehen,смотреть телевизор,,kaikki-ru,CC BY-SA 4.0
fernsehen:2,fernsehen,форма настоящего времени первого лица множественного числа изъявительного наклонения глагола fernsehen,,kaikki-ru,CC BY-SA 4.0
fernsehen:3,fernsehen,форма настоящего времени третьего лица множественного числа изъявительного наклонения глагола fernsehen,,kaikki-ru,CC BY-SA 4.0
finden:1,finden,"находить, отыскивать",,kaikki-ru,CC BY-SA 4.0
finden:2,finden,"находить, заставать",,kaikki-ru,CC BY-SA 4.0
finden:3,finden,"находить, считать, признавать",,kaikki-ru,CC BY-SA 4.0
finden:4,finden,"разг. ирон. стащить, похитить",,kaikki-ru,CC BY-SA 4.0
finden:5,finden,форма настоящего времени первого лица множественного числа изъявительного наклонения глагола finden,,kaikki-ru,CC BY-SA 4.0
finden:6,finden,форма настоящего времени третьего лица множественного числа изъявительного наклонения глагола finden,,kaikki-ru,CC BY-SA 4.0
fliegen:1,fliegen,"летать, лететь",,kaikki-ru,CC BY-SA 4.0
fliegen:2,fliegen,"перен. стремительно нестись, лететь",,kaikki-ru,CC BY-SA 4.0
fliegen:3,fliegen,"взлетать, разлетаться (с общим знач. «делать быстрое движение»)",,kaikki-ru,CC BY-SA 4.0
fliegen:4,fliegen,развеваться,,kaikki-ru,CC BY-SA 4.0
fliegen:5,fliegen,"трястись, дрожать",,kaikki-ru,CC BY-SA 4.0
fliegen:6,fliegen,перех. вести (самолёт),,kaikki-ru,CC BY-SA 4.0
fliegen:7,fliegen,"перех. транспортировать, перевозить, доставлять воздушным путём",,kaikki-ru,CC BY-SA 4.0
fliegen:8,fliegen,форма настоящего времени первого лица множественного числа изъявительного наклонения глагола fliegen,,kaikki-ru,CC BY-SA 4.0
fliegen:9,fliegen,форма настоящего времени третьего лица множественного числа изъявительного наклонения глагола fliegen,,kaikki-ru,CC BY-SA 4.0
gehen:1,gehen,"идти (в разн. знач.), ходить (обычно не говорится о животных)",,kaikki-ru,CC BY-SA 4.0
gehen:2,gehen,уходить; уезжать; отправляться,,kaikki-ru,CC BY-SA 4.0
gehen:3,gehen,увольняться,,kaikki-ru,CC BY-SA 4.0
gehen:4,gehen,"выходить, смотреть (на какую-либо сторону)",,kaikki-ru,CC BY-SA 4.0
gehen:5,gehen,"действовать, работать, функционировать",,kaikki-ru,CC BY-SA 4.0
gewinnen:1,gewinnen,(von D) выигрывать (у кого-л.),,kaikki-ru,CC BY-SA 4.0
gewinnen:2,gewinnen,добывать (полезные ископаемые),,kaikki-ru,CC BY-SA 4.0
gewinnen:3,gewinnen,"получать, приобретать (выгоду, влияние и т. п.)",,kaikki-ru,CC BY-SA 4.0
gewinnen:4,gewinnen,"(für A) склонять (к чему-л., на что-л.), привлекать, заинтересовать (чем-л.)",,kaikki-ru,CC BY-SA 4.0
gewinnen:5,gewinnen,"(an D, bei D) выиграть (в каком-л. отношении, при каких-л. обстоятельствах)",,kaikki-ru,CC BY-SA 4.0
gewinnen:6,gewinnen,извлекать выгоду (пользу) (из чего-л.),,kaikki-ru,CC BY-SA 4.0
gewinnen:7,gewinnen,форма настоящего времени первого лица множественного числа изъявительного наклонения глагола gewinnen,,kaikki-ru,CC BY-SA 4.0
gewinnen:8,gewinnen,форма настоящего времени третьего лица множественного числа изъявительного наклонения глагола gewinnen,,kaikki-ru,CC BY-SA 4.0
grillen:1,grillen,"поджаривать (на решётке, на гриле)",,kaikki-ru,CC BY-SA 4.0
haben:1,haben,"иметь (что-либо), владеть, обладать (чем-либо) — У него много друзей.",,kaikki-ru,CC BY-SA 4.0
haben:2,haben,"получать, приобретать",,kaikki-ru,CC BY-SA 4.0
haben:3,haben,(c zu + инфинитив) выражает долженствование — Нам остаётся ехать ещё час.,,kaikki-ru,CC BY-SA 4.0
haben:4,haben,"(c глаголом в форме причастия прошедшего времени — Partizip II) вспомогательный глагол для образования конструкций совершенного прошедшего времени (Perfekt) и предпрошедшего времени (Plusquamperfekt), на русский не переводится",,kaikki-ru,CC BY-SA 4.0
haben:5,haben,форма настоящего времени первого лица множественного числа изъявительного наклонения глагола haben,,kaikki-ru,CC BY-SA 4.0
haben:6,haben,форма настоящего времени третьего лица множественного числа изъявительного наклонения глагола haben,,kaikki-ru,CC BY-SA 4.0
halten:1,halten,держать,,kaikki-ru,CC BY-SA 4.0
halten:2,halten,"соблюдать, исполнять",,kaikki-ru,CC BY-SA 4.0
halten:3,halten,"иметь, держать",,kaikki-ru,CC BY-SA 4.0
halten:4,halten,"удерживать, задерживать",,kaikki-ru,CC BY-SA 4.0
halten:5,halten,"воен. удерживать, оборонять",,kaikki-ru,CC BY-SA 4.0
halten:6,halten,"считать, принимать (за кого-либо)",,kaikki-ru,CC BY-SA 4.0
halten:7,halten,"быть (какого-либо) мнения (о ком-либо, чём-либо)",,kaikki-ru,CC BY-SA 4.0
halten:8,halten,останавливаться,,kaikki-ru,CC BY-SA 4.0
halten:9,halten,"держаться, сохраняться",,kaikki-ru,CC BY-SA 4.0
halten:10,halten,придавать значение,,kaikki-ru,CC BY-SA 4.0
halten:11,halten,"держаться, придерживаться",,kaikki-ru,CC BY-SA 4.0
helfen:1,helfen,помогать,,kaikki-ru,CC BY-SA 4.0
helfen:2,helfen,форма настоящего времени первого лица множественного числа изъявительного наклонения глагола helfen,,kaikki-ru,CC BY-SA 4.0
helfen:3,helfen,форма настоящего времени третьего лица множественного числа изъявительного наклонения глагола helfen,,kaikki-ru,CC BY-SA 4.0
kennen:1,kennen,знать,,kaikki-ru,CC BY-SA 4.0
kennen:2,kennen,быть знакомым с кем-нибудь,,kaikki-ru,CC BY-SA 4.0
kommen:1,kommen,"приходить; идти (сюда); прибывать, приезжать",,kaikki-ru,CC BY-SA 4.0
kommen:2,kommen,подходить (к чему-л.); доходить (до чего-л.),,kaikki-ru,CC BY-SA 4.0
kommen:3,kommen,доноситься (о звуке),,kaikki-ru,CC BY-SA 4.0
kommen:4,kommen,"приближаться, наступать",,kaikki-ru,CC BY-SA 4.0
kommen:5,kommen,"идти, пойти, попадать (куда-л.)",,kaikki-ru,CC BY-SA 4.0
kommen:6,kommen,"идти, следовать (по очереди)",,kaikki-ru,CC BY-SA 4.0
kommen:7,kommen,"происходить, случаться",,kaikki-ru,CC BY-SA 4.0
kommen:8,kommen,"(D) подходить (к кому-л.), обращаться, обходиться (с кем-л.)",,kaikki-ru,CC BY-SA 4.0
kommen:9,kommen,приходиться (на долю кого-л.); доставаться (кому-л.),,kaikki-ru,CC BY-SA 4.0
kommen:10,kommen,"(auf A) додуматься (до чего-л.), догадываться (о чём-л.)",,kaikki-ru,CC BY-SA 4.0
kommen:11,kommen,(um A) лишиться (чего-л.); потерять (что-л.),,kaikki-ru,CC BY-SA 4.0
kommen:12,kommen,(с zu + inf) оказаться,,kaikki-ru,CC BY-SA 4.0
kommen:13,kommen,"(von) быть вызванным, быть причиной",,kaikki-ru,CC BY-SA 4.0
kommen:14,kommen,форма настоящего времени первого лица множественного числа изъявительного наклонения глагола kommen,,kaikki-ru,CC BY-SA 4.0
kommen:15,kommen,форма настоящего времени третьего лица множественного числа изъявительного наклонения глагола kommen,,kaikki-ru,CC BY-SA 4.0
laufen:1,laufen,бегать; бежать,,kaikki-ru,CC BY-SA 4.0
laufen:2,laufen,спорт. бегать; заниматься бегом,,kaikki-ru,CC BY-SA 4.0
laufen:3,laufen,"перен. пробегать, проходить, проноситься, распространяться",,kaikki-ru,CC BY-SA 4.0
laufen:4,laufen,"перен. происходить, протекать, идти",,kaikki-ru,CC BY-SA 4.0
laufen:5,laufen,"перен. проходить, пролегать, простираться, тянуться",,kaikki-ru,CC BY-SA 4.0
laufen:6,laufen,"перен. течь, протекать (давать протечку)",,kaikki-ru,CC BY-SA 4.0
laufen:7,laufen,"перен. идти, демонстрироваться (о фильме и т. п.)",,kaikki-ru,CC BY-SA 4.0
lesen:1,lesen,читать,,kaikki-ru,CC BY-SA 4.0
lesen:2,lesen,"читать лекции (студентам, слушателям)",,kaikki-ru,CC BY-SA 4.0
lesen:3,lesen,собирать (плоды и т. п.),,kaikki-ru,CC BY-SA 4.0
lesen:4,lesen,"перебирать, чистить (крупу и т. п.)",,kaikki-ru,CC BY-SA 4.0
lesen:5,lesen,форма настоящего времени первого лица множественного числа изъявительного наклонения глагола lesen,,kaikki-ru,CC BY-SA 4.0
lesen:6,lesen,форма настоящего времени третьего лица множественного числа изъявительного наклонения глагола lesen,,kaikki-ru,CC BY-SA 4.0
liegen:1,liegen,лежать; покоиться,,kaikki-ru,CC BY-SA 4.0
liegen:2,liegen,"лежать, находиться, располагаться, быть расположенным",,kaikki-ru,CC BY-SA 4.0
liegen:3,liegen,(an jmdm./etw) объясняться; зависеть (от); быть причиной,,kaikki-ru,CC BY-SA 4.0
liegen:4,liegen,"заключаться, состоять; таиться",,kaikki-ru,CC BY-SA 4.0
liegen:5,liegen,"(j-m) перен. касаться, затрагивать (кого-л.); подходить, годиться (кому-л.), интересовать (кого-л.)",,kaikki-ru,CC BY-SA 4.0
liegen:6,liegen,форма настоящего времени первого лица множественного числа изъявительного наклонения глагола liegen,,kaikki-ru,CC BY-SA 4.0
liegen:7,liegen,форма настоящего времени третьего лица множественного числа изъявительного наклонения глагола liegen,,kaikki-ru,CC BY-SA 4.0
nehmen:1,nehmen,"брать, взять",,kaikki-ru,CC BY-SA 4.0
nehmen:2,nehmen,форма настоящего времени первого лица множественного числа изъявительного наклонения глагола nehmen,,kaikki-ru,CC BY-SA 4.0
nehmen:3,nehmen,форма настоящего времени третьего лица множественного числа изъявительного наклонения глагола nehmen,,kaikki-ru,CC BY-SA 4.0
schlafen:1,schlafen,спать,,kaikki-ru,CC BY-SA 4.0
schlafen:2,schlafen,ночевать,,kaikki-ru,CC BY-SA 4.0
schlafen:3,schlafen,"перен. спать, переспать, состоять в интимной связи с кем-либо",,kaikki-ru,CC BY-SA 4.0
schlafen:4,schlafen,"перен. спать, зевать (перен.); прохлопывать, пропускать (по невнимательности)",,kaikki-ru,CC BY-SA 4.0
schreiben:1,schreiben,писать; написать; записывать,,kaikki-ru,CC BY-SA 4.0
schreiben:2,schreiben,форма настоящего времени первого лица множественного числа изъявительного наклонения глагола schreiben,,kaikki-ru,CC BY-SA 4.0
schreiben:3,schreiben,форма настоящего времени третьего лица множественного числа изъявительного наклонения глагола schreiben,,kaikki-ru,CC BY-SA 4.0
schwimmen:1,schwimmen,форма настоящего времени первого лица множественного числа изъявительного наклонения глагола schwimmen,,kaikki-ru,CC BY-SA 4.0
schwimmen:2,schwimmen,форма настоящего времени третьего лица множественного числа изъявительного наклонения глагола schwimmen,,kaikki-ru,CC BY-SA 4.0
sehen:1,sehen,смотреть; глядеть,,kaikki-ru,CC BY-SA 4.0
sehen:2,sehen,видеть,,kaikki-ru,CC BY-SA 4.0
sehen:3,sehen,"смотреть, присматривать, ухаживать (за кем-либо)",,kaikki-ru,CC BY-SA 4.0
sehen:4,sehen,выглядеть,,kaikki-ru,CC BY-SA 4.0
sehen:5,sehen,форма настоящего времени первого лица множественного числа изъявительного наклонения глагола sehen,,kaikki-ru,CC BY-SA 4.0
sehen:6,sehen,форма настоящего времени третьего лица множественного числа изъявительного наклонения глагола sehen,,kaikki-ru,CC BY-SA 4.0
sitzen:1,sitzen,сидеть,,kaikki-ru,CC BY-SA 4.0
sitzen:2,sitzen,находиться; иметь местожительство; сидеть (на одном месте),,kaikki-ru,CC BY-SA 4.0
sitzen:3,sitzen,разг. сидеть (в заключении),,kaikki-ru,CC BY-SA 4.0
sitzen:4,sitzen,"сидеть, приходиться по фигуре (об одежде)",,kaikki-ru,CC BY-SA 4.0
sitzen:5,sitzen,заседать; восседать,,kaikki-ru,CC BY-SA 4.0
sitzen:6,sitzen,форма настоящего времени первого лица множественного числа изъявительного наклонения глагола sitzen,,kaikki-ru,CC BY-SA 4.0
sitzen:7,sitzen,форма настоящего времени третьего лица множественного числа изъявительного наклонения глагола sitzen,,kaikki-ru,CC BY-SA 4.0
sollen:1,sollen,быть должным; быть обязанным; следовать; надлежать (кому-либо),,kaikki-ru,CC BY-SA 4.0
sollen:2,sollen,выражает согласие; пожелание; приказание или скрытую угрозу; в вопросительных предложениях и в косвенном вопросе часто переводится инфинитивом,,kaikki-ru,CC BY-SA 4.0
sollen:3,sollen,выражает возможность; вероятность,,kaikki-ru,CC BY-SA 4.0
sollen:4,sollen,выражает уступительное значение,,kaikki-ru,CC BY-SA 4.0
sollen:5,sollen,форма настоящего времени первого лица множественного числа изъявительного наклонения глагола sollen,,kaikki-ru,CC BY-SA 4.0
sollen:6,sollen,форма настоящего времени третьего лица множественного числа изъявительного наклонения глагола sollen,,kaikki-ru,CC BY-SA 4.0
sprechen:1,sprechen,"(mit j-m über A или von D) говорить, разговаривать (с кем-л. о ком-л., о чём-л.)",,kaikki-ru,CC BY-SA 4.0
sprechen:2,sprechen,"(auf A) отзываться, высказываться (о ком-л., о чём-л.)",,kaikki-ru,CC BY-SA 4.0
sprechen:3,sprechen,"выступать, говорить, докладывать, держать речь",,kaikki-ru,CC BY-SA 4.0
sprechen:4,sprechen,"перен. (aus D) говорить, выражать",,kaikki-ru,CC BY-SA 4.0
sprechen:5,sprechen,"(für A, gegen A) говорить, свидетельствовать (в пользу кого-л., чего-л., против кого-л., чего-л.)",,kaikki-ru,CC BY-SA 4.0
sprechen:6,sprechen,форма настоящего времени первого лица множественного числа изъявительного наклонения глагола sprechen,,kaikki-ru,CC BY-SA 4.0
sprechen:7,sprechen,форма настоящего времени третьего лица множественного числа изъявительного наклонения глагола sprechen,,kaikki-ru,CC BY-SA 4.0
stehen:1,stehen,стоять (находиться в вертикальном положении),,kaikki-ru,CC BY-SA 4.0
stehen:2,stehen,"стоять, находиться, располагаться, быть расположенным",,kaikki-ru,CC BY-SA 4.0
stehen:3,stehen,"пребывать, быть в каком-либо состоянии; стоять",,kaikki-ru,CC BY-SA 4.0
stehen:4,stehen,"стоять, не двигаться; не действовать, бездействовать",,kaikki-ru,CC BY-SA 4.0
stehen:5,stehen,"стоять (за кого-либо, за что-либо), поддерживать (кого-либо, что-либо)",,kaikki-ru,CC BY-SA 4.0
stellen:1,stellen,"ставить, помещать, устанавливать",,kaikki-ru,CC BY-SA 4.0
stellen:2,stellen,"определять, назначать",,kaikki-ru,CC BY-SA 4.0
stellen:3,stellen,"перен. ставить, ценить",,kaikki-ru,CC BY-SA 4.0
stellen:4,stellen,"направлять, ориентировать",,kaikki-ru,CC BY-SA 4.0
stellen:5,stellen,"представлять, вносить (предложение), задавать (вопрос)",,kaikki-ru,CC BY-SA 4.0
stellen:6,stellen,"(sich) становиться, стать, встать",,kaikki-ru,CC BY-SA 4.0
studieren:1,studieren,изучать,,kaikki-ru,CC BY-SA 4.0
studieren:2,studieren,учиться в вузе,,kaikki-ru,CC BY-SA 4.0
telefonieren:1,telefonieren,"телефонировать, звонить, разговаривать по телефону",,kaikki-ru,CC BY-SA 4.0
trinken:1,trinken,пить,,kaikki-ru,CC BY-SA 4.0
trinken:2,trinken,"неперех. пить, выпивать, пьянствовать",,kaikki-ru,CC BY-SA 4.0
trinken:3,trinken,форма настоящего времени первого лица множественного числа изъявительного наклонения глагола trinken,,kaikki-ru,CC BY-SA 4.0
trinken:4,trinken,форма настоящего времени третьего лица множественного числа изъявительного наклонения глагола trinken,,kaikki-ru,CC BY-SA 4.0
tun:1,tun,"делать, сделать, совершать, выполнять, исполнять",,kaikki-ru,CC BY-SA 4.0
tun:2,tun,помещать (кого-либо или чего-либо куда-либо),,kaikki-ru,CC BY-SA 4.0
tun:3,tun,"обозначает действие, на характер которого указывает существительное .",,kaikki-ru,CC BY-SA 4.0
tun:4,tun,"притворяться, делать вид",,kaikki-ru,CC BY-SA 4.0
verkaufen:1,verkaufen,продавать,,kaikki-ru,CC BY-SA 4.0
verkaufen:2,verkaufen,продать,,kaikki-ru,CC BY-SA 4.0
verstehen:1,verstehen,"понимать, осознавать; разуметь, подразумевать",,kaikki-ru,CC BY-SA 4.0
verstehen:2,verstehen,"понимать, разбирать, различать (на слух)",,kaikki-ru,CC BY-SA 4.0
verstehen:3,verstehen,"уметь; знать (напр, какой-л иностранный язык); владеть (каким-л умением)",,kaikki-ru,CC BY-SA 4.0
verstehen:4,verstehen,sich ~ понимать друг друга,,kaikki-ru,CC BY-SA 4.0
verstehen:5,verstehen,"sich ~ (auf A) знать толк, разбираться (в чём-л)",,kaikki-ru,CC BY-SA 4.0
wandern:1,wandern,"путешествовать (пешком); странствовать, бродить, скитаться; заниматься туризмом",,kaikki-ru,CC BY-SA 4.0
wandern:2,wandern,"блуждать, перемещаться",,kaikki-ru,CC BY-SA 4.0
werden:1,werden,"становиться, делаться",,kaikki-ru,CC BY-SA 4.0
werden:2,werden,используется в качестве вспомогательного глагола для образования будущего времени (Futur),,kaikki-ru,CC BY-SA 4.0
werden:3,werden,используется в качестве вспомогательного глагола для образования страдательного залога (Passiv),,kaikki-ru,CC BY-SA 4.0
werden:4,werden,форма настоящего времени первого лица множественного числа изъявительного наклонения глагола werden,,kaikki-ru,CC BY-SA 4.0
werden:5,werden,форма настоящего времени третьего лица множественного числа изъявительного наклонения глагола werden,,kaikki-ru,CC BY-SA 4.0
wiederholen:1,wiederholen,повторять,,kaikki-ru,CC BY-SA 4.0
wissen:1,wissen,"(von D, um A) знать (что-л. о ком-л., о чём-л.)",,kaikki-ru,CC BY-SA 4.0
wollen:1,wollen,шерстяной,,kaikki-ru,CC BY-SA 4.0
wollen-verb:1,wollen-verb,"хотеть, желать; стремиться",,kaikki-ru,CC BY-SA 4.0
wollen-verb:2,wollen-verb,"хотеть, требовать, добиваться",,kaikki-ru,CC BY-SA 4.0
wollen-verb:3,wollen-verb,"хотеть, собираться, намереваться",,kaikki-ru,CC BY-SA 4.0
wollen-verb:4,wollen-verb,утверждать,,kaikki-ru,CC BY-SA 4.0
zahlen:1,zahlen,платить,,kaikki-ru,CC BY-SA 4.0
broetchen:1,broetchen,"булка, булочка, хлебец",,kaikki-ru,CC BY-SA 4.0
bei:1,bei,"у, при, под, возле, подле (указывает на местонахождение поблизости от кого-либо, чего-либо)",,kaikki-ru,CC BY-SA 4.0
bei:2,bei,"при, во время, на, по, в (указывает на время; сочетание его с существительным может переводиться на русский творительным падежом соответствующего существительного)",,kaikki-ru,CC BY-SA 4.0
bei:3,bei,"за, при, во время (указывает на занятие, состояние)",,kaikki-ru,CC BY-SA 4.0
bei:4,bei,"при, в, под (указывает на условие, обстоятельства)",,kaikki-ru,CC BY-SA 4.0
bei:5,bei,"у (указывает на связь с лицом, учреждением или организацией)",,kaikki-ru,CC BY-SA 4.0
bei:6,bei,"при, в (указывает на обладание чем-либо, наличие чего-либо)",,kaikki-ru,CC BY-SA 4.0
bei:7,bei,"в клятвах, просьбах и т. п. сочетание его с существительным переводится на русский язык творительным падежом",,kaikki-ru,CC BY-SA 4.0
bei:8,bei,"за (указывает на то, за что берутся)",,kaikki-ru,CC BY-SA 4.0
bei:9,bei,около (указывает при числительных на примерное количество),,kaikki-ru,CC BY-SA 4.0
auskunft:1,auskunft,"справка; сведения, информация",,kaikki-ru,CC BY-SA 4.0
auskunft:2,auskunft,справочная; справочное бюро,,kaikki-ru,CC BY-SA 4.0
auskunft:3,auskunft,выход (из положения),,kaikki-ru,CC BY-SA 4.0
drucker:1,drucker,"печатник, набойщик",,kaikki-ru,CC BY-SA 4.0
drucker:2,drucker,"принтер, печатное устройство",,kaikki-ru,CC BY-SA 4.0
bis-prep:1,bis-prep,"(указывает на предел в пространстве или во времени) до, вплоть до — В своём путешествии он дошёл до Индии — Совещание продолжалось с 5 по 9 мая.",,kaikki-ru,CC BY-SA 4.0
bis-prep:2,bis-prep,"(указывает на приблизительное количество) от … до, c … по — восемь-девять часов, от восьми до девяти часов — восемь-девять раз, от восьми до девяти раз",,kaikki-ru,CC BY-SA 4.0
sich:1,sich,(в A) себя,,kaikki-ru,CC BY-SA 4.0
sich:2,sich,(в D) себе,,kaikki-ru,CC BY-SA 4.0
sich:3,sich,в составе возвратных глаголов обычно переводится русской частицей -ся/-сь в возвратном глаголе,,kaikki-ru,CC BY-SA 4.0
ab-adv:1,ab-adv,вниз (направление сверху вниз),,kaikki-ru,CC BY-SA 4.0
ab-adv:2,ab-adv,(указывает на исчезание какого-либо объекта),,kaikki-ru,CC BY-SA 4.0
zurueck:1,zurueck,"(про направление в пространстве) назад, в обратную сторону",,kaikki-ru,CC BY-SA 4.0
zurueck:2,zurueck,"обратно
Er ist noch nicht zurück. — Он ещё не вернулся.",,kaikki-ru,CC BY-SA 4.0
zurueck:3,zurueck,"позади, сзади
Sie ist noch weit zurück. — Она ещё далеко позади.",,kaikki-ru,CC BY-SA 4.0
zurueck:4,zurueck,"(про время) тому назад
zehn Jahre zurück — десять лет тому назад",,kaikki-ru,CC BY-SA 4.0
zwischen:1,zwischen,"(D, указывает на местонахождение) между, среди",,kaikki-ru,CC BY-SA 4.0
zwischen:2,zwischen,"(A, указывает на направление) между, среди",,kaikki-ru,CC BY-SA 4.0
zwischen:3,zwischen,"(D, указывает на время) между",,kaikki-ru,CC BY-SA 4.0
zwischen:4,zwischen,"(D, указывает на объекты взаимодействия) между",,kaikki-ru,CC BY-SA 4.0
ueber:1,ueber,"над, поверх (указывает на местонахождение: где?)",,kaikki-ru,CC BY-SA 4.0
ueber:2,ueber,"над, поверх, на (указывает на направление: куда?)",,kaikki-ru,CC BY-SA 4.0
ueber:3,ueber,по; через (указывает на распространение по поверхности или преодоление препятствия),,kaikki-ru,CC BY-SA 4.0
ueber:4,ueber,"за, через (указывает на местонахождение по ту сторону)",,kaikki-ru,CC BY-SA 4.0
ueber:5,ueber,"через, по истечении; в течение (указывает на время)",,kaikki-ru,CC BY-SA 4.0
ueber:6,ueber,"более, выше, свыше, сверх (указывает на превышение какого-либо предела)",,kaikki-ru,CC BY-SA 4.0
ueber:7,ueber,"над (указывает на преимущество, преобладание, господство, главенство)",,kaikki-ru,CC BY-SA 4.0
ueber:8,ueber,"о; по поводу; из-за; над (указывает на содержание чего-либо, отношение к кому-либо, чему-либо)",,kaikki-ru,CC BY-SA 4.0
ueber:9,ueber,"над, за (указывает на занятие, на сосредоточенность на чём-либо)",,kaikki-ru,CC BY-SA 4.0
ueber:10,ueber,"от, из-за, по (указывает на причину, источник)",,kaikki-ru,CC BY-SA 4.0
ueber:11,ueber,"за, на (указывает на прирост, увеличение, скопление)",,kaikki-ru,CC BY-SA 4.0
unter:1,unter,под,,kaikki-ru,CC BY-SA 4.0
unter:2,unter,"среди, между",,kaikki-ru,CC BY-SA 4.0
unter:3,unter,"ниже, меньше",,kaikki-ru,CC BY-SA 4.0
unter:4,unter,"при, под, с, в",,kaikki-ru,CC BY-SA 4.0
unter-adj:1,unter-adj,нижний,,kaikki-ru,CC BY-SA 4.0
unter-adj:2,unter-adj,младший (о классе),,kaikki-ru,CC BY-SA 4.0
unter-adj:3,unter-adj,низший,,kaikki-ru,CC BY-SA 4.0
fuer:1,fuer,"для (указывает на предназначенность для кого-либо, чего-либо)",,kaikki-ru,CC BY-SA 4.0
fuer:2,fuer,"за, ради, в пользу, на стороне",,kaikki-ru,CC BY-SA 4.0
fuer:3,fuer,"за, вместо, взамен (указывает на замену одного лица или предмета другим)",,kaikki-ru,CC BY-SA 4.0
fuer:4,fuer,"за, на (указывает на цену, количество)",,kaikki-ru,CC BY-SA 4.0
fuer:5,fuer,"на (указывает на срок, ограниченность во времени)",,kaikki-ru,CC BY-SA 4.0
fuer:6,fuer,"против, от (указывает на средство против чего-либо)",,kaikki-ru,CC BY-SA 4.0
fuer:7,fuer,"за, в, из... в (указывает на последовательность или полное соответствие)",,kaikki-ru,CC BY-SA 4.0
fuer:8,fuer,"для (по меркам, сравнительно с)",,kaikki-ru,CC BY-SA 4.0
durch:1,durch,"через, сквозь, по, в (указывает на прохождение через что-либо) ◆ durch den Wald gehen — идти через лес, идти лесом ◆ ein Loch durch das Brett bohren — просверлить отверстие в доске ◆ durch das Fenster sehen — смотреть в окно",,kaikki-ru,CC BY-SA 4.0
durch:2,durch,по; на (указывает на распространение в пространстве или времени),,kaikki-ru,CC BY-SA 4.0
durch:3,durch,"через, благодаря, посредством, из (указывает на средство для достижения цели) ◆ durch Fleiß — благодаря прилежанию ◆ durch die Zeitung erfahren — узнать из газеты",,kaikki-ru,CC BY-SA 4.0
durch:4,durch,на (указывает на делитель),,kaikki-ru,CC BY-SA 4.0
durch-adv:1,durch-adv,"разг. насквозь, напролёт",,kaikki-ru,CC BY-SA 4.0
durch-adj:1,durch-adj,разг. выдержанный,,kaikki-ru,CC BY-SA 4.0
auf:1,auf,на чём-либо,,kaikki-ru,CC BY-SA 4.0
auf:2,auf,на что-либо,,kaikki-ru,CC BY-SA 4.0
aus-prep:1,aus-prep,из,,kaikki-ru,CC BY-SA 4.0
aus:1,aus,вне,,kaikki-ru,CC BY-SA 4.0
aus:2,aus,выключено (о приборах),,kaikki-ru,CC BY-SA 4.0
nach:1,nach,"(указывает на направвление) в, на, к, за",,kaikki-ru,CC BY-SA 4.0
nach:2,nach,"(указывает на последовательность во времени) после, через, спустя",,kaikki-ru,CC BY-SA 4.0
nach:3,nach,"(указывает на порядок следования чего-либо) за, после",,kaikki-ru,CC BY-SA 4.0
nach:4,nach,"(указывает на соответствие или следование чему-либо, в этом значении часто стоит после существительного) по, согласно, в соответствии с Это гравюра с картины Дюрера.",,kaikki-ru,CC BY-SA 4.0
ohne-prep:1,ohne-prep,(указывает на отсутствие чего-либо; неопределённый артикль опускается) без,,kaikki-ru,CC BY-SA 4.0
ohne-prep:2,ohne-prep,"(указывает на исключение) кроме, помимо, без, не считая, за исключением",,kaikki-ru,CC BY-SA 4.0
ohne:1,ohne,"(в составе инфинитивного оборота с zu) без того чтобы, на русский язык обычно переводится деепричастным оборотом с отрицанием",,kaikki-ru,CC BY-SA 4.0
ohne:2,ohne,"(как связка, вместе с daß) хотя … и не, если подлежащие главного и придаточного предложений совпадают, то сочетание его с глаголом переводится на русский язык деепричастным оборотом с отрицанием",,kaikki-ru,CC BY-SA 4.0
gestern:1,gestern,вчера,,kaikki-ru,CC BY-SA 4.0
heute:1,heute,"сегодня, днесь, ныне",,kaikki-ru,CC BY-SA 4.0
schnell:1,schnell,"быстрый, скорый, проворный, поспешный",,kaikki-ru,CC BY-SA 4.0
schnell:2,schnell,наклонённый ветром (о дереве),,kaikki-ru,CC BY-SA 4.0
schnell:3,schnell,частый,,kaikki-ru,CC BY-SA 4.0
schnell-adv:1,schnell-adv,"быстро, скоро, проворно, поспешно",,kaikki-ru,CC BY-SA 4.0
ein:1,ein,один,,kaikki-ru,CC BY-SA 4.0
zu:1,zu,"к, на; в (указывает на направление, конечный пункт движения)",,kaikki-ru,CC BY-SA 4.0
zu:2,zu,"в, на, по (указывает на местонахождение)",,kaikki-ru,CC BY-SA 4.0
zu:3,zu,"в, на, к (указывает на время)",,kaikki-ru,CC BY-SA 4.0
zu:4,zu,"для, к, на (указывает на назначение, цель)",,kaikki-ru,CC BY-SA 4.0
zu:5,zu,"в (указывает на переход в новое состояние, превращение)",,kaikki-ru,CC BY-SA 4.0
zu:6,zu,указывает на образ действия,,kaikki-ru,CC BY-SA 4.0
zu:7,zu,"к, с (указывает на отношение к кому-л., чему-л., соотношение с чем-л.)",,kaikki-ru,CC BY-SA 4.0
zu:8,zu,"за, по (указывает на стоимость чего-л.)",,kaikki-ru,CC BY-SA 4.0
zu:9,zu,к (указывает на добавление к чему-л.),,kaikki-ru,CC BY-SA 4.0
zu-adv:1,zu-adv,указывает на направление,,kaikki-ru,CC BY-SA 4.0
zu-adv:2,zu-adv,указывает на нахождение в закрытом состоянии,,kaikki-ru,CC BY-SA 4.0
zu-adv:3,zu-adv,указывает на продолжение какого-л. действия,,kaikki-ru,CC BY-SA 4.0
zu-adv:4,zu-adv,разг. в хлам (пьян),,kaikki-ru,CC BY-SA 4.0
zu-part:1,zu-part,слишком (усилительная частица),,kaikki-ru,CC BY-SA 4.0
zu-part:2,zu-part,частица перед инфинитивом,,kaikki-ru,CC BY-SA 4.0
zu-part:3,zu-part,частица перед причастием I,,kaikki-ru,CC BY-SA 4.0
spaet-noun:1,spaet-noun,"поздний, запоздалый",,kaikki-ru,CC BY-SA 4.0
spaet-adv:1,spaet-adv,поздно. — Всё остальное мы можем обсудить позже.,,kaikki-ru,CC BY-SA 4.0
wer-noun:1,wer-noun,(вопросительное местоимение) кто?,,kaikki-ru,CC BY-SA 4.0
wer-noun:2,wer-noun,(относительное местоимение) кто,,kaikki-ru,CC BY-SA 4.0
ich:1,ich,я,,kaikki-ru,CC BY-SA 4.0
lieb:1,lieb,"милый, дорогой, любимый",,kaikki-ru,CC BY-SA 4.0
lieb:2,lieb,"приятный, очаровательный, прелестный",,kaikki-ru,CC BY-SA 4.0
leise:1,leise,тихий; едва слышный,,kaikki-ru,CC BY-SA 4.0
leise:2,leise,"лёгкий; едва заметный, слабый",,kaikki-ru,CC BY-SA 4.0
jetzt:1,jetzt,"теперь, сейчас, ныне",,kaikki-ru,CC BY-SA 4.0
dich:1,dich,тебя,,kaikki-ru,CC BY-SA 4.0
sie:1,sie,она,,kaikki-ru,CC BY-SA 4.0
sie:2,sie,они,,kaikki-ru,CC BY-SA 4.0
sie:3,sie,форма винительного падежа местоимения sie,,kaikki-ru,CC BY-SA 4.0
fuss:1,fuss,"анат. нога, ступня, стопа; нога, лапа (животного, птицы)",,kaikki-ru,CC BY-SA 4.0
fuss:2,fuss,"ножка (например, стола, стула)",,kaikki-ru,CC BY-SA 4.0
fuss:3,fuss,"подножие, основание (например, горы); цоколь; пьедестал (памятника и т. п.)",,kaikki-ru,CC BY-SA 4.0
fuss:4,fuss,матем. основание,,kaikki-ru,CC BY-SA 4.0
fuss:5,fuss,филол. стопа (стихотворная),,kaikki-ru,CC BY-SA 4.0
fuss:6,fuss,фут (мера длины),,kaikki-ru,CC BY-SA 4.0
wo:1,wo,где,,kaikki-ru,CC BY-SA 4.0
wohin:1,wohin,куда?,,kaikki-ru,CC BY-SA 4.0
fussball:1,fussball,спорт. футбол,,kaikki-ru,CC BY-SA 4.0
fussball:2,fussball,спорт. футбольный мяч,,kaikki-ru,CC BY-SA 4.0
oben:1,oben,"вверху, наверху, сверху.",,kaikki-ru,CC BY-SA 4.0
unten:1,unten,"внизу, снизу.",,kaikki-ru,CC BY-SA 4.0
links:1,links,(при указании места — где?) слева.,,kaikki-ru,CC BY-SA 4.0
links:2,links,"(при указании направления — куда?) налево, влево.",,kaikki-ru,CC BY-SA 4.0
links:3,links,наизнанку (о вязании или шитье).,,kaikki-ru,CC BY-SA 4.0
jung:1,jung,молодой,,kaikki-ru,CC BY-SA 4.0
viel-adv:1,viel-adv,много,,kaikki-ru,CC BY-SA 4.0
oft:1,oft,часто,,kaikki-ru,CC BY-SA 4.0
lang:1,lang,длинный,,kaikki-ru,CC BY-SA 4.0
lang:2,lang,"долгий, продолжительный",,kaikki-ru,CC BY-SA 4.0
muede:1,muede,"усталый, уставший, утомлённый",,kaikki-ru,CC BY-SA 4.0
muede:2,muede,истощённый (о почве),,kaikki-ru,CC BY-SA 4.0
muede:3,muede,металл. усталый (о металле),,kaikki-ru,CC BY-SA 4.0
einfach:1,einfach,простой (не сложный),,kaikki-ru,CC BY-SA 4.0
einfach:2,einfach,"одинарный (не двойной), однократный",,kaikki-ru,CC BY-SA 4.0
einfach:3,einfach,"простой, обыкновенный; рядовой, скромный",,kaikki-ru,CC BY-SA 4.0
einfach:4,einfach,"простой, несложный, лёгкий, нетрудный",,kaikki-ru,CC BY-SA 4.0
einfach-adv:1,einfach-adv,"просто, обыкновенно",,kaikki-ru,CC BY-SA 4.0
einfach-adv:2,einfach-adv,"просто, легко",,kaikki-ru,CC BY-SA 4.0
einfach-adv:3,einfach-adv,"просто, просто-напросто",,kaikki-ru,CC BY-SA 4.0
klein:1,klein,"маленький, малый, небольшой, мелкий",,kaikki-ru,CC BY-SA 4.0
klein:2,klein,"маленький, младший, малолетний",,kaikki-ru,CC BY-SA 4.0
klein:3,klein,"маленький, непродолжительный",,kaikki-ru,CC BY-SA 4.0
klein:4,klein,"небольшой, незначительный, неважный",,kaikki-ru,CC BY-SA 4.0
klein:5,klein,"скромный, небольшой, простой",,kaikki-ru,CC BY-SA 4.0
klein:6,klein,"небольшой, несильный",,kaikki-ru,CC BY-SA 4.0
klein:7,klein,"мелкий, ничтожный",,kaikki-ru,CC BY-SA 4.0
klein:8,klein,"малый, малочисленный",,kaikki-ru,CC BY-SA 4.0
nur:1,nur,"только, лишь, всего",,kaikki-ru,CC BY-SA 4.0
nur:2,nur,так и (выражает усиление),,kaikki-ru,CC BY-SA 4.0
und:1,und,и,,kaikki-ru,CC BY-SA 4.0
und:2,und,а,,kaikki-ru,CC BY-SA 4.0
krank:1,krank,больной,,kaikki-ru,CC BY-SA 4.0
schwer:1,schwer,"тяжёлый; тяжеловесный, массивный",,kaikki-ru,CC BY-SA 4.0
schwer:2,schwer,"тяжёлый, трудный; сложный",,kaikki-ru,CC BY-SA 4.0
schwer:3,schwer,"тяжёлый, тяжкий, серьёзный",,kaikki-ru,CC BY-SA 4.0
schwer:4,schwer,"насыщенный, крепкий",,kaikki-ru,CC BY-SA 4.0
schwer:5,schwer,"тяжёлый, тягостный; грустный",,kaikki-ru,CC BY-SA 4.0
immer:1,immer,"всегда, постоянно; каждый раз",,kaikki-ru,CC BY-SA 4.0
immer:2,immer,всё,,kaikki-ru,CC BY-SA 4.0
morgen:1,morgen,завтра,,kaikki-ru,CC BY-SA 4.0
wie:1,wie,"как, насколько",,kaikki-ru,CC BY-SA 4.0
wie:2,wie,"Также используется в нестандартных значениях «чем» и «когда» (в таких значениях не используется в официальной и формальной речи, средствах массовой информации, вместо этого в стандартной речи используется als).",,kaikki-ru,CC BY-SA 4.0
wie-conj:1,wie-conj,как (при сравнении или в значении насколько),,kaikki-ru,CC BY-SA 4.0
wie-conj:2,wie-conj,"как-то, как например, а именно (используется для приведения примера или иллюстрации)",,kaikki-ru,CC BY-SA 4.0
wie-conj:3,wie-conj,равно как (и),,kaikki-ru,CC BY-SA 4.0
rechts:1,rechts,"справа, направо; вправо, правее, на правой стороне; по правой стороне",,kaikki-ru,CC BY-SA 4.0
hobby:1,hobby,"хобби, увлечение",,kaikki-ru,CC BY-SA 4.0
leider:1,leider,к сожалению,,kaikki-ru,CC BY-SA 4.0
leider:2,leider,увы,,kaikki-ru,CC BY-SA 4.0
strasse:1,strasse,улица,,kaikki-ru,CC BY-SA 4.0
strasse:2,strasse,"дорога, шоссе",,kaikki-ru,CC BY-SA 4.0
strasse:3,strasse,геогр. пролив,,kaikki-ru,CC BY-SA 4.0
strasse:4,strasse,техн. линия прокатного стана; прокатный стан,,kaikki-ru,CC BY-SA 4.0
strasse:5,strasse,техн. автоматическая линия,,kaikki-ru,CC BY-SA 4.0
guenstig:1,guenstig,благоприятный; благосклонный,,kaikki-ru,CC BY-SA 4.0
guenstig:2,guenstig,выгодный,,kaikki-ru,CC BY-SA 4.0
geradeaus:1,geradeaus,"прямо, напрямик",,kaikki-ru,CC BY-SA 4.0
apartment:1,apartment,"квартира, жилище (только меблированное, сдаваемое внаём на короткий срок)",,kaikki-ru,CC BY-SA 4.0
gueltig:1,gueltig,"действительный, законный",,kaikki-ru,CC BY-SA 4.0
gueltig:2,gueltig,матем. значащий (о цифрах),,kaikki-ru,CC BY-SA 4.0
nie:1,nie,никогда,,kaikki-ru,CC BY-SA 4.0
nie:2,nie,нет,,kaikki-ru,CC BY-SA 4.0
druecken:1,druecken,"давить, жать",,kaikki-ru,CC BY-SA 4.0
druecken:2,druecken,"давить, угнетать, тяготить, притеснять",,kaikki-ru,CC BY-SA 4.0
druecken:3,druecken,экон. сбивать (цены); оказывать давление (на рынок),,kaikki-ru,CC BY-SA 4.0
druecken:4,druecken,перекрывать (рекорд),,kaikki-ru,CC BY-SA 4.0
druecken:5,druecken,авиац. вести на снижение (самолёт),,kaikki-ru,CC BY-SA 4.0
druecken:6,druecken,карт. сбрасывать (карты),,kaikki-ru,CC BY-SA 4.0
noch:1,noch,ещё; по-прежнему; пока; всё ещё,,kaikki-ru,CC BY-SA 4.0
noch:2,noch,"ещё, когда-нибудь",,kaikki-ru,CC BY-SA 4.0
noch:3,noch,"ещё, не позднее, только (о времени)",,kaikki-ru,CC BY-SA 4.0
noch:4,noch,"ещё, сверх того, кроме; дополнительно",,kaikki-ru,CC BY-SA 4.0
noch:5,noch,ещё (обозначает усиление при сравнительной степени),,kaikki-ru,CC BY-SA 4.0
noch:6,noch,"в уступительных оборотах и предложениях сколько бы, как бы, когда бы и т. п.",,kaikki-ru,CC BY-SA 4.0
oder:1,oder,"или, или... или, либо... либо",,kaikki-ru,CC BY-SA 4.0
oder:2,oder,"или, не так ли",,kaikki-ru,CC BY-SA 4.0
oder:3,oder,"или, то есть",,kaikki-ru,CC BY-SA 4.0
schon:1,schon,уже́,,kaikki-ru,CC BY-SA 4.0
schon:2,schon,пожар,,kaikki-ru,CC BY-SA 4.0
schon:3,schon,"ну, же",,kaikki-ru,CC BY-SA 4.0
schon:4,schon,"наверное, по-видимому; конечно (выражает надежду, уверенность)",,kaikki-ru,CC BY-SA 4.0
schon:5,schon,"уж, даже",,kaikki-ru,CC BY-SA 4.0
schon:6,schon,пусть; хоть,,kaikki-ru,CC BY-SA 4.0
schon:7,schon,"уже, только, хоть",,kaikki-ru,CC BY-SA 4.0
mehr-adv:1,mehr-adv,"больше, более (сравн. от viel)",,kaikki-ru,CC BY-SA 4.0
mehr-adv:2,mehr-adv,ещё,,kaikki-ru,CC BY-SA 4.0
mehr-adv:3,mehr-adv,"уже не, больше не",,kaikki-ru,CC BY-SA 4.0
mehr-adv:4,mehr-adv,"скорее, больше, в большей степени",,kaikki-ru,CC BY-SA 4.0
mehr-adv:5,mehr-adv,диал. снова; всё ещё,,kaikki-ru,CC BY-SA 4.0
seit-prep:1,seit-prep,"с, от, начиная с",,kaikki-ru,CC BY-SA 4.0
seit-prep:2,seit-prep,с тех пор как,,kaikki-ru,CC BY-SA 4.0
sehr:1,sehr,"очень, весьма; крайне",,kaikki-ru,CC BY-SA 4.0
wenig-pron:1,wenig-pron,"мало, немного; немногие; немногое",,kaikki-ru,CC BY-SA 4.0
wenig-adv:1,wenig-adv,"мало, немного",,kaikki-ru,CC BY-SA 4.0
weiter:1,weiter,дальнейший; продолжающийся,,kaikki-ru,CC BY-SA 4.0
weiter-adv:1,weiter-adv,"дальше, далее",,kaikki-ru,CC BY-SA 4.0
weiter-adv:2,weiter-adv,"больше (никто, нигде и т. п.)",,kaikki-ru,CC BY-SA 4.0
also:1,also,"итак, так, следовательно, стало быть, значит",,kaikki-ru,CC BY-SA 4.0
also-adv:1,also-adv,"так, таким образом",,kaikki-ru,CC BY-SA 4.0
heissen:1,heissen,"называть; обзывать, именовать",,kaikki-ru,CC BY-SA 4.0
heissen:2,heissen,"велеть, приказывать",,kaikki-ru,CC BY-SA 4.0
heissen:3,heissen,"неперех. называться, зваться",,kaikki-ru,CC BY-SA 4.0
heissen:4,heissen,"значить, означать",,kaikki-ru,CC BY-SA 4.0
fertig:1,fertig,готовый,,kaikki-ru,CC BY-SA 4.0
fertig:2,fertig,"чистовой, окончательный",,kaikki-ru,CC BY-SA 4.0
fertig:3,fertig,"умелый, искусный",,kaikki-ru,CC BY-SA 4.0
richtig:1,richtig,"правильный, верный; подходящий, соответствующий",,kaikki-ru,CC BY-SA 4.0
richtig:2,richtig,настоящий,,kaikki-ru,CC BY-SA 4.0
richtig-adv:1,richtig-adv,"правильно, верно; как следует",,kaikki-ru,CC BY-SA 4.0
richtig-adv:2,richtig-adv,"действительно, в самом деле",,kaikki-ru,CC BY-SA 4.0
richtig-adv:3,richtig-adv,"очень, по-настоящему; прямо-таки",,kaikki-ru,CC BY-SA 4.0
sofort:1,sofort,"сейчас, тотчас, немедленно, сию минуту",,kaikki-ru,CC BY-SA 4.0
warum:1,warum,"почему, отчего",,kaikki-ru,CC BY-SA 4.0
wichtig:1,wichtig,важный,,kaikki-ru,CC BY-SA 4.0
wichtig-adv:1,wichtig-adv,важно,,kaikki-ru,CC BY-SA 4.0
bisschen:1,bisschen,"немного, чуть, чуть-чуть",,kaikki-ru,CC BY-SA 4.0
lustig:1,lustig,весёлый,,kaikki-ru,CC BY-SA 4.0
der:1,der,"определённый артикль мужского рода номинатива, женского рода и множественного числа генетива и женского рода датива, указывает на уже упоминавшийся либо единственный в своём роде объект; этот, тот",,kaikki-ru,CC BY-SA 4.0
der-pron:1,der-pron,"который, кто, что",,kaikki-ru,CC BY-SA 4.0
schinken:1,schinken,ветчина,,kaikki-ru,CC BY-SA 4.0
teuer:1,teuer,"дорогой, дорогостоящий",,kaikki-ru,CC BY-SA 4.0
teuer:2,teuer,"дорогой, милый",,kaikki-ru,CC BY-SA 4.0
teuer-adv:1,teuer-adv,дорого,,kaikki-ru,CC BY-SA 4.0
wann:1,wann,когда,,kaikki-ru,CC BY-SA 4.0
gerade:1,gerade,прямой,,kaikki-ru,CC BY-SA 4.0
oeffnen:1,oeffnen,"открывать, открыть",,kaikki-ru,CC BY-SA 4.0
verkaeufer:1,verkaeufer,торговец; продавец,,kaikki-ru,CC BY-SA 4.0
auch:1,auch,тоже,,kaikki-ru,CC BY-SA 4.0
bald:1,bald,вскоре; скоро,,kaikki-ru,CC BY-SA 4.0
bald:2,bald,"диал. быстро, скоро",,kaikki-ru,CC BY-SA 4.0
daneben:1,daneben,возле,,kaikki-ru,CC BY-SA 4.0
dann:1,dann,"потом, затем",,kaikki-ru,CC BY-SA 4.0
denn:1,denn,"так как, потому что, ибо",,kaikki-ru,CC BY-SA 4.0
denn-part:1,denn-part,"же, всё же; разве",,kaikki-ru,CC BY-SA 4.0
denn-adv:1,denn-adv,"разве что, лишь, разве только; кроме как",,kaikki-ru,CC BY-SA 4.0
draussen:1,draussen,снаружи,,kaikki-ru,CC BY-SA 4.0
draussen:2,draussen,за городом,,kaikki-ru,CC BY-SA 4.0
einmal:1,einmal,"один раз, один",,kaikki-ru,CC BY-SA 4.0
einmal:2,einmal,иногда,,kaikki-ru,CC BY-SA 4.0
frueher-adv:1,frueher-adv,раньше,,kaikki-ru,CC BY-SA 4.0
gleich:1,gleich,"равный, одинаковый; подобный",,kaikki-ru,CC BY-SA 4.0
gleich:2,gleich,безразличный,,kaikki-ru,CC BY-SA 4.0
gleich-adv:1,gleich-adv,одинаково,,kaikki-ru,CC BY-SA 4.0
gleich-adv:2,gleich-adv,"сейчас, немедленно",,kaikki-ru,CC BY-SA 4.0
herzlich:1,herzlich,"сердечный, душевный; нежный; искренний, задушевный",,kaikki-ru,CC BY-SA 4.0
lieber-adv:1,lieber-adv,охотнее,,kaikki-ru,CC BY-SA 4.0
nein:1,nein,нет (отказ или отрицание),,kaikki-ru,CC BY-SA 4.0
spaeter-adv:1,spaeter-adv,позже,,kaikki-ru,CC BY-SA 4.0
duerfen:1,duerfen,"мочь (с чьего-либо разрешения), сметь, иметь разрешение, иметь позволение",,kaikki-ru,CC BY-SA 4.0
duerfen:2,duerfen,"сметь, иметь право, мочь, быть вправе (указывает на наличие внутреннего, морального права на совершение чего-либо)",,kaikki-ru,CC BY-SA 4.0
duerfen:3,duerfen,выражает предположение,,kaikki-ru,CC BY-SA 4.0
duerfen:4,duerfen,"устар. стоит, достаточно (только)",,kaikki-ru,CC BY-SA 4.0
duerfen:5,duerfen,форма настоящего времени первого лица множественного числа изъявительного наклонения глагола dürfen,,kaikki-ru,CC BY-SA 4.0
duerfen:6,duerfen,форма настоящего времени третьего лица множественного числа изъявительного наклонения глагола dürfen,,kaikki-ru,CC BY-SA 4.0
vielleicht:1,vielleicht,"может быть, возможно, пожалуй",,kaikki-ru,CC BY-SA 4.0
weit:1,weit,"далёкий, дальний",,kaikki-ru,CC BY-SA 4.0
weit:2,weit,"просторный, обширный, широкий",,kaikki-ru,CC BY-SA 4.0
weit-adv:1,weit-adv,далеко; вдали,,kaikki-ru,CC BY-SA 4.0
weit-adv:2,weit-adv,широко,,kaikki-ru,CC BY-SA 4.0
weit-adv:3,weit-adv,"намного, гораздо",,kaikki-ru,CC BY-SA 4.0
muessen:1,muessen,"быть должным, быть вынужденным (сделать в силу морального долга, под давлением обстоятельств)",,kaikki-ru,CC BY-SA 4.0
muessen:2,muessen,выражает волю говорящего,,kaikki-ru,CC BY-SA 4.0
muessen:3,muessen,"выражает предположение, основанное на фактах",,kaikki-ru,CC BY-SA 4.0
muessen:4,muessen,форма настоящего времени первого лица множественного числа изъявительного наклонения глагола müssen,,kaikki-ru,CC BY-SA 4.0
muessen:5,muessen,форма настоящего времени третьего лица множественного числа изъявительного наклонения глагола müssen,,kaikki-ru,CC BY-SA 4.0
bekannt-adj:1,bekannt-adj,знакомый; известный,,kaikki-ru,CC BY-SA 4.0
boese:1,boese,"злой, недобрый",,kaikki-ru,CC BY-SA 4.0
dauern:1,dauern,"длиться, продолжаться",,kaikki-ru,CC BY-SA 4.0
ander:1,ander,"иной; другой, второй",,kaikki-ru,CC BY-SA 4.0
ander:2,ander,"прочий, остальной",,kaikki-ru,CC BY-SA 4.0
danke-part:1,danke-part,"спасибо, благодарю",,kaikki-ru,CC BY-SA 4.0
danke:1,danke,форма настоящего времени первого лица единственного числа изъявительного наклонения глагола danken,,kaikki-ru,CC BY-SA 4.0
gefallen:1,gefallen,"нравиться, быть по вкусу",,kaikki-ru,CC BY-SA 4.0
gefallen-adj:1,gefallen-adj,"павший, убитый, погибший (в бою)",,kaikki-ru,CC BY-SA 4.0
gefallen-adj:2,gefallen-adj,"павший, околевший (о животных)",,kaikki-ru,CC BY-SA 4.0
gefallen-adj:3,gefallen-adj,падший,,kaikki-ru,CC BY-SA 4.0
gefallen-adj:4,gefallen-adj,спущенный (о петле),,kaikki-ru,CC BY-SA 4.0
pruefung:1,pruefung,"испытание, проверка; контроль; опробование; исследование",,kaikki-ru,CC BY-SA 4.0
pruefung:2,pruefung,"экзамен, испытание",,kaikki-ru,CC BY-SA 4.0
pruefung:3,pruefung,испытание (страданием),,kaikki-ru,CC BY-SA 4.0
aufhoeren:1,aufhoeren,прекращать,,kaikki-ru,CC BY-SA 4.0
mittel:1,mittel,"средний, центральный; промежуточный, серединный",,kaikki-ru,CC BY-SA 4.0
puenktlich:1,puenktlich,"точный, пунктуальный",,kaikki-ru,CC BY-SA 4.0
puenktlich:2,puenktlich,вовремя,,kaikki-ru,CC BY-SA 4.0
puenktlich:3,puenktlich,"точно, ровно",,kaikki-ru,CC BY-SA 4.0
fremd:1,fremd,"иностранный, иноземный, заграничный, чужой, чужеземный",,kaikki-ru,CC BY-SA 4.0
fremd:2,fremd,"чужой, посторонний; чуждый",,kaikki-ru,CC BY-SA 4.0
fremd:3,fremd,"незнакомый, неизвестный",,kaikki-ru,CC BY-SA 4.0
breit:1,breit,"широкий, обширный",,kaikki-ru,CC BY-SA 4.0
breit:2,breit,разг. пьяный,,kaikki-ru,CC BY-SA 4.0
nichts-adv:1,nichts-adv,ничего,,kaikki-ru,CC BY-SA 4.0
klar:1,klar,"ясный (хорошо видно), светлый",,kaikki-ru,CC BY-SA 4.0
klar:2,klar,"понятный, ясный (о понимании), внятный",,kaikki-ru,CC BY-SA 4.0
klar:3,klar,"авиац., морск. для чего-то готовый",,kaikki-ru,CC BY-SA 4.0
schlecht:1,schlecht,плохой,,kaikki-ru,CC BY-SA 4.0
schlecht:2,schlecht,слабый,,kaikki-ru,CC BY-SA 4.0
schlecht:3,schlecht,испорченный (о продуктах),,kaikki-ru,CC BY-SA 4.0
schlecht:4,schlecht,"перен. испорченный, аморальный",,kaikki-ru,CC BY-SA 4.0
schlecht:5,schlecht,"нехороший, больной",,kaikki-ru,CC BY-SA 4.0
schlecht:6,schlecht,неприемлемый,,kaikki-ru,CC BY-SA 4.0
empfehlen:1,empfehlen,"рекомендовать, советовать",,kaikki-ru,CC BY-SA 4.0
empfehlen:2,empfehlen,форма настоящего времени первого лица множественного числа изъявительного наклонения глагола empfehlen,,kaikki-ru,CC BY-SA 4.0
empfehlen:3,empfehlen,форма настоящего времени третьего лица множественного числа изъявительного наклонения глагола empfehlen,,kaikki-ru,CC BY-SA 4.0
partner:1,partner,партнёр,,kaikki-ru,CC BY-SA 4.0
falsch:1,falsch,"фальшивый; искусственный, поддельный",,kaikki-ru,CC BY-SA 4.0
falsch:2,falsch,"ошибочный, неправильный, неверный",,kaikki-ru,CC BY-SA 4.0
falsch:3,falsch,"лживый, ложный, двуличный",,kaikki-ru,CC BY-SA 4.0
falsch:4,falsch,"разг. гневный, яростный",,kaikki-ru,CC BY-SA 4.0
groesse:1,groesse,"величина, габарит, размер",,kaikki-ru,CC BY-SA 4.0
groesse:2,groesse,"перен. знатные (важные) люди, значимая личность, величина",,kaikki-ru,CC BY-SA 4.0
moeglich:1,moeglich,возможный,,kaikki-ru,CC BY-SA 4.0
moeglich:2,moeglich,"возможный, посильный",,kaikki-ru,CC BY-SA 4.0
moeglich:3,moeglich,"возможный, вероятный",,kaikki-ru,CC BY-SA 4.0
moeglich:4,moeglich,"разг. приемлемый, подходящий",,kaikki-ru,CC BY-SA 4.0
moeglich-adv:1,moeglich-adv,возможно,,kaikki-ru,CC BY-SA 4.0
allein:1,allein,"один, одна, одно, одни; наедине; в одиночестве",,kaikki-ru,CC BY-SA 4.0
allein:2,allein,"сам, сама, само, сами",,kaikki-ru,CC BY-SA 4.0
frei:1,frei,"свободный, независимый",,kaikki-ru,CC BY-SA 4.0
frei:2,frei,свободный; незанятый; вакантный,,kaikki-ru,CC BY-SA 4.0
frei:3,frei,открытый,,kaikki-ru,CC BY-SA 4.0
frei:4,frei,"бесплатный; франкированный, оплаченный вперёд",,kaikki-ru,CC BY-SA 4.0
frei:5,frei,необязательный,,kaikki-ru,CC BY-SA 4.0
frei:6,frei,добровольный,,kaikki-ru,CC BY-SA 4.0
automatisch:1,automatisch,"автоматический; самодействующий; самопроизвольный, непроизвольный",,kaikki-ru,CC BY-SA 4.0
schliessen:1,schliessen,закрывать; захлопывать,,kaikki-ru,CC BY-SA 4.0
schliessen:2,schliessen,запирать,,kaikki-ru,CC BY-SA 4.0
schliessen:3,schliessen,"закрывать, заканчивать (работу)",,kaikki-ru,CC BY-SA 4.0
schliessen:4,schliessen,"кончать, оканчивать, завершать",,kaikki-ru,CC BY-SA 4.0
schliessen:5,schliessen,"делать вывод, делать заключение, заключать",,kaikki-ru,CC BY-SA 4.0
schliessen:6,schliessen,смыкать (ряды),,kaikki-ru,CC BY-SA 4.0
schliessen:7,schliessen,заключать (договор),,kaikki-ru,CC BY-SA 4.0
schliessen:8,schliessen,закрываться,,kaikki-ru,CC BY-SA 4.0
schliessen:9,schliessen,заканчиваться; прекращать работу; оканчиваться,,kaikki-ru,CC BY-SA 4.0
schliessen:10,schliessen,форма настоящего времени первого лица множественного числа изъявительного наклонения глагола schließen,,kaikki-ru,CC BY-SA 4.0
schliessen:11,schliessen,форма настоящего времени третьего лица множественного числа изъявительного наклонения глагола schließen,,kaikki-ru,CC BY-SA 4.0
bestellen:1,bestellen,"(mit D) уставлять, заставлять (что-л. чем-л.)",,kaikki-ru,CC BY-SA 4.0
bestellen:2,bestellen,"(bei D) заказывать (что-л. где-л., у кого-л.)",,kaikki-ru,CC BY-SA 4.0
bestellen:3,bestellen,"пригласить, звать, велеть прийти",,kaikki-ru,CC BY-SA 4.0
bestellen:4,bestellen,"доставлять (напр., почту и т. п.); передавать",,kaikki-ru,CC BY-SA 4.0
bestellen:5,bestellen,назначать,,kaikki-ru,CC BY-SA 4.0
bestellen:6,bestellen,"возделывать, обрабатывать (землю); заботиться (о чём-л.); следить за порядком",,kaikki-ru,CC BY-SA 4.0
bestellen:7,bestellen,"разг. добиваться, достигать (чего-л.)",,kaikki-ru,CC BY-SA 4.0
erklaeren:1,erklaeren,"объяснять, толковать, истолковывать",,kaikki-ru,CC BY-SA 4.0
erklaeren:2,erklaeren,"заявлять, объявлять; провозглашать",,kaikki-ru,CC BY-SA 4.0
erklaeren:3,erklaeren,"(für A) признавать, считать (чем-л., каким-л.)",,kaikki-ru,CC BY-SA 4.0
erklaeren:4,erklaeren,(zu D) назначать (кем-л.),,kaikki-ru,CC BY-SA 4.0
erklaeren:5,erklaeren,"sich ~ объясняться, высказываться",,kaikki-ru,CC BY-SA 4.0
erklaeren:6,erklaeren,заявлять (о чём-л.),,kaikki-ru,CC BY-SA 4.0
erzaehlen:1,erzaehlen,рассказывать; сообщать; повествовать,,kaikki-ru,CC BY-SA 4.0
erzaehlen:2,erzaehlen,разг. рассказывать небылицы; выдумывать,,kaikki-ru,CC BY-SA 4.0
wunderbar:1,wunderbar,"чудесный, замечательный",,kaikki-ru,CC BY-SA 4.0
wunderbar:2,wunderbar,"поразительный, удивительный",,kaikki-ru,CC BY-SA 4.0
gehoeren:1,gehoeren,принадлежать,,kaikki-ru,CC BY-SA 4.0
besichtigen:1,besichtigen,"осматривать (напр., выставку)",,kaikki-ru,CC BY-SA 4.0
besichtigen:2,besichtigen,"осматривать, освидетельствовать (больного)",,kaikki-ru,CC BY-SA 4.0
besichtigen:3,besichtigen,"осматривать, ревизовать, инспектировать",,kaikki-ru,CC BY-SA 4.0
besichtigen:4,besichtigen,воен. рекогносцировать,,kaikki-ru,CC BY-SA 4.0
gruss:1,gruss,"привет, приветствие",,kaikki-ru,CC BY-SA 4.0
anmeldung:1,anmeldung,"объявление, заявление; уведомление",,kaikki-ru,CC BY-SA 4.0
anmeldung:2,anmeldung,заявка,,kaikki-ru,CC BY-SA 4.0
anmeldung:3,anmeldung,прописка (на жительство); регистрация; (предварительная) запись,,kaikki-ru,CC BY-SA 4.0
anmeldung:4,anmeldung,разг. регистратура; приёмная; помещение для регистрации (для записи),,kaikki-ru,CC BY-SA 4.0
verboten-adj:1,verboten-adj,запрещённый,,kaikki-ru,CC BY-SA 4.0
verboten:1,verboten,форма прошедшего времени первого лица множественного числа изъявительного наклонения глагола erfinden,,kaikki-ru,CC BY-SA 4.0
verboten:2,verboten,форма прошедшего времени третьего лица множественного числа изъявительного наклонения глагола erfinden,,kaikki-ru,CC BY-SA 4.0
kasse:1,kasse,касса; денежный ящик; казна,,kaikki-ru,CC BY-SA 4.0
kasse:2,kasse,деньги в кассе; наличные деньги,,kaikki-ru,CC BY-SA 4.0
kasse:3,kasse,больничная касса,,kaikki-ru,CC BY-SA 4.0
kasse:4,kasse,сберкасса,,kaikki-ru,CC BY-SA 4.0
disco:1,disco,дискотека,,kaikki-ru,CC BY-SA 4.0
umziehen:1,umziehen,"переезжать, переехать (на другую квартиру, в другой город)",,kaikki-ru,CC BY-SA 4.0
umziehen:2,umziehen,"стянуть, свалить (потянув что-л.)",,kaikki-ru,CC BY-SA 4.0
umziehen:3,umziehen,sich ~ переодеваться,,kaikki-ru,CC BY-SA 4.0
umziehen:4,umziehen,"обводить, окружать; набрасывать контуры (чего-л.)",,kaikki-ru,CC BY-SA 4.0
umziehen:5,umziehen,"обтягивать (напр., тканью)",,kaikki-ru,CC BY-SA 4.0
umziehen:6,umziehen,обволакивать,,kaikki-ru,CC BY-SA 4.0
umziehen:7,umziehen,форма настоящего времени первого лица множественного числа изъявительного наклонения глагола umziehen,,kaikki-ru,CC BY-SA 4.0
umziehen:8,umziehen,форма настоящего времени третьего лица множественного числа изъявительного наклонения глагола umziehen,,kaikki-ru,CC BY-SA 4.0
ausmachen:1,ausmachen,"тушить, гасить; выключать (свет, газ)",,kaikki-ru,CC BY-SA 4.0
ausmachen:2,ausmachen,"договариваться, условливаться (о чём-л.); уладить (что-л.); разобраться (в чём-л.)",,kaikki-ru,CC BY-SA 4.0
ausmachen:3,ausmachen,составлять; значить,,kaikki-ru,CC BY-SA 4.0
ausmachen:4,ausmachen,"раздражать, тревожить, беспокоить",,kaikki-ru,CC BY-SA 4.0
ausmachen:5,ausmachen,"обнаруживать, замечать, увидеть, разглядеть, распознавать",,kaikki-ru,CC BY-SA 4.0
leicht:1,leicht,"лёгкий, нетяжёлый",,kaikki-ru,CC BY-SA 4.0
leicht:2,leicht,"лёгкий, нетрудный",,kaikki-ru,CC BY-SA 4.0
leicht:3,leicht,"лёгкий, небольшой",,kaikki-ru,CC BY-SA 4.0
verdienen:1,verdienen,заслуживать,,kaikki-ru,CC BY-SA 4.0
verdienen:2,verdienen,зарабатывать (деньги),,kaikki-ru,CC BY-SA 4.0
abholen:1,abholen,забирать,,kaikki-ru,CC BY-SA 4.0
abholen:2,abholen,"заходить, заезжать",,kaikki-ru,CC BY-SA 4.0
ledig:1,ledig,свободный,,kaikki-ru,CC BY-SA 4.0
ledig:2,ledig,"холостой, неженатый; незамужняя",,kaikki-ru,CC BY-SA 4.0
ledig:3,ledig,"порожний; незанятый, пустой; бесхозный",,kaikki-ru,CC BY-SA 4.0
durchsage:1,durchsage,"сообщение (по телефону, радио)",,kaikki-ru,CC BY-SA 4.0
vorwahl:1,vorwahl,предварительные выборы,,kaikki-ru,CC BY-SA 4.0
vorwahl:2,vorwahl,фото предварительная установка,,kaikki-ru,CC BY-SA 4.0
vorwahl:3,vorwahl,предыскание,,kaikki-ru,CC BY-SA 4.0
gluecklich:1,gluecklich,счастливый; благополучный; удачный,,kaikki-ru,CC BY-SA 4.0
maennlich:1,maennlich,мужской; свойственный мужчине,,kaikki-ru,CC BY-SA 4.0
maennlich:2,maennlich,"возмужалый, зрелый (о мужчине)",,kaikki-ru,CC BY-SA 4.0
maennlich:3,maennlich,"мужественный, стойкий",,kaikki-ru,CC BY-SA 4.0
weiblich:1,weiblich,женский,,kaikki-ru,CC BY-SA 4.0
weiblich:2,weiblich,женственный,,kaikki-ru,CC BY-SA 4.0
weiblich:3,weiblich,женского рода; женского склонения,,kaikki-ru,CC BY-SA 4.0
kennenlernen:1,kennenlernen,ознакомляться,,kaikki-ru,CC BY-SA 4.0
heiraten:1,heiraten,жениться (на ком-л.); выходить замуж (за кого-л.),,kaikki-ru,CC BY-SA 4.0
uebernachten:1,uebernachten,"переночевать, ночевать",,kaikki-ru,CC BY-SA 4.0
mitbringen:1,mitbringen,"принести, привести с собой, иметь при себе",,kaikki-ru,CC BY-SA 4.0
mitbringen:2,mitbringen,приносить приданое,,kaikki-ru,CC BY-SA 4.0
mitbringen:3,mitbringen,устар. повлечь за собой что-либо,,kaikki-ru,CC BY-SA 4.0
willkommen:1,willkommen,"желанный; подходящий, удобный, приятный",,kaikki-ru,CC BY-SA 4.0
willkommen:2,willkommen,добро пожаловать,,kaikki-ru,CC BY-SA 4.0
enden:1,enden,"кончать, заканчивать",,kaikki-ru,CC BY-SA 4.0
enden:2,enden,"кончаться, оканчиваться, заканчиваться",,kaikki-ru,CC BY-SA 4.0
einladung:1,einladung,погрузка; навалка,,kaikki-ru,CC BY-SA 4.0
einladung:2,einladung,приглашение,,kaikki-ru,CC BY-SA 4.0
einladung:3,einladung,пригласительный билет,,kaikki-ru,CC BY-SA 4.0
einladung:4,einladung,вызов (фехтование),,kaikki-ru,CC BY-SA 4.0
vorsicht:1,vorsicht,"осторожность, предупредительность, осмотрительность",,kaikki-ru,CC BY-SA 4.0
anrede:1,anrede,обращение,,kaikki-ru,CC BY-SA 4.0
abfliegen:1,abfliegen,"отлетать, улетать, вылетать; взлетать",,kaikki-ru,CC BY-SA 4.0
abfliegen:2,abfliegen,форма настоящего времени первого лица множественного числа изъявительного наклонения глагола abfliegen,,kaikki-ru,CC BY-SA 4.0
abfliegen:3,abfliegen,форма настоящего времени третьего лица множественного числа изъявительного наклонения глагола abfliegen,,kaikki-ru,CC BY-SA 4.0
fehlen:1,fehlen,"недоставать, не хватать",,kaikki-ru,CC BY-SA 4.0
fehlen:2,fehlen,отсутствовать,,kaikki-ru,CC BY-SA 4.0
fehlen:3,fehlen,"ошибаться, впадать в ошибку",,kaikki-ru,CC BY-SA 4.0
fehlen:4,fehlen,"высок., поэт. провиниться, согрешить",,kaikki-ru,CC BY-SA 4.0
koennen:1,koennen,"мочь, быть в состоянии, иметь возможность",,kaikki-ru,CC BY-SA 4.0
koennen:2,koennen,"мочь, сметь (выражает разрешение)",,kaikki-ru,CC BY-SA 4.0
koennen:3,koennen,"уметь, знать (выучить что-л., быть обученным чему-л.)",,kaikki-ru,CC BY-SA 4.0
koennen:4,koennen,форма настоящего времени первого лица множественного числа изъявительного наклонения глагола können,,kaikki-ru,CC BY-SA 4.0
koennen:5,koennen,форма настоящего времени третьего лица множественного числа изъявительного наклонения глагола können,,kaikki-ru,CC BY-SA 4.0
anrufen:1,anrufen,окликать,,kaikki-ru,CC BY-SA 4.0
anrufen:2,anrufen,"вызывать, звонить (по телефону) (кому-л.)",,kaikki-ru,CC BY-SA 4.0
anrufen:3,anrufen,высок. (um A) взывать (о чём-л.),,kaikki-ru,CC BY-SA 4.0
hinten:1,hinten,"позади, сзади",,kaikki-ru,CC BY-SA 4.0
ueberweisen:1,ueberweisen,"передавать, направлять (кого-л., что-л. куда-л.)",,kaikki-ru,CC BY-SA 4.0
ueberweisen:2,ueberweisen,переводить (деньги),,kaikki-ru,CC BY-SA 4.0
unterschreiben:1,unterschreiben,"подписывать (что-л.), подписываться, ставить подпись (под чем-л.)",,kaikki-ru,CC BY-SA 4.0
unterschreiben:2,unterschreiben,"перен. подписываться (под чем-л.), одобрять (что-л.); расписываться (в чём-л.)",,kaikki-ru,CC BY-SA 4.0
unterschreiben:3,unterschreiben,форма настоящего времени первого лица множественного числа изъявительного наклонения глагола unterschreiben,,kaikki-ru,CC BY-SA 4.0
unterschreiben:4,unterschreiben,форма настоящего времени третьего лица множественного числа изъявительного наклонения глагола unterschreiben,,kaikki-ru,CC BY-SA 4.0
mieten:1,mieten,"снимать, нанимать, арендовать, брать в аренду (что-л.); брать напрокат (что-л.); фрахтовать",,kaikki-ru,CC BY-SA 4.0
mieten:2,mieten,"нанимать (работника, батрака)",,kaikki-ru,CC BY-SA 4.0
mieten:3,mieten,"помогать, оказывать помощь (кому-л.)",,kaikki-ru,CC BY-SA 4.0
scheinen:1,scheinen,"светить, сиять",,kaikki-ru,CC BY-SA 4.0
scheinen:2,scheinen,"казаться, иметь вид; производить впечатление",,kaikki-ru,CC BY-SA 4.0
scheinen:3,scheinen,форма настоящего времени первого лица множественного числа изъявительного наклонения глагола scheinen,,kaikki-ru,CC BY-SA 4.0
scheinen:4,scheinen,форма настоящего времени третьего лица множественного числа изъявительного наклонения глагола scheinen,,kaikki-ru,CC BY-SA 4.0
ausweis:1,ausweis,"удостоверение (личности); (личный) документ, пропуск",,kaikki-ru,CC BY-SA 4.0
ausweis:2,ausweis,"свидетельство, доказательство, данные",,kaikki-ru,CC BY-SA 4.0
ausweis:3,ausweis,(публичный) финансовый отчёт; отчётная ведомость; баланс,,kaikki-ru,CC BY-SA 4.0
automat:1,automat,автомат,,kaikki-ru,CC BY-SA 4.0
kaputt:1,kaputt,"разг. разбитый, испорченный, сломанный, разорванный; дефектный; пропавший; погибший",,kaikki-ru,CC BY-SA 4.0
kaputt:2,kaputt,"разг. разбитый, усталый, уставший, измождённый, измотанный",,kaikki-ru,CC BY-SA 4.0
kaputt:3,kaputt,разг. обанкротившийся,,kaikki-ru,CC BY-SA 4.0
auslaendisch:1,auslaendisch,"иностранный, заграничный; экзотический",,kaikki-ru,CC BY-SA 4.0
aussteigen:1,aussteigen,"выходить, сходить, высаживаться; вылезать (разг.) (из вагона и т. п.)",,kaikki-ru,CC BY-SA 4.0
aussteigen:2,aussteigen,форма настоящего времени первого лица множественного числа изъявительного наклонения глагола aussteigen,,kaikki-ru,CC BY-SA 4.0
aussteigen:3,aussteigen,форма настоящего времени третьего лица множественного числа изъявительного наклонения глагола aussteigen,,kaikki-ru,CC BY-SA 4.0
familienstand:1,familienstand,семейное положение,,kaikki-ru,CC BY-SA 4.0
feiern:1,feiern,"праздновать, справлять, отмечать (праздник, торжество)",,kaikki-ru,CC BY-SA 4.0
feiern:2,feiern,чествовать; прославлять,,kaikki-ru,CC BY-SA 4.0
besser:1,besser,"лучший, более хороший сравн. ст. к прил. gut",,kaikki-ru,CC BY-SA 4.0
besser:2,besser,"получше, побольше, посильнее (выше обычного, среднего уровня)",,kaikki-ru,CC BY-SA 4.0
besser-adv:1,besser-adv,лучше,,kaikki-ru,CC BY-SA 4.0
selbststaendig:1,selbststaendig,самостоятельный; независимый,,kaikki-ru,CC BY-SA 4.0
arbeitsplatz:1,arbeitsplatz,рабочее место,,kaikki-ru,CC BY-SA 4.0
glueckwunsch:1,glueckwunsch,поздравление,,kaikki-ru,CC BY-SA 4.0
kulturell:1,kulturell,культурный,,kaikki-ru,CC BY-SA 4.0
vermieter:1,vermieter,"сдающий внаём, домовладелец; наймодатель",,kaikki-ru,CC BY-SA 4.0
zurzeit:1,zurzeit,в настоящий момент,,kaikki-ru,CC BY-SA 4.0
mitkommen:1,mitkommen,"приходить, прибывать, идти вместе (с кем-л.); сопровождать (кого-л.)",,kaikki-ru,CC BY-SA 4.0
mitkommen:2,mitkommen,"разг. успевать, поспевать, не отставать",,kaikki-ru,CC BY-SA 4.0
mitkommen:3,mitkommen,форма настоящего времени первого лица множественного числа изъявительного наклонения глагола mitkommen,,kaikki-ru,CC BY-SA 4.0
mitkommen:4,mitkommen,форма настоящего времени третьего лица множественного числа изъявительного наклонения глагола mitkommen,,kaikki-ru,CC BY-SA 4.0
mitmachen:1,mitmachen,"участвовать, принимать участие (в чём-л.)",,kaikki-ru,CC BY-SA 4.0
mitmachen:2,mitmachen,"переживать, испытывать",,kaikki-ru,CC BY-SA 4.0
mitnehmen:1,mitnehmen,"брать (забирать, уносить, захватывать) с собой",,kaikki-ru,CC BY-SA 4.0
mitnehmen:2,mitnehmen,брать вместе с кем-л.,,kaikki-ru,CC BY-SA 4.0
mitnehmen:3,mitnehmen,украсть,,kaikki-ru,CC BY-SA 4.0
mitnehmen:4,mitnehmen,"захватить (что-л.), завладеть (чем-л.)",,kaikki-ru,CC BY-SA 4.0
mitnehmen:5,mitnehmen,"принимать (что-л.), мириться (с чем-л.)",,kaikki-ru,CC BY-SA 4.0
mitnehmen:6,mitnehmen,"обессиливать, расстраивать здоровье, изнурять, отрицательно отражаться",,kaikki-ru,CC BY-SA 4.0
mitnehmen:7,mitnehmen,форма настоящего времени первого лица множественного числа изъявительного наклонения глагола mitnehmen,,kaikki-ru,CC BY-SA 4.0
mitnehmen:8,mitnehmen,форма настоящего времени третьего лица множественного числа изъявительного наклонения глагола mitnehmen,,kaikki-ru,CC BY-SA 4.0
moegen:1,moegen,"любить, чувствовать расположение к кому-л., к чему-л.",,kaikki-ru,CC BY-SA 4.0
moegen:2,moegen,"служит формой вежливости для выражения просьбы, желания, предложения",,kaikki-ru,CC BY-SA 4.0
moegen:3,moegen,выражает пожелание,,kaikki-ru,CC BY-SA 4.0
moegen:4,moegen,"выражает позволение, иногда предостережение и угрозу",,kaikki-ru,CC BY-SA 4.0
moegen:5,moegen,"имеет уступительное значение; при переводе на русский язык предложение начинается словами пусть, что бы... ни, кто бы... ни, где бы... ни, как бы... ни и т. п.",,kaikki-ru,CC BY-SA 4.0
moegen:6,moegen,"выражает допущение какой-л. возможности, неуверенное предположение",,kaikki-ru,CC BY-SA 4.0
moegen:7,moegen,"устар., поэт. мочь",,kaikki-ru,CC BY-SA 4.0
zufrieden:1,zufrieden,"довольный, удовлетворённый (mit D чем-л.)",,kaikki-ru,CC BY-SA 4.0
eilig:1,eilig,"спешный, срочный",,kaikki-ru,CC BY-SA 4.0
einkaufen:1,einkaufen,"покупать, закупать, делать покупки",,kaikki-ru,CC BY-SA 4.0
einkaufen:2,einkaufen,sich ~ приобрести место (где-л.) (право на что-л.) путём внесения денежной суммы,,kaikki-ru,CC BY-SA 4.0
einsteigen:1,einsteigen,"входить, садиться (в вагон, лодку и т. п.)",,kaikki-ru,CC BY-SA 4.0
einsteigen:2,einsteigen,"разг. вступить, войти (в дело)",,kaikki-ru,CC BY-SA 4.0
einsteigen:3,einsteigen,горн. спускаться в шахту,,kaikki-ru,CC BY-SA 4.0
einsteigen:4,einsteigen,форма настоящего времени первого лица множественного числа изъявительного наклонения глагола einsteigen,,kaikki-ru,CC BY-SA 4.0
einsteigen:5,einsteigen,форма настоящего времени третьего лица множественного числа изъявительного наклонения глагола einsteigen,,kaikki-ru,CC BY-SA 4.0
entschuldigen:1,entschuldigen,"(wegen G) извинять, прощать (за что-л.)",,kaikki-ru,CC BY-SA 4.0
entschuldigen:2,entschuldigen,(bei j-m wegen G) (sich) извиняться (перед кем-л. за что-л.); оправдываться,,kaikki-ru,CC BY-SA 4.0
gratulieren:1,gratulieren,(j-m zu D) поздравлять (кого-л. с чем-л.),,kaikki-ru,CC BY-SA 4.0
grosseltern:1,grosseltern,дедушка и бабушка,,kaikki-ru,CC BY-SA 4.0
naechst-adj:1,naechst-adj,"самый близкий, ближайший, ближний; кратчайший",,kaikki-ru,CC BY-SA 4.0
naechst-adj:2,naechst-adj,"следующий, очередной",,kaikki-ru,CC BY-SA 4.0
naechst:1,naechst,"возле, подле, близ",,kaikki-ru,CC BY-SA 4.0
naechst:2,naechst,"после, вслед за; наряду с",,kaikki-ru,CC BY-SA 4.0
reparieren:1,reparieren,"чинить, ремонтировать, исправлять; восстанавливать",,kaikki-ru,CC BY-SA 4.0
schicken:1,schicken,"посылать, отправлять",,kaikki-ru,CC BY-SA 4.0
schicken:2,schicken,направлять,,kaikki-ru,CC BY-SA 4.0
schwimmbad:1,schwimmbad,плавательный бассейн,,kaikki-ru,CC BY-SA 4.0
verheiratet-adj:1,verheiratet-adj,(сокр. verh.) женатый; замужняя,,kaikki-ru,CC BY-SA 4.0
woher:1,woher,откуда,,kaikki-ru,CC BY-SA 4.0
letzt-adj:1,letzt-adj,последний,,kaikki-ru,CC BY-SA 4.0
buchstabieren:1,buchstabieren,читать по складам; разбирать (называть) по буквам,,kaikki-ru,CC BY-SA 4.0
empfaenger:1,empfaenger,получатель; адресат,,kaikki-ru,CC BY-SA 4.0
empfaenger:2,empfaenger,приёмщик,,kaikki-ru,CC BY-SA 4.0
empfaenger:3,empfaenger,"приёмник, радиоприёмник",,kaikki-ru,CC BY-SA 4.0
empfaenger:4,empfaenger,мед. реципиент,,kaikki-ru,CC BY-SA 4.0
vermieten:1,vermieten,сдавать внаём; отдавать напрокат,,kaikki-ru,CC BY-SA 4.0
vermieten:2,vermieten,sich ~ наниматься,,kaikki-ru,CC BY-SA 4.0
anklicken:1,anklicken,комп. щёлкнуть мышью (на чём-либо); кликнуть мышью,,kaikki-ru,CC BY-SA 4.0
ausfuellen:1,ausfuellen,"наполнить, заполнять",,kaikki-ru,CC BY-SA 4.0
prospekt:1,prospekt,"вид, перспектива",,kaikki-ru,CC BY-SA 4.0
prospekt:2,prospekt,"план (улиц, площадей, строений)",,kaikki-ru,CC BY-SA 4.0
prospekt:3,prospekt,театр. фон сцены,,kaikki-ru,CC BY-SA 4.0
prospekt:4,prospekt,"проспект (прейскурант, рекламное объявление и т. п.)",,kaikki-ru,CC BY-SA 4.0
prospekt:5,prospekt,проспект (улица),,kaikki-ru,CC BY-SA 4.0
kiosk:1,kiosk,киоск,,kaikki-ru,CC BY-SA 4.0
kiosk:2,kiosk,беседка,,kaikki-ru,CC BY-SA 4.0
absender:1,absender,отправитель; адрес отправителя (на конверте),,kaikki-ru,CC BY-SA 4.0
anruf:1,anruf,"оклик, зов",,kaikki-ru,CC BY-SA 4.0
anruf:2,anruf,"вызов, звонок (по телефону)",,kaikki-ru,CC BY-SA 4.0
formular:1,formular,"формуляр, бланк",,kaikki-ru,CC BY-SA 4.0
lokal:1,lokal,помещение,,kaikki-ru,CC BY-SA 4.0
lokal:2,lokal,"ресторан, кафе, закусочная; трактир; винный погребок",,kaikki-ru,CC BY-SA 4.0
geburtsjahr:1,geburtsjahr,год рождения,,kaikki-ru,CC BY-SA 4.0
ansage:1,ansage,"объявление, оповещение, извещение; предупреждение (о чём-л.)",,kaikki-ru,CC BY-SA 4.0
ansage:2,ansage,конферанс; объявление передачи; дикторский текст,,kaikki-ru,CC BY-SA 4.0
ansage:3,ansage,объявление игры (масти),,kaikki-ru,CC BY-SA 4.0
ansage:4,ansage,диктовка (письма машинистке),,kaikki-ru,CC BY-SA 4.0
doppelzimmer:1,doppelzimmer,двухместный номер,,kaikki-ru,CC BY-SA 4.0
partnerin:1,partnerin,партнёрша,,kaikki-ru,CC BY-SA 4.0
ticket:1,ticket,билет,,kaikki-ru,CC BY-SA 4.0
ticket:2,ticket,"наборная карта, талон в столовой, на котором указывается (проколом) стоимость купленных блюд и напитков",,kaikki-ru,CC BY-SA 4.0
anmeldung:5,anmeldung,регистрация,,рука,своё
anruf:3,anruf,звонок,,рука,своё
bett:2,bett,кровать,,рука,своё
bild:3,bild,картина,,рука,своё
blick:3,blick,вид,,рука,своё
dank:1,dank,благодарность,danke,рука,своё
dusche:3,dusche,душ,перевод может стать проблемой обратный),рука,своё
einzelzimmer:1,einzelzimmer,студия,,рука,своё
erwachsene:1,erwachsene,взрослый,,рука,своё
essen-noun:6,essen-noun,еда,,рука,своё
gleis:3,gleis,платформа,,рука,своё
groesse:3,groesse,размер,,рука,своё
hausfrau:2,hausfrau,домохощяйка,,рука,своё
herd:7,herd,плита,,рука,своё
job:1,job,работа,,рука,своё
kuehlschrank:2,kuehlschrank,холодильник,,рука,своё
laden:1,laden,"лавка, магазин",,рука,своё
lkw:1,lkw,грузовик,,рука,своё
lokal:3,lokal,место,,рука,своё
miete:8,miete,квартплата,,рука,своё
oel:4,oel,растительное масло,,рука,своё
ort:8,ort,место (населенный пункт),,рука,своё
pass:1,pass,паспорт,,рука,своё
pommes:1,pommes,картошка фри,,рука,своё
postleitzahl:2,postleitzahl,почтовый индекс,,рука,своё
praxis:3,praxis,клиника,,рука,своё
rechnung:3,rechnung,чек,,рука,своё
reisebuero:1,reisebuero,турагенство,,рука,своё
rezeption:5,rezeption,приемная,,рука,своё
schalter:3,schalter,окно №,,рука,своё
schild:9,schild,значок,,рука,своё
schluss:6,schluss,окончание,,рука,своё
sofa:2,sofa,диван,,рука,своё
taxi:1,taxi,такси,,рука,своё
verkaeufer:2,verkaeufer,продавец,,рука,своё
vermieter:2,vermieter,арендодатель,,рука,своё
wohnung:2,wohnung,квартира,,рука,своё
bahnsteig:2,bahnsteig,платформа,,рука,своё
hausfrau:3,hausfrau,домохозяйка,,рука,своё
laden:7,laden,магазин,,рука,своё
reisebuero:2,reisebuero,турагентство,,рука,своё
schwimmbad:2,schwimmbad,бассейн,,рука,своё
essen:4,essen,кушать,,рука,своё
ausfuellen:2,ausfuellen,заполнить,,рука,своё
ausmachen:6,ausmachen,выключить,,рука,своё
brauchen:5,brauchen,нуждаться,,рука,своё
buchstabieren:2,buchstabieren,прогрваривать по буквам,,рука,своё
drucken:2,drucken,печатать,,рука,своё
druecken:7,druecken,нажимать,,рука,своё
duerfen:7,duerfen,разрешается,,рука,своё
enden:3,enden,заканчивать,,рука,своё
fahren:12,fahren,ехать,под вопросом,рука,своё
fehlen:5,fehlen,ошибаться,,рука,своё
holen:1,holen,нести,,рука,своё
mieten:4,mieten,арендовать,,рука,своё
moegen:8,moegen,нравиться,,рука,своё
riechen:7,riechen,чуять запах,,рука,своё
schwimmen:3,schwimmen,плавать,,рука,своё
sollen:7,sollen,следует,,рука,своё
telefonieren:2,telefonieren,говорить по телефону,"«телефонировать» и «окликать» — не то, чем эти слова пользуются; разведены, чтобы не совпасть друг с другом",рука,своё
anrufen:4,anrufen,звонить,"«телефонировать» и «окликать» — не то, чем эти слова пользуются; разведены, чтобы не совпасть друг с другом",рука,своё
spiegel:1,spiegel,зеркало,,kaikki-ru,CC BY-SA 4.0
spiegel:2,spiegel,гидрол. зеркало (водоёма),,kaikki-ru,CC BY-SA 4.0
markt:1,markt,"рынок во всех значениях, торг",,kaikki-ru,CC BY-SA 4.0
markt:2,markt,торжище,,kaikki-ru,CC BY-SA 4.0
schnee:1,schnee,метеорол. снег,,kaikki-ru,CC BY-SA 4.0
schnee:2,schnee,"перен., жарг., разг. «снежок», наркотик в виде белого порошка, кокаин, героин",,kaikki-ru,CC BY-SA 4.0
schnee:3,schnee,перен. помехи,,kaikki-ru,CC BY-SA 4.0
schnee:4,schnee,сокращение от Eischnee,,kaikki-ru,CC BY-SA 4.0
schiff:1,schiff,"судно, корабль",,kaikki-ru,CC BY-SA 4.0
schiff:2,schiff,"архит. неф, корабль.",,kaikki-ru,CC BY-SA 4.0
boden:1,boden,"земля, грунт, почва",,kaikki-ru,CC BY-SA 4.0
boden:2,boden,пол (тж. Fußboden),,kaikki-ru,CC BY-SA 4.0
boden:3,boden,дно (ср. Meeresboden),,kaikki-ru,CC BY-SA 4.0
boden:4,boden,днище (ср. Faßboden),,kaikki-ru,CC BY-SA 4.0
boden:5,boden,регион. чердак (упрощ. от Dachboden),,kaikki-ru,CC BY-SA 4.0
herz:1,herz,анат. сердце,,kaikki-ru,CC BY-SA 4.0
herz:2,herz,"изображение, символ сердца",,kaikki-ru,CC BY-SA 4.0
herz:3,herz,"фигура, объект, предмет в форме сердца",,kaikki-ru,CC BY-SA 4.0
herz:4,herz,гастрон. сердце животных как пища,,kaikki-ru,CC BY-SA 4.0
herz:5,herz,"перен. сердце, душа, любовь; тж. как обращение",,kaikki-ru,CC BY-SA 4.0
herz:6,herz,"перен. сердце, центр",,kaikki-ru,CC BY-SA 4.0
herz:7,herz,"карт. черви, червы (масть)",,kaikki-ru,CC BY-SA 4.0
herz:8,herz,ботан. сердцевина,,kaikki-ru,CC BY-SA 4.0
wolke:1,wolke,"облако, туча",,kaikki-ru,CC BY-SA 4.0
finger:1,finger,"палец на руке, перст",,kaikki-ru,CC BY-SA 4.0
finger:2,finger,"техн. палец, кулачок, штифт",,kaikki-ru,CC BY-SA 4.0
winter:1,winter,зима,,kaikki-ru,CC BY-SA 4.0
wechselgeld:1,wechselgeld,размена о деньгах,,kaikki-ru,CC BY-SA 4.0
wechselgeld:2,wechselgeld,разг. сдача о деньгах,,kaikki-ru,CC BY-SA 4.0
krankheit:1,krankheit,"болезнь, заболевание, недуг",,kaikki-ru,CC BY-SA 4.0
gesundheit:1,gesundheit,здоровье,,kaikki-ru,CC BY-SA 4.0
gesundheit:2,gesundheit,будь(те) здоров(a/ы)!,,kaikki-ru,CC BY-SA 4.0
apotheke:1,apotheke,аптека,,kaikki-ru,CC BY-SA 4.0
sommer:1,sommer,лето,,kaikki-ru,CC BY-SA 4.0
fruehling:1,fruehling,весна,,kaikki-ru,CC BY-SA 4.0
museum:1,museum,музей,,kaikki-ru,CC BY-SA 4.0
abendessen:1,abendessen,ужин,,kaikki-ru,CC BY-SA 4.0
badezimmer:1,badezimmer,ванная комната; ванная,,kaikki-ru,CC BY-SA 4.0
bargeld:1,bargeld,наличные деньги,,kaikki-ru,CC BY-SA 4.0
ampel:1,ampel,висячая лампа,,kaikki-ru,CC BY-SA 4.0
ampel:2,ampel,светофор,,kaikki-ru,CC BY-SA 4.0
ampel:3,ampel,подвесная ваза (для цветов),,kaikki-ru,CC BY-SA 4.0
blut:1,blut,"кровь (мн. ч. только в спец. литературе, разг. только ед. ч.)",,kaikki-ru,CC BY-SA 4.0
blut:2,blut,устар. человек,,kaikki-ru,CC BY-SA 4.0
blut:3,blut,"устар. происхождение, род",,kaikki-ru,CC BY-SA 4.0
blut:4,blut,"темперамент, нрав, характер; склад души",,kaikki-ru,CC BY-SA 4.0
antrag:1,antrag,"предложение; требование; заявление, ходатайство",,kaikki-ru,CC BY-SA 4.0
antrag:2,antrag,экон. оферт (оферта),,kaikki-ru,CC BY-SA 4.0
antrag:3,antrag,предложение (о браке),,kaikki-ru,CC BY-SA 4.0
feiertag:1,feiertag,праздник,,kaikki-ru,CC BY-SA 4.0
feiertag:2,feiertag,"выходной день; нерабочий день, день отдыха",,kaikki-ru,CC BY-SA 4.0
decke:1,decke,"покров, покрытие",,kaikki-ru,CC BY-SA 4.0
decke:2,decke,"одеяло, покрывало; плед",,kaikki-ru,CC BY-SA 4.0
decke:3,decke,скатерть,,kaikki-ru,CC BY-SA 4.0
decke:4,decke,потолок,,kaikki-ru,CC BY-SA 4.0
gramm:1,gramm,грамм,,kaikki-ru,CC BY-SA 4.0
hals:1,hals,шея,,kaikki-ru,CC BY-SA 4.0
hals:2,hals,"горло, глотка",,kaikki-ru,CC BY-SA 4.0
hals:3,hals,горлышко (бутылки),,kaikki-ru,CC BY-SA 4.0
grippe:1,grippe,грипп,,kaikki-ru,CC BY-SA 4.0
haut:1,haut,анат. кожа,,kaikki-ru,CC BY-SA 4.0
haut:2,haut,"кожа (материал), шкура",,kaikki-ru,CC BY-SA 4.0
haut:3,haut,"плёнка, пенка (на жидкостях)",,kaikki-ru,CC BY-SA 4.0
haut:4,haut,"оболочка; обшивка; кожица, шкурка, кожура",,kaikki-ru,CC BY-SA 4.0
haut:5,haut,перен. жизнь; шкура; живот; голова,,kaikki-ru,CC BY-SA 4.0
jahreszeit:1,jahreszeit,время года,,kaikki-ru,CC BY-SA 4.0
herbst:1,herbst,осень,,kaikki-ru,CC BY-SA 4.0
keller:1,keller,"погреб, подвал",,kaikki-ru,CC BY-SA 4.0
keller:2,keller,"воен., сокр. от Luftschutzkeller: бомбоубежище (подвального типа)",,kaikki-ru,CC BY-SA 4.0
keller:3,keller,"информ. то же, что стек; структура данных",,kaikki-ru,CC BY-SA 4.0
nachbar:1,nachbar,сосед,,kaikki-ru,CC BY-SA 4.0
nachbar:2,nachbar,"в качестве приставки «Nachbar-»: соседний, соседский; в качестве приставки «Nachbars-»: соседский",,kaikki-ru,CC BY-SA 4.0
nachbarin:1,nachbarin,соседка,,kaikki-ru,CC BY-SA 4.0
nachmittag:1,nachmittag,послеобеденное время,,kaikki-ru,CC BY-SA 4.0
nachmittag:2,nachmittag,"пополудни, время после полудня, вторая половина дня, после полудня",,kaikki-ru,CC BY-SA 4.0
nacht:1,nacht,ночь,,kaikki-ru,CC BY-SA 4.0
nacht:2,nacht,"перен. тьма, темнота, мрак",,kaikki-ru,CC BY-SA 4.0
kilo:1,kilo,разг. кило,,kaikki-ru,CC BY-SA 4.0
liter:1,liter,литр,,kaikki-ru,CC BY-SA 4.0
nase:1,nase,анат. нос,,kaikki-ru,CC BY-SA 4.0
nase:2,nase,"чутьё, нюх, обоняние",,kaikki-ru,CC BY-SA 4.0
nase:3,nase,"носовая (передняя) часть, нос (судна, самолёта и т. п.)",,kaikki-ru,CC BY-SA 4.0
nase:4,nase,"предмет, объект похожий на нос",,kaikki-ru,CC BY-SA 4.0
nase:5,nase,ихтиол. обыкновенный подуст (Chondrostoma nasus),,kaikki-ru,CC BY-SA 4.0
knie:1,knie,анат. колено,,kaikki-ru,CC BY-SA 4.0
knie:2,knie,перен. колено (часть одежды),,kaikki-ru,CC BY-SA 4.0
knie:3,knie,"изгиб (реки, дороги и т. п.), лука́",,kaikki-ru,CC BY-SA 4.0
knie:4,knie,техн. колено (трубы),,kaikki-ru,CC BY-SA 4.0
medikament:1,medikament,"мед., фарм. медикамент, лекарство",,kaikki-ru,CC BY-SA 4.0
ohr:1,ohr,"анат. ухо, ушная раковина",,kaikki-ru,CC BY-SA 4.0
ohr:2,ohr,слух,,kaikki-ru,CC BY-SA 4.0
ohr:3,ohr,"техн. ушко, глазок, проушина, серьга",,kaikki-ru,CC BY-SA 4.0
ohr:4,ohr,загнутый угол страницы,,kaikki-ru,CC BY-SA 4.0
onkel:1,onkel,дядя (брат отца или матери),,kaikki-ru,CC BY-SA 4.0
krankenhaus:1,krankenhaus,мед. больница; лечебница,,kaikki-ru,CC BY-SA 4.0
mittag:1,mittag,полдень,,kaikki-ru,CC BY-SA 4.0
mittag:2,mittag,"юг, полуденные страны",,kaikki-ru,CC BY-SA 4.0
mittag:3,mittag,обед; обеденный перерыв,,kaikki-ru,CC BY-SA 4.0
mittagessen:1,mittagessen,обед (еда),,kaikki-ru,CC BY-SA 4.0
regal:1,regal,шкаф полка для книг,,kaikki-ru,CC BY-SA 4.0
motorrad:1,motorrad,мотоцикл,,kaikki-ru,CC BY-SA 4.0
schein:1,schein,"свет, сияние; мерцание; блеск (металла и т. п.)",,kaikki-ru,CC BY-SA 4.0
schein:2,schein,"внешность, внешний вид",,kaikki-ru,CC BY-SA 4.0
schein:3,schein,видимость,,kaikki-ru,CC BY-SA 4.0
schein:4,schein,"свидетельство, удостоверение",,kaikki-ru,CC BY-SA 4.0
schein:5,schein,"расписка, квитанция",,kaikki-ru,CC BY-SA 4.0
schein:6,schein,"сокр. от Geldschein; купюра, банкнота",,kaikki-ru,CC BY-SA 4.0
tante:1,tante,"тётя, тётка (родственница)",,kaikki-ru,CC BY-SA 4.0
tante:2,tante,тётя (незнакомая женщина),,kaikki-ru,CC BY-SA 4.0
tante:3,tante,"разг. баба, девка",,kaikki-ru,CC BY-SA 4.0
richtung:1,richtung,"направление, курс",,kaikki-ru,CC BY-SA 4.0
richtung:2,richtung,"направление, течение (в искусстве, политике и т. п.)",,kaikki-ru,CC BY-SA 4.0
richtung:3,richtung,воен. равнение,,kaikki-ru,CC BY-SA 4.0
richtung:4,richtung,выравнивание,,kaikki-ru,CC BY-SA 4.0
schlafzimmer:1,schlafzimmer,спальня,,kaikki-ru,CC BY-SA 4.0
temperatur:1,temperatur,физ. температура,,kaikki-ru,CC BY-SA 4.0
temperatur:2,temperatur,"мед., разг. температура, жар",,kaikki-ru,CC BY-SA 4.0
schmerz:1,schmerz,физиол. боль,,kaikki-ru,CC BY-SA 4.0
schmerz:2,schmerz,"перен. скорбь, горе, печаль",,kaikki-ru,CC BY-SA 4.0
schokolade:1,schokolade,шоколад,,kaikki-ru,CC BY-SA 4.0
wand:1,wand,стена,,kaikki-ru,CC BY-SA 4.0
zahn:1,zahn,анат. зуб,,kaikki-ru,CC BY-SA 4.0
zahn:2,zahn,"техн. зуб, зубец (механизма, режущего инструмента, шестерни и т. п.)",,kaikki-ru,CC BY-SA 4.0
zahn:3,zahn,"зубец (напр., у почтовой марки); выступ, зубчатая часть",,kaikki-ru,CC BY-SA 4.0
zahn:4,zahn,разг. высокая скорость,,kaikki-ru,CC BY-SA 4.0
zahn:5,zahn,"разг., устар. девушка, молоденькая женщина",,kaikki-ru,CC BY-SA 4.0
wochenende:1,wochenende,"выходные, уик-энд, конец недели",,kaikki-ru,CC BY-SA 4.0
wohnzimmer:1,wohnzimmer,жилая комната,,kaikki-ru,CC BY-SA 4.0
wohnzimmer:2,wohnzimmer,гостиная,,kaikki-ru,CC BY-SA 4.0
wurst:1,wurst,колбаса,,kaikki-ru,CC BY-SA 4.0
wurst:2,wurst,техн. цилиндрическая фашина,,kaikki-ru,CC BY-SA 4.0
zucker:1,zucker,сахар,,kaikki-ru,CC BY-SA 4.0
zucker:2,zucker,"хим. сахар, углевод, сахариды",,kaikki-ru,CC BY-SA 4.0
zucker:3,zucker,разг. ед. ч. (сахарный) диабет (сокр. от Zuckerkrankheit),,kaikki-ru,CC BY-SA 4.0
zucker:4,zucker,"мед.жарг. ед. ч. содержание, уровень сахара (глюкозы) в крови (сокр. от Blutzuckerspiegel)",,kaikki-ru,CC BY-SA 4.0
vormittag:1,vormittag,"дополуденное время, первая половина дня, до обеда",,kaikki-ru,CC BY-SA 4.0
supermarkt:1,supermarkt,супермаркет,,kaikki-ru,CC BY-SA 4.0
suppe:1,suppe,"гастрон. суп, похлёбка",,kaikki-ru,CC BY-SA 4.0
suppe:2,suppe,"разг. жижа, слякоть, месиво",,kaikki-ru,CC BY-SA 4.0
suppe:3,suppe,"разг. густой туман, молоко",,kaikki-ru,CC BY-SA 4.0
bruecke:1,bruecke,мост,,kaikki-ru,CC BY-SA 4.0
buero:1,buero,"бюро, офис, рабочее место",,kaikki-ru,CC BY-SA 4.0
gebuehr:1,gebuehr,"плата, взнос",,kaikki-ru,CC BY-SA 4.0
erkaeltung:1,erkaeltung,мед. простуда,,kaikki-ru,CC BY-SA 4.0
muenze:1,muenze,монета,,kaikki-ru,CC BY-SA 4.0
muenze:2,muenze,медаль,,kaikki-ru,CC BY-SA 4.0
muenze:3,muenze,жетон для автоматов,,kaikki-ru,CC BY-SA 4.0
muenze:4,muenze,перен. материальная выгода,,kaikki-ru,CC BY-SA 4.0
koerper:1,koerper,"анат. тело, туловище, корпус; организм",,kaikki-ru,CC BY-SA 4.0
koerper:2,koerper,физ. матем. тело,,kaikki-ru,CC BY-SA 4.0
koerper:3,koerper,"живоп. колоритность, сочность",,kaikki-ru,CC BY-SA 4.0
koerper:4,koerper,"то же, что Körperschaft (корпорация)",,kaikki-ru,CC BY-SA 4.0
stueck:1,stueck,кусок; часть,,kaikki-ru,CC BY-SA 4.0
stueck:2,stueck,штука (единица счёта); экземпляр,,kaikki-ru,CC BY-SA 4.0
stueck:3,stueck,муз. пьеса,,kaikki-ru,CC BY-SA 4.0
ruecken:1,ruecken,"спина, хребет",,kaikki-ru,CC BY-SA 4.0
ruecken:2,ruecken,воен. тыл,,kaikki-ru,CC BY-SA 4.0
ruecken:3,ruecken,"спинка (одежды, мебели и т. п.)",,kaikki-ru,CC BY-SA 4.0
ruecken:4,ruecken,"горный хребет, гребень",,kaikki-ru,CC BY-SA 4.0
ruecken:5,ruecken,корешок (книги),,kaikki-ru,CC BY-SA 4.0
ruecken:6,ruecken,тыльная сторона (руки); подъём (стопы),,kaikki-ru,CC BY-SA 4.0
ruecken:7,ruecken,обух (топора); тупая сторона (ножа),,kaikki-ru,CC BY-SA 4.0
fuehrerschein:1,fuehrerschein,"водительское удостоверение, водительские права",,kaikki-ru,CC BY-SA 4.0
flur:1,flur,передняя; прихожая; холл; вестибюль; сени,,kaikki-ru,CC BY-SA 4.0
flur:2,flur,коридор,,kaikki-ru,CC BY-SA 4.0
lohn:1,lohn,"заработная плата, зарплата; жалованье",,kaikki-ru,CC BY-SA 4.0
lohn:2,lohn,"награда, вознаграждение",,kaikki-ru,CC BY-SA 4.0
lohn:3,lohn,перен. возмездие,,kaikki-ru,CC BY-SA 4.0
tankstelle:1,tankstelle,"бензозаправка, бензоколонка",,kaikki-ru,CC BY-SA 4.0
teppich:1,teppich,ковёр,,kaikki-ru,CC BY-SA 4.0
theater:1,theater,"театр (здание, в котором ставятся спектакли)",,kaikki-ru,CC BY-SA 4.0
theater:2,theater,"театральное представление, спектакль",,kaikki-ru,CC BY-SA 4.0
theater:3,theater,"театр (учреждение культуры, организация)",,kaikki-ru,CC BY-SA 4.0
theater:4,theater,театр (коллектив театра),,kaikki-ru,CC BY-SA 4.0
theater:5,theater,"театр, театральное искусство, сцена",,kaikki-ru,CC BY-SA 4.0
theater:6,theater,"перен. разг. неодобр. комедия (притворство), театральность",,kaikki-ru,CC BY-SA 4.0
theater:7,theater,"перен. разг. сцена, скандал, представление, шум",,kaikki-ru,CC BY-SA 4.0
universitaet:1,universitaet,университет,,kaikki-ru,CC BY-SA 4.0
universitaet:2,universitaet,собир. университет (преподаватели и студенты),,kaikki-ru,CC BY-SA 4.0
universitaet:3,universitaet,университет (о здании учебного заведения),,kaikki-ru,CC BY-SA 4.0
duschen:1,duschen,sich ~ принимать душ,,kaikki-ru,CC BY-SA 4.0
duschen:2,duschen,поставить под душ,,kaikki-ru,CC BY-SA 4.0
duschen:3,duschen,"перен. охладить (чей-л.) пыл, вылить (кому-л.) ушат холодной воды на голову",,kaikki-ru,CC BY-SA 4.0
putzen:1,putzen,"чистить, очищать",,kaikki-ru,CC BY-SA 4.0
setzen:1,setzen,"сажать (посадить); ставить; устанавливать; класть, помещать",,kaikki-ru,CC BY-SA 4.0
setzen:2,setzen,сажать (растения),,kaikki-ru,CC BY-SA 4.0
setzen:3,setzen,делать ставку (в игре),,kaikki-ru,CC BY-SA 4.0
setzen:4,setzen,полигр. набирать,,kaikki-ru,CC BY-SA 4.0
setzen:5,setzen,класть на музыку (текст),,kaikki-ru,CC BY-SA 4.0
setzen:6,setzen,"приносить детёнышей, котиться (о зайцах и т. п.)",,kaikki-ru,CC BY-SA 4.0
setzen:7,setzen,"неперех. перескакивать, перепрыгивать (через что-либо); преодолевать (что-либо)",,kaikki-ru,CC BY-SA 4.0
setzen:8,setzen,садиться,,kaikki-ru,CC BY-SA 4.0
setzen:9,setzen,"оседать, отстаиваться, опадать, спадать",,kaikki-ru,CC BY-SA 4.0
abbiegen:1,abbiegen,"отгибать, разгибать гнуть, изгибать, искривлять, деформировать протяженный объект, придавая ему дугообразную форму или излом",,kaikki-ru,CC BY-SA 4.0
abbiegen:2,abbiegen,"поворачивать, сворачивать, менять направление своего движения или течения",,kaikki-ru,CC BY-SA 4.0
abbiegen:3,abbiegen,"перен. разг. отвести, предупредить (что-либо неприятное)",,kaikki-ru,CC BY-SA 4.0
abbiegen:4,abbiegen,форма настоящего времени первого лица множественного числа изъявительного наклонения глагола abbiegen,,kaikki-ru,CC BY-SA 4.0
abbiegen:5,abbiegen,форма настоящего времени третьего лица множественного числа изъявительного наклонения глагола abbiegen,,kaikki-ru,CC BY-SA 4.0
aufwachen:1,aufwachen,"просыпа́ться, пробуждаться",,kaikki-ru,CC BY-SA 4.0
ausziehen:1,ausziehen,съезжать,,kaikki-ru,CC BY-SA 4.0
ausziehen:2,ausziehen,форма настоящего времени первого лица множественного числа изъявительного наклонения глагола ausziehen,,kaikki-ru,CC BY-SA 4.0
ausziehen:3,ausziehen,форма настоящего времени третьего лица множественного числа изъявительного наклонения глагола ausziehen,,kaikki-ru,CC BY-SA 4.0
backen:1,backen,"печь, выпекать (хлеб); запекать (рыбу, мясо); жарить (блины, рыбу); сушить (фрукты)",,kaikki-ru,CC BY-SA 4.0
backen:2,backen,техн. спекать; коксовать (уголь); обжигать (кирпич); цементировать (железо при закалке),,kaikki-ru,CC BY-SA 4.0
husten:1,husten,кашлять,,kaikki-ru,CC BY-SA 4.0
sparen:1,sparen,"экономить, сберегать, копить",,kaikki-ru,CC BY-SA 4.0
sparen:2,sparen,"sich + A + sparen: обходиться без; держать при себе шутку, сарказм и т. п.; не напрягаться, не стараться (зря)",,kaikki-ru,CC BY-SA 4.0
tragen:1,tragen,"носить, нести; переносить; держать",,kaikki-ru,CC BY-SA 4.0
tragen:2,tragen,"носить (одежду, причёску и т. п.)",,kaikki-ru,CC BY-SA 4.0
tragen:3,tragen,"перен. носить в себе, вынашивать",,kaikki-ru,CC BY-SA 4.0
tragen:4,tragen,"иметь, обладать",,kaikki-ru,CC BY-SA 4.0
tragen:5,tragen,"переносить, передавать, распространять",,kaikki-ru,CC BY-SA 4.0
tragen:6,tragen,"приносить, давать (плоды, доход и т. п.)",,kaikki-ru,CC BY-SA 4.0
tragen:7,tragen,"переносить, терпеть, испытывать",,kaikki-ru,CC BY-SA 4.0
waschen:1,waschen,мыть; стирать; обмывать; промывать,,kaikki-ru,CC BY-SA 4.0
waschen:2,waschen,"горн. промывать, обогащать промывкой",,kaikki-ru,CC BY-SA 4.0
waschen:3,waschen,"диал. сплетничать, болтать (о чём-л.)",,kaikki-ru,CC BY-SA 4.0
waschen:4,waschen,"(sich) мыться, умываться",,kaikki-ru,CC BY-SA 4.0
wechseln:1,wechseln,менять; обменивать,,kaikki-ru,CC BY-SA 4.0
wechseln:2,wechseln,обмениваться (чем-л.),,kaikki-ru,CC BY-SA 4.0
wechseln:3,wechseln,"разменивать, менять (деньги)",,kaikki-ru,CC BY-SA 4.0
wechseln:4,wechseln,меняться,,kaikki-ru,CC BY-SA 4.0
wechseln:5,wechseln,"(mit D) чередоваться (с кем-л., с чем-л.); сменяться (чем-л.)",,kaikki-ru,CC BY-SA 4.0
wechseln:6,wechseln,менять местожительство; блуждать; кочевать,,kaikki-ru,CC BY-SA 4.0
wechseln:7,wechseln,кружить (о преследуемой дичи); менять место,,kaikki-ru,CC BY-SA 4.0
ziehen:1,ziehen,"тянуть (за собой), тащить",,kaikki-ru,CC BY-SA 4.0
ziehen:2,ziehen,дёргать,,kaikki-ru,CC BY-SA 4.0
ziehen:3,ziehen,"вытаскивать, вынимать; выдёргивать, вырывать; доставать",,kaikki-ru,CC BY-SA 4.0
ziehen:4,ziehen,натягивать; надевать; нанизывать,,kaikki-ru,CC BY-SA 4.0
ziehen:5,ziehen,"стаскивать, снимать",,kaikki-ru,CC BY-SA 4.0
alltag:1,alltag,"будний день, будни",,kaikki-ru,CC BY-SA 4.0
alltag:2,alltag,"перен. быт, обиход, повседневная жизнь",,kaikki-ru,CC BY-SA 4.0
aufenthalt:1,aufenthalt,пребывание,,kaikki-ru,CC BY-SA 4.0
aufenthalt:2,aufenthalt,остановка,,kaikki-ru,CC BY-SA 4.0
aufenthalt:3,aufenthalt,стоянка,,kaikki-ru,CC BY-SA 4.0
aufenthalt:4,aufenthalt,задержка,,kaikki-ru,CC BY-SA 4.0
aufenthalt:5,aufenthalt,ожидание,,kaikki-ru,CC BY-SA 4.0
kaese:1,kaese,сыр,,kaikki-ru,CC BY-SA 4.0
kaese:2,kaese,творог,,kaikki-ru,CC BY-SA 4.0
kaese:3,kaese,"разг. бессмыслица, вздор, нелепость, чепуха, ерунда",,kaikki-ru,CC BY-SA 4.0
tablette:1,tablette,мед. таблетка,,kaikki-ru,CC BY-SA 4.0
parkplatz:1,parkplatz,"парковка, стоянка (место стоянки автомобилей)",,kaikki-ru,CC BY-SA 4.0
kinderzimmer:1,kinderzimmer,детская комната,,kaikki-ru,CC BY-SA 4.0
ueberweisung:1,ueberweisung,"перевод, перечисление (денег)",,kaikki-ru,CC BY-SA 4.0
ueberweisung:2,ueberweisung,"передача, отсылка, направление (кого-л., чего-л., напр. к врачу, на лечение и т. д.)",,kaikki-ru,CC BY-SA 4.0
ueberweisung:3,ueberweisung,"устар. уличение, изобличение",,kaikki-ru,CC BY-SA 4.0
fahrplan:1,fahrplan,"расписание, график (движения транспорта)",,kaikki-ru,CC BY-SA 4.0
staatsangehoerigkeit:1,staatsangehoerigkeit,"гражданство, подданство",,kaikki-ru,CC BY-SA 4.0
kreuzung:1,kreuzung,"пересечение, скрещение (напр., дорог, путей); перекрёсток; переезд",,kaikki-ru,CC BY-SA 4.0
kreuzung:2,kreuzung,ж.-д. рельсовая крестовина,,kaikki-ru,CC BY-SA 4.0
kreuzung:3,kreuzung,эл.-техн. транспозиция (проводов линии передачи),,kaikki-ru,CC BY-SA 4.0
kreuzung:4,kreuzung,"биол., с.-х. скрещивание, метизация",,kaikki-ru,CC BY-SA 4.0
kreuzung:5,kreuzung,"мед. перекрест (напр., зрительных нервов, нервных волокон в нервной ткани)",,kaikki-ru,CC BY-SA 4.0
anziehen:1,anziehen,"одевать, облачать (кого-л.); надевать (одежду)",,kaikki-ru,CC BY-SA 4.0
anziehen:2,anziehen,притягивать,,kaikki-ru,CC BY-SA 4.0
anziehen:3,anziehen,"привлекать, интересовать; пленять",,kaikki-ru,CC BY-SA 4.0
anziehen:4,anziehen,"высок. приводить, цитировать; ссылаться (на что-либо)",,kaikki-ru,CC BY-SA 4.0
anziehen:5,anziehen,"натягивать, подтягивать; зажимать; подвинчивать",,kaikki-ru,CC BY-SA 4.0
anziehen:6,anziehen,"тянуть, трогать, приводить в движение",,kaikki-ru,CC BY-SA 4.0
anziehen:7,anziehen,"(s) (тж. angezogen kommen) приближаться, надвигаться",,kaikki-ru,CC BY-SA 4.0
anziehen:8,anziehen,"(h) подниматься, расти (б. ч. о ценах); усиливаться, обостряться",,kaikki-ru,CC BY-SA 4.0
anziehen:9,anziehen,"(h) тянуть, трогать с места",,kaikki-ru,CC BY-SA 4.0
anziehen:10,anziehen,(h) начинать действовать; забирать (разг.),,kaikki-ru,CC BY-SA 4.0
anziehen:11,anziehen,(h) схватываться (о цементе),,kaikki-ru,CC BY-SA 4.0
anziehen:12,anziehen,(h) делать первый ход (в шахматах),,kaikki-ru,CC BY-SA 4.0
anziehen:13,anziehen,(h) брать след (о собаке),,kaikki-ru,CC BY-SA 4.0
anziehen:14,anziehen,ускорять темп,,kaikki-ru,CC BY-SA 4.0
anziehen:15,anziehen,sich ~ одеваться,,kaikki-ru,CC BY-SA 4.0
anziehen:16,anziehen,sich ~ подтягиваться,,kaikki-ru,CC BY-SA 4.0
anziehen:17,anziehen,форма настоящего времени первого лица множественного числа изъявительного наклонения глагола anziehen,,kaikki-ru,CC BY-SA 4.0
anziehen:18,anziehen,форма настоящего времени третьего лица множественного числа изъявительного наклонения глагола anziehen,,kaikki-ru,CC BY-SA 4.0
aufraeumen:1,aufraeumen,"убирать, прибирать; делать уборку, наводить порядок; расчищать, производить расчистку",,kaikki-ru,CC BY-SA 4.0
aufraeumen:2,aufraeumen,"(mit D) покончить (с чем-л., с кем-л.), положить конец (чему-л.)",,kaikki-ru,CC BY-SA 4.0
aufraeumen:3,aufraeumen,производить опустошения; свирепствовать,,kaikki-ru,CC BY-SA 4.0
besprechung:1,besprechung,обсуждение; дискуссия,,kaikki-ru,CC BY-SA 4.0
besprechung:2,besprechung,"совещание, конференция",,kaikki-ru,CC BY-SA 4.0
besprechung:3,besprechung,рецензия; рецензирование,,kaikki-ru,CC BY-SA 4.0
besprechung:4,besprechung,"заклинание, заговор",,kaikki-ru,CC BY-SA 4.0
umsteigen:1,umsteigen,"(in A) пересаживаться, пересесть (на другой поезд, в другой вагон)",,kaikki-ru,CC BY-SA 4.0
umsteigen:2,umsteigen,форма настоящего времени первого лица множественного числа изъявительного наклонения глагола umsteigen,,kaikki-ru,CC BY-SA 4.0
umsteigen:3,umsteigen,форма настоящего времени третьего лица множественного числа изъявительного наклонения глагола umsteigen,,kaikki-ru,CC BY-SA 4.0
abheben:1,abheben,снимать; приподнимать,,kaikki-ru,CC BY-SA 4.0
abheben:2,abheben,"отрываться от земли, подниматься в воздух",,kaikki-ru,CC BY-SA 4.0
abheben:3,abheben,(sich) (von D) выделяться (на фоне чего-л.),,kaikki-ru,CC BY-SA 4.0
uhrzeit:1,uhrzeit,время (по часам); час,,kaikki-ru,CC BY-SA 4.0
rezept:1,rezept,"рецепт, предписание (врача); способ приготовления",,kaikki-ru,CC BY-SA 4.0
geburtsdatum:1,geburtsdatum,дата рождения,,kaikki-ru,CC BY-SA 4.0
packung:1,packung,упаковка (тара),,kaikki-ru,CC BY-SA 4.0
packung:2,packung,пачка,,kaikki-ru,CC BY-SA 4.0
packung:3,packung,"упаковка, укладка",,kaikki-ru,CC BY-SA 4.0
packung:4,packung,"мед. обёртывание, укутывание",,kaikki-ru,CC BY-SA 4.0
packung:5,packung,"техн. набивка, уплотнение; прокладка",,kaikki-ru,CC BY-SA 4.0
kreditkarte:1,kreditkarte,кредитная карточка,,kaikki-ru,CC BY-SA 4.0
visum:1,visum,виза,,kaikki-ru,CC BY-SA 4.0
cent:1,cent,цент (монета),,kaikki-ru,CC BY-SA 4.0
nudeln:1,nudeln,"форма именительного, родительного, дательного или винительного падежа множественного числа существительного Nudel",,kaikki-ru,CC BY-SA 4.0
kosten-noun:1,kosten-noun,затраты,,kaikki-ru,CC BY-SA 4.0
weg-noun:1,weg-noun,"дорога, путь",,kaikki-ru,CC BY-SA 4.0
weg-noun:2,weg-noun,"путь, направление",,kaikki-ru,CC BY-SA 4.0
weg-noun:3,weg-noun,"путь; поездка, путешествие",,kaikki-ru,CC BY-SA 4.0
weg-noun:4,weg-noun,"путь, расстояние",,kaikki-ru,CC BY-SA 4.0
weg-noun:5,weg-noun,"путь, способ, средство",,kaikki-ru,CC BY-SA 4.0
husten-noun:1,husten-noun,кашель,,kaikki-ru,CC BY-SA 4.0
wehtun:1,wehtun,болеть,в русском Wiktionary статьи нет: пишется раздельно (weh tun),рука,своё
